-- MySQL dump 10.14  Distrib 5.5.68-MariaDB, for Linux (x86_64)
--
-- Host: localhost    Database: SCAE
-- ------------------------------------------------------
-- Server version	5.5.68-MariaDB

/*!40101 SET @OLD_CHARACTER_SET_CLIENT=@@CHARACTER_SET_CLIENT */;
/*!40101 SET @OLD_CHARACTER_SET_RESULTS=@@CHARACTER_SET_RESULTS */;
/*!40101 SET @OLD_COLLATION_CONNECTION=@@COLLATION_CONNECTION */;
/*!40101 SET NAMES utf8 */;
/*!40103 SET @OLD_TIME_ZONE=@@TIME_ZONE */;
/*!40103 SET TIME_ZONE='+00:00' */;
/*!40014 SET @OLD_UNIQUE_CHECKS=@@UNIQUE_CHECKS, UNIQUE_CHECKS=0 */;
/*!40014 SET @OLD_FOREIGN_KEY_CHECKS=@@FOREIGN_KEY_CHECKS, FOREIGN_KEY_CHECKS=0 */;
/*!40101 SET @OLD_SQL_MODE=@@SQL_MODE, SQL_MODE='NO_AUTO_VALUE_ON_ZERO' */;
/*!40111 SET @OLD_SQL_NOTES=@@SQL_NOTES, SQL_NOTES=0 */;

--
-- Current Database: `SCAE`
--


--
-- Table structure for table `biometrico`
--

DROP TABLE IF EXISTS `biometrico`;
/*!40101 SET @saved_cs_client     = @@character_set_client */;
/*!40101 SET character_set_client = utf8 */;
CREATE TABLE `biometrico` (
  `idbiometrico` int(11) NOT NULL AUTO_INCREMENT,
  `idvisita` int(11) NOT NULL,
  `tipo` enum('TEMP','PRES','OXI') DEFAULT 'TEMP',
  `valor` varchar(10) DEFAULT NULL,
  PRIMARY KEY (`idbiometrico`) USING BTREE,
  KEY `FK_biometrico_visita` (`idvisita`),
  CONSTRAINT `FK_biometrico_visita` FOREIGN KEY (`idvisita`) REFERENCES `visita` (`idvisita`) ON DELETE CASCADE ON UPDATE CASCADE
) ENGINE=InnoDB AUTO_INCREMENT=1648 DEFAULT CHARSET=utf8;
/*!40101 SET character_set_client = @saved_cs_client */;

--
-- Dumping data for table `biometrico`
--

LOCK TABLES `biometrico` WRITE;
/*!40000 ALTER TABLE `biometrico` DISABLE KEYS */;
INSERT INTO `biometrico` VALUES (475,857,'TEMP','35'),(476,858,'TEMP','35'),(477,859,'TEMP','35'),(478,860,'TEMP','35'),(479,861,'TEMP','35'),(480,862,'TEMP','35'),(481,863,'TEMP','35'),(482,864,'TEMP','35'),(483,865,'TEMP','35'),(484,866,'TEMP','35'),(485,867,'TEMP','35'),(486,868,'TEMP','35'),(487,869,'TEMP','35'),(488,870,'TEMP','35'),(489,871,'TEMP','35'),(490,872,'TEMP','35'),(491,873,'TEMP','35'),(492,874,'TEMP','35'),(493,875,'TEMP','35'),(494,876,'TEMP','36'),(495,877,'TEMP','36'),(496,878,'TEMP','39'),(497,879,'TEMP','39'),(498,880,'TEMP','39'),(499,881,'TEMP','39'),(500,882,'TEMP','39'),(501,883,'TEMP','39'),(502,884,'TEMP','39'),(503,885,'TEMP','39'),(504,886,'TEMP','39'),(505,887,'TEMP','39'),(506,888,'TEMP','39'),(507,889,'TEMP','39'),(508,890,'TEMP','39'),(509,891,'TEMP','39'),(510,892,'TEMP','39'),(511,893,'TEMP','39'),(512,894,'TEMP','35'),(513,895,'TEMP','35'),(514,896,'TEMP','35'),(515,897,'TEMP','35'),(516,898,'TEMP','39'),(517,899,'TEMP','39'),(518,900,'TEMP','39'),(519,901,'TEMP','39'),(520,902,'TEMP','39'),(521,903,'TEMP','39'),(522,904,'TEMP','39'),(523,905,'TEMP','39'),(524,906,'TEMP','39'),(525,907,'TEMP','39'),(526,908,'TEMP','39'),(527,909,'TEMP','39'),(528,910,'TEMP','39'),(529,911,'TEMP','39'),(530,912,'TEMP','39'),(531,913,'TEMP','39'),(532,914,'TEMP','39'),(533,915,'TEMP','39'),(535,917,'TEMP','39'),(536,918,'TEMP','39'),(537,919,'TEMP','39'),(538,920,'TEMP','39'),(539,921,'TEMP','39'),(540,922,'TEMP','39'),(541,923,'TEMP','39'),(542,924,'TEMP','39'),(543,925,'TEMP','39'),(544,926,'TEMP','39'),(545,927,'TEMP','39'),(546,928,'TEMP','39'),(547,929,'TEMP','39'),(548,930,'TEMP','36'),(549,931,'TEMP','36'),(550,932,'TEMP','36'),(551,933,'TEMP','36'),(552,934,'TEMP','36'),(553,935,'TEMP','36'),(554,936,'TEMP','36'),(555,937,'TEMP','36'),(556,938,'TEMP','36'),(557,939,'TEMP','36'),(558,940,'TEMP','36'),(559,941,'TEMP','36'),(560,942,'TEMP','36'),(561,943,'TEMP','36'),(562,944,'TEMP','36'),(563,945,'TEMP','36'),(564,946,'TEMP','36'),(565,947,'TEMP','36'),(566,948,'TEMP','36'),(567,949,'TEMP','36'),(568,950,'TEMP','36'),(569,951,'TEMP','36'),(570,952,'TEMP','36'),(571,953,'TEMP','36'),(572,954,'TEMP','36'),(573,955,'TEMP','36'),(574,956,'TEMP','36'),(575,957,'TEMP','36'),(576,958,'TEMP','36'),(577,959,'TEMP','36'),(578,960,'TEMP','36'),(579,961,'TEMP','36'),(580,962,'TEMP','36'),(581,963,'TEMP','36'),(582,964,'TEMP','36'),(583,965,'TEMP','36'),(584,966,'TEMP','36'),(585,967,'TEMP','36'),(586,968,'TEMP','36'),(587,969,'TEMP','36'),(588,970,'TEMP','36'),(589,971,'TEMP','36'),(590,972,'TEMP','39'),(591,973,'TEMP','39'),(592,974,'TEMP','39'),(593,975,'TEMP','39'),(594,976,'TEMP','39'),(595,977,'TEMP','39'),(596,978,'TEMP','39'),(597,979,'TEMP','39'),(598,980,'TEMP','39'),(599,981,'TEMP','39'),(600,982,'TEMP','39'),(601,983,'TEMP','39'),(602,984,'TEMP','39'),(603,985,'TEMP','39'),(604,986,'TEMP','39'),(605,987,'TEMP','39'),(606,988,'TEMP','39'),(607,989,'TEMP','39'),(608,990,'TEMP','39'),(609,991,'TEMP','39'),(610,992,'TEMP','36'),(611,993,'TEMP','36'),(612,994,'TEMP','36'),(613,995,'TEMP','36'),(614,996,'TEMP','36'),(615,997,'TEMP','36'),(616,998,'TEMP','36'),(617,999,'TEMP','36'),(618,1000,'TEMP','36'),(619,1001,'TEMP','36'),(620,1002,'TEMP','36'),(621,1003,'TEMP','36'),(622,1004,'TEMP','36'),(623,1005,'TEMP','36'),(624,1006,'TEMP','36'),(625,1007,'TEMP','36'),(626,1008,'TEMP','36'),(627,1009,'TEMP','36'),(628,1010,'TEMP','36'),(629,1011,'TEMP','36'),(630,1012,'TEMP','36'),(631,1013,'TEMP','36'),(632,1014,'TEMP','36'),(633,1015,'TEMP','36'),(634,1016,'TEMP','35'),(635,1017,'TEMP','35'),(636,1018,'TEMP','35'),(637,1019,'TEMP','35'),(638,1020,'TEMP','35'),(639,1021,'TEMP','35'),(640,1022,'TEMP','35'),(641,1023,'TEMP','35'),(642,1024,'TEMP','35'),(643,1025,'TEMP','35'),(644,1026,'TEMP','35'),(645,1027,'TEMP','35'),(646,1028,'TEMP','35'),(647,1029,'TEMP','35'),(648,1030,'TEMP','35'),(649,1031,'TEMP','35'),(650,1032,'TEMP','35'),(651,1033,'TEMP','35'),(652,1034,'TEMP','35'),(653,1035,'TEMP','35'),(654,1036,'TEMP','35'),(655,1037,'TEMP','35'),(656,1038,'TEMP','35'),(657,1039,'TEMP','35'),(658,1040,'TEMP','35'),(659,1041,'TEMP','35'),(660,1042,'TEMP','36'),(661,1043,'TEMP','36'),(662,1044,'TEMP','36'),(663,1045,'TEMP','36'),(664,1046,'TEMP','36'),(665,1047,'TEMP','36'),(666,1048,'TEMP','36'),(667,1049,'TEMP','36'),(668,1050,'TEMP','36'),(669,1051,'TEMP','36'),(670,1052,'TEMP','36'),(671,1053,'TEMP','36'),(672,1054,'TEMP','36'),(673,1055,'TEMP','36'),(674,1056,'TEMP','36'),(675,1057,'TEMP','36'),(676,1058,'TEMP','36'),(677,1059,'TEMP','36'),(678,1060,'TEMP','36'),(679,1061,'TEMP','36'),(680,1062,'TEMP','36'),(681,1063,'TEMP','36'),(682,1064,'TEMP','36'),(683,1065,'TEMP','36'),(684,1066,'TEMP','36'),(685,1067,'TEMP','36'),(686,1068,'TEMP','36'),(687,1069,'TEMP','36'),(688,1070,'TEMP','36'),(689,1071,'TEMP','36'),(690,1072,'TEMP','36'),(691,1073,'TEMP','36'),(692,1074,'TEMP','36'),(693,1075,'TEMP','36'),(694,1076,'TEMP','36'),(695,1077,'TEMP','36'),(696,1078,'TEMP','36'),(697,1079,'TEMP','36'),(698,1080,'TEMP','36'),(699,1081,'TEMP','36'),(700,1082,'TEMP','36'),(701,1083,'TEMP','36'),(702,1084,'TEMP','36'),(703,1085,'TEMP','36'),(704,1086,'TEMP','36'),(705,1087,'TEMP','36'),(706,1088,'TEMP','36'),(707,1089,'TEMP','36'),(708,1090,'TEMP','36'),(709,1091,'TEMP','36'),(710,1092,'TEMP','36'),(711,1093,'TEMP','36'),(712,1094,'TEMP','36'),(713,1095,'TEMP','36'),(714,1096,'TEMP','36'),(715,1097,'TEMP','36'),(716,1098,'TEMP','36'),(717,1099,'TEMP','36'),(718,1100,'TEMP','36'),(719,1101,'TEMP','36'),(720,1102,'TEMP','36'),(721,1103,'TEMP','36'),(722,1104,'TEMP','36'),(723,1105,'TEMP','36'),(724,1106,'TEMP','36'),(725,1107,'TEMP','36'),(726,1108,'TEMP','36'),(727,1109,'TEMP','36'),(728,1110,'TEMP','36'),(729,1111,'TEMP','36'),(730,1112,'TEMP','36'),(731,1113,'TEMP','36'),(732,1114,'TEMP','36'),(733,1115,'TEMP','36'),(734,1116,'TEMP','36'),(735,1117,'TEMP','36'),(736,1118,'TEMP','36'),(737,1119,'TEMP','36'),(738,1120,'TEMP','36'),(739,1121,'TEMP','36'),(740,1122,'TEMP','36'),(741,1123,'TEMP','36'),(742,1124,'TEMP','36'),(743,1125,'TEMP','36'),(744,1126,'TEMP','36'),(745,1127,'TEMP','36'),(746,1128,'TEMP','36'),(747,1129,'TEMP','36'),(748,1130,'TEMP','36'),(749,1131,'TEMP','36'),(750,1132,'TEMP','36'),(751,1133,'TEMP','36'),(752,1134,'TEMP','36'),(753,1135,'TEMP','36'),(754,1136,'TEMP','36'),(755,1137,'TEMP','36'),(756,1138,'TEMP','36'),(757,1139,'TEMP','36'),(758,1140,'TEMP','36'),(759,1141,'TEMP','36'),(760,1142,'TEMP','36'),(761,1143,'TEMP','36'),(762,1144,'TEMP','36'),(763,1145,'TEMP','36'),(764,1146,'TEMP','36'),(765,1147,'TEMP','36'),(766,1148,'TEMP','36'),(767,1149,'TEMP','36'),(768,1150,'TEMP','36'),(769,1151,'TEMP','36'),(770,1152,'TEMP','36'),(771,1153,'TEMP','36'),(772,1154,'TEMP','36'),(773,1155,'TEMP','36'),(774,1156,'TEMP','36'),(775,1157,'TEMP','36'),(776,1158,'TEMP','36'),(777,1159,'TEMP','36'),(778,1160,'TEMP','36'),(779,1161,'TEMP','36'),(780,1162,'TEMP','36'),(781,1163,'TEMP','36'),(782,1164,'TEMP','36'),(783,1165,'TEMP','36'),(784,1166,'TEMP','36'),(785,1167,'TEMP','36'),(786,1168,'TEMP','36'),(787,1169,'TEMP','36'),(788,1170,'TEMP',NULL),(789,1171,'TEMP',NULL),(790,1172,'TEMP',NULL),(791,1173,'TEMP',NULL),(792,1174,'TEMP',NULL),(793,1175,'TEMP','35'),(794,1176,'TEMP','35'),(795,1177,'TEMP','35'),(796,1178,'TEMP','35'),(797,1179,'TEMP','35'),(798,1180,'TEMP','35'),(799,1181,'TEMP','35'),(800,1182,'TEMP','35'),(801,1183,'TEMP','35'),(802,1184,'TEMP','35'),(803,1185,'TEMP','35'),(804,1186,'TEMP','35'),(805,1187,'TEMP','35'),(806,1188,'TEMP','35'),(807,1189,'TEMP','35'),(808,1190,'TEMP','35'),(809,1191,'TEMP','35'),(810,1192,'TEMP','35'),(811,1193,'TEMP','35'),(812,1194,'TEMP','35'),(813,1195,'TEMP','35'),(814,1196,'TEMP','35'),(815,1197,'TEMP','35'),(816,1198,'TEMP','35'),(817,1199,'TEMP','35'),(818,1200,'TEMP','35'),(819,1201,'TEMP','35'),(820,1202,'TEMP','35'),(821,1203,'TEMP','35'),(822,1204,'TEMP','35'),(823,1205,'TEMP','35'),(824,1206,'TEMP','35'),(825,1207,'TEMP','35'),(826,1208,'TEMP','35'),(827,1209,'TEMP','35'),(828,1210,'TEMP','35'),(829,1211,'TEMP','35'),(830,1212,'TEMP','35'),(831,1213,'TEMP','35'),(832,1214,'TEMP','35'),(833,1215,'TEMP','35'),(834,1216,'TEMP','35'),(835,1217,'TEMP','35'),(836,1218,'TEMP','35'),(837,1219,'TEMP','35'),(838,1220,'TEMP','35'),(839,1221,'TEMP','35'),(840,1222,'TEMP','35'),(841,1223,'TEMP','35'),(842,1224,'TEMP','35'),(843,1225,'TEMP','35'),(844,1226,'TEMP','35'),(845,1227,'TEMP','35'),(846,1228,'TEMP','35'),(847,1229,'TEMP','35'),(848,1230,'TEMP','35'),(849,1231,'TEMP','35'),(850,1232,'TEMP','35'),(851,1233,'TEMP','35'),(852,1234,'TEMP','35'),(853,1235,'TEMP','35'),(854,1236,'TEMP','35'),(855,1237,'TEMP','35'),(856,1238,'TEMP','35'),(857,1239,'TEMP','35'),(858,1240,'TEMP','35'),(859,1241,'TEMP','35'),(860,1242,'TEMP','35'),(861,1243,'TEMP','35'),(862,1244,'TEMP','35'),(863,1245,'TEMP','35'),(864,1246,'TEMP','35'),(865,1247,'TEMP','35'),(866,1248,'TEMP','35'),(867,1249,'TEMP','35'),(868,1250,'TEMP','35'),(869,1251,'TEMP','35'),(870,1252,'TEMP','35'),(871,1253,'TEMP','35'),(872,1254,'TEMP','35'),(873,1255,'TEMP','35'),(874,1256,'TEMP','35'),(875,1257,'TEMP','35'),(876,1258,'TEMP','35'),(877,1259,'TEMP','35'),(878,1260,'TEMP','35'),(879,1261,'TEMP','35'),(880,1262,'TEMP','35'),(881,1263,'TEMP','35'),(882,1264,'TEMP','35'),(883,1265,'TEMP','35'),(884,1266,'TEMP','35'),(885,1267,'TEMP','35'),(886,1268,'TEMP','35'),(887,1269,'TEMP','35'),(888,1270,'TEMP','35'),(889,1271,'TEMP','35'),(890,1272,'TEMP','35'),(891,1273,'TEMP','35'),(892,1274,'TEMP','35'),(893,1275,'TEMP','35'),(894,1276,'TEMP','35'),(895,1277,'TEMP','35'),(896,1278,'TEMP','35'),(897,1279,'TEMP','35'),(898,1280,'TEMP','35'),(899,1281,'TEMP','35'),(900,1282,'TEMP','35'),(901,1283,'TEMP','35'),(902,1284,'TEMP','35'),(903,1285,'TEMP','35'),(904,1286,'TEMP','35'),(905,1287,'TEMP','35'),(906,1288,'TEMP','35'),(907,1289,'TEMP','35'),(908,1290,'TEMP','35'),(909,1291,'TEMP','35'),(910,1292,'TEMP','35'),(911,1293,'TEMP','35'),(912,1294,'TEMP','35'),(913,1295,'TEMP','35'),(914,1296,'TEMP','35'),(915,1297,'TEMP','35'),(916,1298,'TEMP','35'),(917,1299,'TEMP','35'),(918,1300,'TEMP','35'),(919,1301,'TEMP','35'),(920,1302,'TEMP','35'),(921,1303,'TEMP','35'),(922,1304,'TEMP','35'),(923,1305,'TEMP','35'),(924,1306,'TEMP','35'),(925,1307,'TEMP','35'),(926,1308,'TEMP','35'),(927,1309,'TEMP','35'),(928,1310,'TEMP','35'),(929,1311,'TEMP','35'),(930,1312,'TEMP','35'),(931,1313,'TEMP','35'),(932,1314,'TEMP','35'),(933,1315,'TEMP','35'),(934,1316,'TEMP','35'),(935,1317,'TEMP','35'),(936,1318,'TEMP','35'),(937,1319,'TEMP','35'),(938,1320,'TEMP','35'),(939,1321,'TEMP','35'),(940,1322,'TEMP','35'),(941,1323,'TEMP','35'),(942,1324,'TEMP','35'),(943,1325,'TEMP','35'),(944,1326,'TEMP','35'),(945,1327,'TEMP','35'),(946,1328,'TEMP','35'),(947,1329,'TEMP','35'),(948,1330,'TEMP','35'),(949,1331,'TEMP','35'),(950,1332,'TEMP','35'),(951,1333,'TEMP','35'),(952,1334,'TEMP','35'),(953,1335,'TEMP','35'),(954,1336,'TEMP','35'),(955,1337,'TEMP','35'),(956,1338,'TEMP','35'),(957,1339,'TEMP','35'),(958,1340,'TEMP','35'),(959,1341,'TEMP','35'),(960,1342,'TEMP','35'),(961,1343,'TEMP','35'),(962,1344,'TEMP','35'),(963,1345,'TEMP','35'),(964,1346,'TEMP','35'),(965,1347,'TEMP','35'),(966,1348,'TEMP','35'),(967,1349,'TEMP','35'),(968,1350,'TEMP','35'),(969,1351,'TEMP','35'),(970,1352,'TEMP','35'),(971,1353,'TEMP','35'),(972,1354,'TEMP','35'),(973,1355,'TEMP','35'),(974,1356,'TEMP','35'),(975,1357,'TEMP','35'),(976,1358,'TEMP','35'),(977,1359,'TEMP','35'),(978,1360,'TEMP','35'),(979,1361,'TEMP','35'),(980,1362,'TEMP','35'),(981,1363,'TEMP','35'),(982,1364,'TEMP','35'),(983,1365,'TEMP','35'),(984,1366,'TEMP','35'),(985,1367,'TEMP','35'),(986,1368,'TEMP','35'),(987,1369,'TEMP','35'),(988,1370,'TEMP','35'),(989,1371,'TEMP','35'),(990,1372,'TEMP','35'),(991,1373,'TEMP','35'),(992,1374,'TEMP','35'),(993,1375,'TEMP','35'),(994,1376,'TEMP','35'),(995,1377,'TEMP','35'),(996,1378,'TEMP','35'),(997,1379,'TEMP','35'),(998,1380,'TEMP','35'),(999,1381,'TEMP','35'),(1000,1382,'TEMP','35'),(1001,1383,'TEMP','35'),(1002,1384,'TEMP','35'),(1003,1385,'TEMP','35'),(1004,1386,'TEMP','35'),(1005,1387,'TEMP','35'),(1006,1388,'TEMP','35'),(1007,1389,'TEMP','35'),(1008,1390,'TEMP','35'),(1009,1391,'TEMP','35'),(1010,1392,'TEMP','35'),(1011,1393,'TEMP','35'),(1012,1394,'TEMP','35'),(1013,1395,'TEMP','35'),(1014,1396,'TEMP','35'),(1015,1397,'TEMP','35'),(1016,1398,'TEMP','35'),(1017,1399,'TEMP','35'),(1018,1400,'TEMP','35'),(1019,1401,'TEMP','35'),(1020,1402,'TEMP','35'),(1021,1403,'TEMP','35'),(1022,1404,'TEMP','35'),(1023,1405,'TEMP','35'),(1024,1406,'TEMP','35'),(1025,1407,'TEMP','35'),(1026,1408,'TEMP','35'),(1027,1409,'TEMP','35'),(1028,1410,'TEMP','35'),(1029,1411,'TEMP','35'),(1030,1412,'TEMP','35'),(1031,1413,'TEMP','35'),(1032,1414,'TEMP','35'),(1033,1415,'TEMP','35'),(1034,1416,'TEMP','35'),(1035,1417,'TEMP','35'),(1036,1418,'TEMP','35'),(1037,1419,'TEMP','35'),(1038,1420,'TEMP','35'),(1039,1421,'TEMP','35'),(1040,1422,'TEMP','35'),(1041,1423,'TEMP','35'),(1042,1424,'TEMP','35'),(1043,1425,'TEMP','35'),(1044,1426,'TEMP','35'),(1045,1427,'TEMP','35'),(1046,1428,'TEMP','35'),(1047,1429,'TEMP','35'),(1048,1430,'TEMP','35'),(1049,1431,'TEMP','35'),(1050,1432,'TEMP','35'),(1051,1433,'TEMP','35'),(1052,1434,'TEMP','35'),(1053,1435,'TEMP','35'),(1054,1436,'TEMP','35'),(1055,1437,'TEMP','35'),(1056,1438,'TEMP','35'),(1057,1439,'TEMP','35'),(1058,1440,'TEMP','35'),(1059,1441,'TEMP','35'),(1060,1442,'TEMP','35'),(1061,1443,'TEMP','35'),(1062,1444,'TEMP','35'),(1063,1445,'TEMP','35'),(1064,1446,'TEMP','35'),(1065,1447,'TEMP','35'),(1066,1448,'TEMP','35'),(1067,1449,'TEMP','35'),(1068,1450,'TEMP','35'),(1069,1451,'TEMP','35'),(1070,1452,'TEMP','35'),(1071,1453,'TEMP','35'),(1072,1454,'TEMP','35'),(1073,1455,'TEMP','35'),(1074,1456,'TEMP','35'),(1075,1457,'TEMP','35'),(1076,1458,'TEMP','35'),(1077,1459,'TEMP','35'),(1078,1460,'TEMP','35'),(1079,1461,'TEMP','35'),(1080,1462,'TEMP','35'),(1081,1463,'TEMP','35'),(1082,1464,'TEMP','35'),(1083,1465,'TEMP','35'),(1084,1466,'TEMP','35'),(1085,1467,'TEMP','35'),(1086,1468,'TEMP','35'),(1087,1469,'TEMP','35'),(1088,1470,'TEMP','35'),(1089,1471,'TEMP','35'),(1090,1472,'TEMP','35'),(1091,1473,'TEMP','35'),(1092,1474,'TEMP','35'),(1093,1475,'TEMP','35'),(1094,1476,'TEMP','35'),(1095,1477,'TEMP','35'),(1096,1478,'TEMP','35'),(1097,1479,'TEMP','35'),(1098,1480,'TEMP','35'),(1099,1481,'TEMP','35'),(1100,1482,'TEMP','35'),(1101,1483,'TEMP','35'),(1102,1484,'TEMP','35'),(1103,1485,'TEMP','35'),(1104,1486,'TEMP','35'),(1105,1487,'TEMP','35'),(1106,1488,'TEMP','35'),(1107,1489,'TEMP','35'),(1108,1490,'TEMP','35'),(1109,1491,'TEMP','35'),(1110,1492,'TEMP','35'),(1111,1493,'TEMP','35'),(1112,1494,'TEMP','35'),(1113,1495,'TEMP','35'),(1114,1496,'TEMP','35'),(1115,1497,'TEMP','35'),(1116,1498,'TEMP','35'),(1117,1499,'TEMP','35'),(1118,1500,'TEMP','35'),(1119,1501,'TEMP','35'),(1120,1502,'TEMP','35'),(1121,1503,'TEMP','35'),(1122,1504,'TEMP','35'),(1123,1505,'TEMP','35'),(1124,1506,'TEMP','35'),(1125,1507,'TEMP','35'),(1126,1508,'TEMP','35'),(1127,1509,'TEMP','35'),(1128,1510,'TEMP','35'),(1129,1511,'TEMP','35'),(1130,1512,'TEMP','35'),(1131,1513,'TEMP','35'),(1132,1514,'TEMP','35'),(1133,1515,'TEMP','35'),(1134,1516,'TEMP','35'),(1135,1517,'TEMP','35'),(1136,1518,'TEMP','35'),(1137,1519,'TEMP','35'),(1138,1520,'TEMP','35'),(1139,1521,'TEMP','35'),(1140,1522,'TEMP','35'),(1141,1523,'TEMP','35'),(1142,1524,'TEMP','35'),(1143,1525,'TEMP','35'),(1144,1526,'TEMP','35'),(1145,1527,'TEMP','35'),(1146,1528,'TEMP','35'),(1147,1529,'TEMP','35'),(1148,1530,'TEMP','35'),(1149,1531,'TEMP','35'),(1150,1532,'TEMP','35'),(1151,1533,'TEMP','35'),(1152,1534,'TEMP','35'),(1153,1535,'TEMP','35'),(1154,1536,'TEMP','35'),(1155,1537,'TEMP','35'),(1156,1538,'TEMP','35'),(1157,1539,'TEMP','35'),(1158,1540,'TEMP','35'),(1159,1541,'TEMP','35'),(1160,1542,'TEMP','35'),(1161,1543,'TEMP','35'),(1162,1544,'TEMP','35'),(1163,1545,'TEMP','35'),(1164,1546,'TEMP','35'),(1165,1547,'TEMP','35'),(1166,1548,'TEMP','35'),(1167,1549,'TEMP','35'),(1168,1550,'TEMP','35'),(1169,1551,'TEMP','35'),(1170,1552,'TEMP','35'),(1171,1553,'TEMP','35'),(1172,1554,'TEMP','35'),(1173,1555,'TEMP','35'),(1174,1556,'TEMP','35'),(1175,1557,'TEMP','35'),(1176,1558,'TEMP','35'),(1177,1559,'TEMP','35'),(1178,1560,'TEMP','35'),(1179,1561,'TEMP','35'),(1180,1562,'TEMP','35'),(1181,1563,'TEMP','35'),(1182,1564,'TEMP','35'),(1183,1565,'TEMP','35'),(1184,1566,'TEMP','35'),(1185,1567,'TEMP','35'),(1186,1568,'TEMP','35'),(1187,1569,'TEMP','35'),(1188,1570,'TEMP','35'),(1189,1571,'TEMP','35'),(1190,1572,'TEMP','35'),(1191,1573,'TEMP','35'),(1192,1574,'TEMP','35'),(1193,1575,'TEMP','35'),(1194,1576,'TEMP','35'),(1195,1577,'TEMP','35'),(1196,1578,'TEMP','35'),(1197,1579,'TEMP','35'),(1198,1580,'TEMP','35'),(1199,1581,'TEMP','35'),(1200,1582,'TEMP','35'),(1201,1583,'TEMP','35'),(1202,1584,'TEMP','35'),(1203,1585,'TEMP','35'),(1204,1586,'TEMP','35'),(1205,1587,'TEMP','35'),(1206,1588,'TEMP','35'),(1207,1589,'TEMP','35'),(1208,1590,'TEMP','35'),(1209,1591,'TEMP','35'),(1210,1592,'TEMP','35'),(1211,1593,'TEMP','35'),(1212,1594,'TEMP','35'),(1213,1595,'TEMP','35'),(1214,1596,'TEMP','35'),(1215,1597,'TEMP','35'),(1216,1598,'TEMP','35'),(1217,1599,'TEMP','35'),(1218,1600,'TEMP','35'),(1219,1601,'TEMP','35'),(1220,1602,'TEMP','35'),(1221,1603,'TEMP','35'),(1222,1604,'TEMP','35'),(1223,1605,'TEMP','35'),(1224,1606,'TEMP','35'),(1225,1607,'TEMP','35'),(1226,1608,'TEMP','35'),(1227,1609,'TEMP','35'),(1228,1610,'TEMP','35'),(1229,1611,'TEMP','35'),(1230,1612,'TEMP','35'),(1231,1613,'TEMP','35'),(1232,1614,'TEMP','35'),(1233,1615,'TEMP','35'),(1234,1616,'TEMP','35'),(1235,1617,'TEMP','35'),(1236,1618,'TEMP','35'),(1237,1619,'TEMP','35'),(1238,1620,'TEMP','35'),(1239,1621,'TEMP','35'),(1240,1622,'TEMP','35'),(1241,1623,'TEMP','35'),(1242,1624,'TEMP','35'),(1243,1625,'TEMP','35'),(1244,1626,'TEMP','35'),(1245,1627,'TEMP','35'),(1246,1628,'TEMP','35'),(1247,1629,'TEMP','35'),(1248,1630,'TEMP','35'),(1249,1631,'TEMP','35'),(1250,1632,'TEMP','35'),(1251,1633,'TEMP','35'),(1252,1634,'TEMP','35'),(1253,1635,'TEMP','35'),(1254,1636,'TEMP','35'),(1255,1637,'TEMP','35'),(1256,1638,'TEMP','35'),(1257,1639,'TEMP','35'),(1258,1640,'TEMP','35'),(1259,1641,'TEMP','35'),(1260,1642,'TEMP','35'),(1261,1643,'TEMP','35'),(1262,1644,'TEMP','35'),(1263,1645,'TEMP','35'),(1264,1646,'TEMP','35'),(1265,1647,'TEMP','35'),(1266,1648,'TEMP','35'),(1267,1649,'TEMP','35'),(1268,1650,'TEMP','35'),(1269,1651,'TEMP','35'),(1270,1652,'TEMP','35'),(1271,1653,'TEMP','35'),(1272,1654,'TEMP','35'),(1273,1655,'TEMP','35'),(1274,1656,'TEMP','35'),(1275,1657,'TEMP','35'),(1276,1658,'TEMP','35'),(1277,1659,'TEMP','35'),(1278,1660,'TEMP','35'),(1279,1661,'TEMP','35'),(1280,1662,'TEMP','35'),(1281,1663,'TEMP','35'),(1282,1664,'TEMP','35'),(1283,1665,'TEMP','35'),(1284,1666,'TEMP','35'),(1285,1667,'TEMP','35'),(1286,1668,'TEMP','35'),(1287,1669,'TEMP','35'),(1288,1670,'TEMP','35'),(1289,1671,'TEMP','35'),(1290,1672,'TEMP','35'),(1291,1673,'TEMP','35'),(1292,1674,'TEMP','35'),(1293,1675,'TEMP','35'),(1294,1676,'TEMP','35'),(1295,1677,'TEMP','35'),(1296,1678,'TEMP','35'),(1297,1679,'TEMP','35'),(1298,1680,'TEMP','35'),(1299,1681,'TEMP','35'),(1300,1682,'TEMP','35'),(1301,1683,'TEMP','35'),(1302,1684,'TEMP','35'),(1303,1685,'TEMP','35'),(1304,1686,'TEMP','35'),(1305,1687,'TEMP','35'),(1306,1688,'TEMP','35'),(1307,1689,'TEMP','35'),(1308,1690,'TEMP','35'),(1309,1691,'TEMP','35'),(1310,1692,'TEMP','35'),(1311,1693,'TEMP','35'),(1312,1694,'TEMP','35'),(1313,1695,'TEMP','35'),(1314,1696,'TEMP','35'),(1315,1697,'TEMP','35'),(1316,1698,'TEMP','35'),(1317,1699,'TEMP','35'),(1318,1700,'TEMP','35'),(1319,1701,'TEMP','35'),(1320,1702,'TEMP','35'),(1321,1703,'TEMP','35'),(1322,1704,'TEMP','35'),(1323,1705,'TEMP','35'),(1324,1706,'TEMP','35'),(1325,1707,'TEMP','35'),(1326,1708,'TEMP','35'),(1327,1709,'TEMP','35'),(1328,1710,'TEMP','35'),(1329,1711,'TEMP','35'),(1330,1712,'TEMP','35'),(1331,1713,'TEMP','35'),(1332,1714,'TEMP','35'),(1333,1715,'TEMP','35'),(1334,1716,'TEMP','35'),(1335,1717,'TEMP','35'),(1336,1718,'TEMP','35'),(1337,1719,'TEMP','35'),(1338,1720,'TEMP','35'),(1339,1721,'TEMP','35'),(1340,1722,'TEMP','35'),(1341,1723,'TEMP','35'),(1342,1724,'TEMP','35'),(1343,1725,'TEMP','35'),(1344,1726,'TEMP','35'),(1345,1727,'TEMP','35'),(1346,1728,'TEMP','35'),(1347,1729,'TEMP','35'),(1348,1730,'TEMP','35'),(1349,1731,'TEMP','35'),(1350,1732,'TEMP','35'),(1351,1733,'TEMP','35'),(1352,1734,'TEMP','35'),(1353,1735,'TEMP','35'),(1354,1736,'TEMP','35'),(1355,1737,'TEMP','35'),(1356,1738,'TEMP','35'),(1357,1739,'TEMP','35'),(1358,1740,'TEMP','35'),(1359,1741,'TEMP','35'),(1360,1742,'TEMP','35'),(1361,1743,'TEMP','35'),(1362,1744,'TEMP','35'),(1363,1745,'TEMP','35'),(1364,1746,'TEMP','35'),(1365,1747,'TEMP','35'),(1366,1748,'TEMP','35'),(1367,1749,'TEMP','35'),(1368,1750,'TEMP','35'),(1369,1751,'TEMP','35'),(1370,1752,'TEMP','35'),(1371,1753,'TEMP','35'),(1372,1754,'TEMP','35'),(1373,1755,'TEMP','35'),(1374,1756,'TEMP','35'),(1375,1757,'TEMP','35'),(1376,1758,'TEMP','35'),(1377,1759,'TEMP','35'),(1378,1760,'TEMP','35'),(1379,1761,'TEMP','35'),(1380,1762,'TEMP','35'),(1381,1763,'TEMP','35'),(1382,1764,'TEMP','35'),(1383,1765,'TEMP','35'),(1384,1766,'TEMP','35'),(1385,1767,'TEMP','35'),(1386,1768,'TEMP','35'),(1387,1769,'TEMP','35'),(1388,1770,'TEMP','35'),(1389,1771,'TEMP','35'),(1390,1772,'TEMP','35'),(1391,1773,'TEMP','35'),(1392,1774,'TEMP','35'),(1393,1775,'TEMP','35'),(1394,1776,'TEMP','35'),(1395,1777,'TEMP','39'),(1396,1778,'TEMP','39'),(1397,1779,'TEMP','36'),(1398,1780,'TEMP','36'),(1399,1781,'TEMP','36'),(1400,1782,'TEMP','36'),(1401,1783,'TEMP','36'),(1402,1784,'TEMP','35'),(1403,1785,'TEMP','35'),(1404,1786,'TEMP','35'),(1405,1787,'TEMP','35'),(1406,1788,'TEMP','35'),(1407,1789,'TEMP','35'),(1408,1790,'TEMP','35'),(1409,1791,'TEMP','35'),(1410,1792,'TEMP','35'),(1411,1793,'TEMP','35'),(1412,1794,'TEMP','35'),(1413,1795,'TEMP','35'),(1414,1796,'TEMP','36'),(1415,1797,'TEMP','36'),(1416,1798,'TEMP','36'),(1417,1799,'TEMP','40'),(1418,1800,'TEMP','40'),(1419,1801,'TEMP','40'),(1420,1802,'TEMP','40'),(1421,1803,'TEMP','40'),(1422,1804,'TEMP','40'),(1423,1805,'TEMP','40'),(1424,1806,'TEMP','40'),(1425,1807,'TEMP','40'),(1426,1808,'TEMP','35'),(1427,1809,'TEMP','35'),(1428,1810,'TEMP',NULL),(1429,1811,'TEMP',NULL),(1430,1812,'TEMP',NULL),(1431,1813,'TEMP',NULL),(1432,1814,'TEMP','35'),(1433,1815,'TEMP','36'),(1434,1816,'TEMP','36'),(1435,1817,'TEMP','36'),(1436,1818,'TEMP','36'),(1437,1819,'TEMP','36'),(1438,1820,'TEMP','36'),(1439,1821,'TEMP','36'),(1440,1822,'TEMP','36'),(1441,1823,'TEMP','36'),(1442,1824,'TEMP','36'),(1443,1825,'TEMP','36'),(1444,1826,'TEMP','36'),(1445,1827,'TEMP','36'),(1446,1828,'TEMP','36'),(1447,1829,'TEMP','36'),(1448,1830,'TEMP','37'),(1449,1831,'TEMP','37'),(1450,1832,'TEMP','37'),(1451,1833,'TEMP','37'),(1452,1834,'TEMP','37'),(1453,1835,'TEMP','38'),(1454,1836,'TEMP','38'),(1455,1837,'TEMP','38'),(1456,1838,'TEMP','38'),(1457,1839,'TEMP','38'),(1458,1840,'TEMP','38'),(1459,1841,'TEMP','38'),(1460,1842,'TEMP','38'),(1461,1843,'TEMP','38'),(1462,1844,'TEMP','38'),(1463,1845,'TEMP','38'),(1464,1846,'TEMP','38'),(1465,1847,'TEMP','38'),(1466,1848,'TEMP','38'),(1467,1849,'TEMP','38'),(1468,1850,'TEMP','38'),(1469,1851,'TEMP','38'),(1470,1852,'TEMP','38'),(1471,1853,'TEMP','39'),(1472,1854,'TEMP','39'),(1473,1855,'TEMP','36'),(1474,1856,'TEMP','36'),(1475,1857,'TEMP','36'),(1476,1858,'TEMP','36'),(1477,1859,'TEMP','36'),(1478,1860,'TEMP','36'),(1479,1861,'TEMP','36'),(1480,1862,'TEMP','35'),(1481,1863,'TEMP','35'),(1482,1864,'TEMP','35'),(1483,1865,'TEMP','35'),(1484,1866,'TEMP','35'),(1485,1867,'TEMP','35'),(1486,1868,'TEMP','35'),(1487,1869,'TEMP','35'),(1488,1870,'TEMP','35'),(1489,1871,'TEMP','36'),(1490,1872,'TEMP','36'),(1491,1873,'TEMP','36'),(1492,1874,'TEMP','37'),(1493,1875,'TEMP','37'),(1494,1876,'TEMP','37'),(1495,1877,'TEMP','36'),(1496,1878,'TEMP','36'),(1497,1879,'TEMP','36'),(1498,1880,'TEMP','36'),(1499,1881,'TEMP','36'),(1500,1882,'TEMP','36'),(1501,1883,'TEMP','36'),(1502,1884,'TEMP','36'),(1503,1885,'TEMP','36'),(1504,1886,'TEMP','35'),(1505,1887,'TEMP','39'),(1506,1888,'TEMP','39'),(1507,1889,'TEMP','39'),(1508,1890,'TEMP','36'),(1509,1891,'TEMP','39'),(1510,1892,'TEMP','39'),(1511,1893,'TEMP','35'),(1512,1894,'TEMP','35'),(1513,1895,'TEMP','36'),(1514,1896,'TEMP','36'),(1515,1897,'TEMP','36'),(1516,1898,'TEMP','36'),(1517,1899,'TEMP','36'),(1518,1900,'TEMP','36'),(1519,1901,'TEMP','36'),(1520,1902,'TEMP','36'),(1521,1903,'TEMP','36'),(1522,1904,'TEMP','36'),(1523,1905,'TEMP','36'),(1524,1906,'TEMP','36'),(1525,1907,'TEMP','36'),(1526,1908,'TEMP','36'),(1527,1909,'TEMP','36'),(1528,1910,'TEMP','36'),(1529,1911,'TEMP','36'),(1530,1912,'TEMP','36'),(1531,1913,'TEMP','36'),(1532,1914,'TEMP',NULL),(1533,1915,'TEMP',NULL),(1534,1916,'TEMP',NULL),(1535,1917,'TEMP','36'),(1536,1918,'TEMP',NULL),(1537,1919,'TEMP',NULL),(1538,1920,'TEMP',NULL),(1539,1921,'TEMP','36'),(1540,1922,'TEMP','36'),(1541,1923,'TEMP','36'),(1542,1924,'TEMP','36'),(1543,1925,'TEMP','36'),(1544,1926,'TEMP','36'),(1545,1927,'TEMP','36'),(1546,1928,'TEMP','36'),(1547,1929,'TEMP','36'),(1548,1930,'TEMP','36'),(1549,1931,'TEMP','36'),(1550,1932,'TEMP','36'),(1551,1933,'TEMP','36'),(1552,1934,'TEMP','36'),(1553,1935,'TEMP','36'),(1554,1936,'TEMP','36'),(1555,1937,'TEMP','36'),(1556,1938,'TEMP','39'),(1557,1939,'TEMP','39'),(1558,1940,'TEMP','39'),(1559,1941,'TEMP','39'),(1560,1942,'TEMP','39'),(1561,1943,'TEMP','39'),(1562,1944,'TEMP','39'),(1563,1945,'TEMP','36'),(1564,1946,'TEMP','36'),(1565,1947,'TEMP','36'),(1566,1948,'TEMP','36'),(1567,1949,'TEMP','36'),(1568,1950,'TEMP','36'),(1569,1951,'TEMP','36'),(1570,1952,'TEMP','36'),(1571,1953,'TEMP','36'),(1572,1954,'TEMP','36'),(1573,1955,'TEMP','36'),(1574,1956,'TEMP','36'),(1575,1957,'TEMP','36'),(1576,1958,'TEMP','36'),(1577,1959,'TEMP','36'),(1578,1960,'TEMP','35'),(1579,1961,'TEMP','35'),(1580,1962,'TEMP','35'),(1581,1963,'TEMP','35'),(1582,1964,'TEMP','35'),(1583,1965,'TEMP','35'),(1584,1966,'TEMP','35'),(1585,1967,'TEMP','35'),(1586,1968,'TEMP','35'),(1587,1969,'TEMP','35'),(1588,1970,'TEMP','35'),(1589,1971,'TEMP','35'),(1590,1972,'TEMP','37'),(1591,1973,'TEMP','37'),(1592,1974,'TEMP','37'),(1593,1975,'TEMP','35'),(1594,1976,'TEMP','35'),(1595,1977,'TEMP','35'),(1596,1978,'TEMP','35'),(1597,1979,'TEMP','36'),(1598,1980,'TEMP','36'),(1599,1981,'TEMP','36'),(1600,1982,'TEMP','36'),(1601,1983,'TEMP','36'),(1602,1984,'TEMP','36'),(1603,1985,'TEMP','36'),(1604,1986,'TEMP','36'),(1605,1987,'TEMP','36'),(1606,1988,'TEMP','36'),(1607,1989,'TEMP','36'),(1608,1990,'TEMP','36'),(1609,1991,'TEMP','36'),(1610,1992,'TEMP','36'),(1611,1993,'TEMP','36'),(1612,1994,'TEMP','36'),(1613,1995,'TEMP','36'),(1614,1996,'TEMP','36'),(1615,1997,'TEMP','36'),(1616,1998,'TEMP','36'),(1617,1999,'TEMP','36'),(1618,2000,'TEMP','36'),(1619,2001,'TEMP','36'),(1620,2002,'TEMP','36'),(1621,2003,'TEMP','36'),(1622,2004,'TEMP','36'),(1623,2005,'TEMP','36'),(1624,2006,'TEMP','36'),(1625,2007,'TEMP','36'),(1626,2008,'TEMP','36'),(1627,2009,'TEMP','36'),(1628,2010,'TEMP','35'),(1629,2011,'TEMP','36'),(1630,2012,'TEMP','36'),(1631,2013,'TEMP','36'),(1632,2014,'TEMP','36'),(1633,2015,'TEMP','36'),(1634,2016,'TEMP','36'),(1635,2017,'TEMP','36'),(1636,2018,'TEMP','36'),(1637,2019,'TEMP','36'),(1638,2020,'TEMP','36'),(1639,2021,'TEMP','36'),(1640,2022,'TEMP','36'),(1641,2023,'TEMP','36'),(1642,2024,'TEMP','36'),(1643,2025,'TEMP','35'),(1644,2026,'TEMP','36'),(1645,2027,'TEMP','37'),(1646,2028,'TEMP','36'),(1647,2029,'TEMP','36');
/*!40000 ALTER TABLE `biometrico` ENABLE KEYS */;
UNLOCK TABLES;

--
-- Table structure for table `contagio`
--

DROP TABLE IF EXISTS `contagio`;
/*!40101 SET @saved_cs_client     = @@character_set_client */;
/*!40101 SET character_set_client = utf8 */;
CREATE TABLE `contagio` (
  `idcontagio` int(11) NOT NULL AUTO_INCREMENT,
  `codigoindividuo` varchar(90) NOT NULL DEFAULT '',
  `fechacontagio` timestamp NULL DEFAULT NULL,
  `fechanotificacion` timestamp NULL DEFAULT CURRENT_TIMESTAMP,
  PRIMARY KEY (`idcontagio`) USING BTREE,
  KEY `FK_contagio_individuo` (`codigoindividuo`),
  CONSTRAINT `FK_contagio_individuo` FOREIGN KEY (`codigoindividuo`) REFERENCES `individuo` (`codigo`)
) ENGINE=InnoDB AUTO_INCREMENT=142 DEFAULT CHARSET=utf8;
/*!40101 SET character_set_client = @saved_cs_client */;

--
-- Dumping data for table `contagio`
--

LOCK TABLES `contagio` WRITE;
/*!40000 ALTER TABLE `contagio` DISABLE KEYS */;
INSERT INTO `contagio` VALUES (3,'$2y$13$iuN17UXMrKHSfROYqCa3fuEfeJ7fmVqCXEY0Dm6VB6uXWipjf5P8y','2020-11-07 18:50:27','2020-11-30 00:23:37'),(5,'$2y$13$iuN17UXMrKHSfROYqCa3fuEfeJ7fmVqCXEY0Dm6VB6uXWipjf5P8y','2020-11-30 18:50:27','2020-11-30 01:43:31'),(6,'$2y$13$iuN17UXMrKHSfROYqCa3fuEfeJ7fmVqCXEY0Dm6VB6uXWipjf5P8y','2020-11-07 18:50:27','2020-12-01 04:33:35'),(11,'$2y$13$XEIi7/16O7gY9.g4yn/CtutuadkvGwDDhCmieiKOqe2NGGL5Kxt4O','2020-12-01 04:54:57','2020-12-01 04:56:38'),(12,'$2y$13$XEIi7/16O7gY9.g4yn/CtutuadkvGwDDhCmieiKOqe2NGGL5Kxt4O','2020-12-01 04:57:13','2020-12-01 04:57:38'),(13,'$2y$13$XEIi7/16O7gY9.g4yn/CtutuadkvGwDDhCmieiKOqe2NGGL5Kxt4O','2020-12-01 04:57:13','2020-12-01 04:57:52'),(14,'$2y$13$XEIi7/16O7gY9.g4yn/CtutuadkvGwDDhCmieiKOqe2NGGL5Kxt4O','2020-12-01 04:57:13','2020-12-01 04:58:04'),(15,'$2y$13$XEIi7/16O7gY9.g4yn/CtutuadkvGwDDhCmieiKOqe2NGGL5Kxt4O','2020-12-01 04:57:13','2020-12-01 04:58:57'),(16,'$2y$13$iuN17UXMrKHSfROYqCa3fuEfeJ7fmVqCXEY0Dm6VB6uXWipjf5P8y','2020-12-01 05:15:27','2020-12-01 05:14:19'),(17,'$2y$13$iuN17UXMrKHSfROYqCa3fuEfeJ7fmVqCXEY0Dm6VB6uXWipjf5P8y','2020-11-07 18:50:27','2020-12-01 05:23:35'),(19,'$2y$13$XEIi7/16O7gY9.g4yn/CtutuadkvGwDDhCmieiKOqe2NGGL5Kxt4O','2020-11-29 06:00:00','2020-12-01 15:35:39'),(20,'$2y$13$XEIi7/16O7gY9.g4yn/CtutuadkvGwDDhCmieiKOqe2NGGL5Kxt4O','2020-11-29 06:00:00','2020-12-01 23:36:01'),(21,'$2y$13$XEIi7/16O7gY9.g4yn/CtutuadkvGwDDhCmieiKOqe2NGGL5Kxt4O','2020-11-26 06:00:00','2020-12-01 23:44:53'),(22,'$2y$13$mcJL3Bn3SwMmbGpTuu.Y..xUzSsiIlrk/4F59yY4l76Wfb6zzEt6y','2020-11-24 06:00:00','2020-12-09 16:49:25'),(23,'$2y$13$mcJL3Bn3SwMmbGpTuu.Y..xUzSsiIlrk/4F59yY4l76Wfb6zzEt6y','2020-12-09 16:46:54','2020-12-09 16:52:37'),(24,'$2y$13$4vmcFMy9sApkDKHSRGs4oe2Sag2u4IrKyvP3VJ3QpdVi1qYI.fJdK','2020-12-09 16:55:53','2020-12-09 16:56:19'),(25,'$2y$13$1fvBMcQT4z6MmTwx2pP7lu671Wv8teU8466LiY.nQTb398YHJ.nmm','2020-12-09 17:31:23','2020-12-09 17:31:54'),(26,'$2y$13$xLaPnUCdUEz/XMdjspHPyOgchBILEGVYn72FUZPHuqN6QujLybi82','2020-12-09 19:48:47','2020-12-09 19:49:17'),(27,'$2y$13$NYJbr8Ef7YzkErqNy.yXIuR3vgd0t3klqLrB6I.DvtSKJ1PuOaxeu','2020-12-09 23:16:28','2020-12-09 23:16:59'),(28,'$2y$13$ICBlZ2/SZSsfVIVVNgjuE.BqTtyx97wPSEHwV9/jEfYUeLb4jOmYG','2020-12-09 23:20:39','2020-12-09 23:21:10'),(29,'$2y$13$ngo9ZM3KChpcPvSV0yLDM.DA.WINHze4jAEAJdwrDdWbkXwiCn7hm','2020-12-09 23:29:00','2020-12-09 23:29:32'),(30,'$2y$13$M/N/PASzylZxdr67HiC4qu4capHiUhjJtXeBJI.t4AO1dVg2FhWjm','2020-12-09 23:29:57','2020-12-09 23:30:27'),(31,'$2y$13$8sDXxJU2fzFcGJZyGG3DDuRFua.v9GskD5tM8slmKB2MvytGBnAOq','2020-12-09 23:30:53','2020-12-09 23:31:23'),(32,'$2y$13$UCZH4qdsF4WTj2SJ1wnaoOlyEpib4fVCCX.U9OIt3xhSSg2mPlkw6','2020-12-09 23:31:50','2020-12-09 23:32:20'),(33,'$2y$13$Br4VJ2pVCU12bFott.8w.ueh/H1lpS.X87elJUaTpXlrOXbWrNiAC','2020-12-09 23:32:46','2020-12-09 23:33:16'),(34,'$2y$13$OS2FiQqJw4SQvG805dUnten.VJia.DzvBgqsatZ6.1glToLgku6Pe','2020-12-09 23:33:42','2020-12-09 23:34:14'),(35,'$2y$13$eJ0KRgC.UWL/jfzzdNoAzuw9PM3uOvabl3pXQRVsn5DldlhLxk7Su','2020-12-09 23:34:40','2020-12-09 23:35:10'),(36,'$2y$13$.qrvjaTuxV1FcMIYM16vH.qQaa8cJY5YDWAoSrQTM.S0HJruatVvC','2020-12-09 23:35:35','2020-12-09 23:36:04'),(37,'$2y$13$9xT.cPgpTckHDWanMkwLROH6dq5fEJuHnvuvlPOguJpD9cSzdeYBi','2020-12-09 23:36:30','2020-12-09 23:37:01'),(38,'$2y$13$iOmdv7eQymhGaCbuxsoJceSOLuDPV/1wj7IVnxN1duHMKIUjjJ9om','2020-12-09 23:37:28','2020-12-09 23:38:03'),(39,'$2y$13$VKmB6wlI56zasg/Bl0VyE.eZrnuB4YHJMJhXFW/04dXDOCkRPKhMS','2020-12-10 07:53:53','2020-12-10 02:24:53'),(40,'$2y$13$RRLD3X9TUAWTZP6R/2ZYQOWweDDc5CudRnnAD3OJVqXF6vOoq2WMO','2020-12-10 02:56:52','2020-12-10 02:57:24'),(41,'$2y$13$6KgxwdFNzTx1DiP9ZaTlZutVyXOQbgQ1lxnu1rcc3z5d3rqhcfXJS','2020-12-10 02:57:49','2020-12-10 02:58:20'),(42,'$2y$13$hGUjyj.RsuunJplZNqIoP.5cbZBV9NU9OYGuuljV6s9k5otSc9ed.','2020-12-10 02:58:46','2020-12-10 02:59:18'),(43,'$2y$13$GJDCiIJWss2RDKb2HVpLz.lwUfEYfpPbLYJw8QA3olEGLYDln8y0y','2020-12-10 02:59:43','2020-12-10 03:00:14'),(44,'$2y$13$bcn1552t9XwMe8HGOFErHupsQA03JEEFqkl7RdHl16zpfnsRSgWri','2020-12-10 03:00:40','2020-12-10 03:01:10'),(45,'$2y$13$HgKStIU1dhsq8yPD0uS9De770KfH86ER.hkIdnXLV6Gr8U4gKniQK','2020-12-10 03:01:34','2020-12-10 03:02:05'),(46,'$2y$13$5tqUc4yxykWtuzrDn6VtQO38HWlGqPGLDfY3xPJcFKLHKV2zSuu66','2020-12-10 03:02:31','2020-12-10 03:03:00'),(47,'$2y$13$vCou2pGSoueB4gHYOTArG.H1OSIHm.NiqfrPwhQgjCqNlxUg1Buca','2020-12-10 03:03:25','2020-12-10 03:03:56'),(48,'$2y$13$xL/HlCcW7.jp0IlC/aSYGun6IP62yhZYTvhk7J07xgQX82zt.EGZO','2020-12-10 03:04:21','2020-12-10 03:04:52'),(49,'$2y$13$21VPp33EZ86EWJpU7ZrxiebwwMTCE44wfUSLA3Ns/CRJMeHshm.2C','2020-12-10 03:05:18','2020-12-10 03:05:49'),(50,'$2y$13$v5hTb5e5rcJ5AJxFTzwKI.7oS7kwR6fUJXoVYo/SldK.sqVU/XkRG','2020-12-10 03:06:14','2020-12-10 03:06:45'),(51,'$2y$13$L1Dn57Qxm8HJOertynxkp.JXBgDhbUnbo21n5BoHHP4O3Wrw0CrWq','2020-12-10 03:07:10','2020-12-10 03:07:41'),(52,'$2y$13$A3rZsoQwNRUU0CuDBNYUeO2TMY0kRi8ySLX88fc7jg/FqsF8Fd.oe','2020-12-10 03:08:06','2020-12-10 03:08:37'),(53,'$2y$13$eqhihVlEajiJwa9goQJs1e.zY32iu9P29DbaZ8hfSmDKHl2eg8/Ru','2020-12-10 03:09:03','2020-12-10 03:09:33'),(54,'$2y$13$e.VvjVDoVXdkWcB6ImACX.ktHxu97jNSXz0TMe7raTWU4.OxbZTqW','2020-12-10 03:10:00','2020-12-10 03:10:32'),(55,'$2y$13$9vUqs7bW7a7.xvnGolB.uu/rycUQiu/WZtCqF.gdM.8VCvLyJmXk.','2020-12-10 03:10:58','2020-12-10 03:11:27'),(56,'$2y$13$ZVqxm83X5QfUIrhN1Rn4h.H1tU9vH.j34.6kbbQNs4AvEYQPcoIAu','2020-12-10 03:11:52','2020-12-10 03:12:24'),(57,'$2y$13$ki5JvsNsoLBg3.hu98FdT.zerFNI/khfzXIrS41NmRDKXa9npnj0a','2020-12-10 03:12:49','2020-12-10 03:13:21'),(58,'$2y$13$HKG.Td6.jrSv2X2c/GsW6exAvDXlT59DUVGa/eDqy2ACLyD/HPqaK','2020-12-10 03:13:47','2020-12-10 03:14:21'),(59,'$2y$13$4Y5ZhV.1rSebhlIgJg7rL.uTwX6Bvxtpn2/.mQmMfOIpCkp0EyP7a','2020-12-10 03:14:46','2020-12-10 03:15:16'),(60,'$2y$13$XDaV0SPx8FDtVZYspf6fneVAhUGss1iEYuCFwIpU1cThkMkKLkV/u','2020-12-10 03:15:41','2020-12-10 03:16:12'),(61,'$2y$13$U4n8mWS/ZJUqTEbxG4587eJpsyNPeUK.9ezlloZxAvmtEF532tt.m','2020-12-10 03:16:38','2020-12-10 03:17:10'),(62,'$2y$13$GD5rujvKskuSf4qVl8oxMuSchrhRVV9VhA9OVTLFEP.SZY/Dt6ZRO','2020-12-10 03:17:34','2020-12-10 03:18:05'),(63,'$2y$13$sljuWrW7ddd6XhgLGNByO.i/d0f1BV9NXr442D/MnvPoPS9N5xrH6','2020-12-10 03:18:30','2020-12-10 03:19:06'),(64,'$2y$13$wNi1dkofqo6H5HmLcBMpeu4r8yxxwOVRi8gEVwGgLQ2hvACF4Yb6K','2020-12-10 03:19:31','2020-12-10 03:20:04'),(65,'$2y$13$tpPNpKslwKKR8Fir.ThznuU3UWQz6pQr9jXUSlEU34nwVYgSxPl7u','2020-12-10 03:20:29','2020-12-10 03:21:00'),(66,'$2y$13$MxCChg39g5LLtGcYZClj7.bfbVXWE9.gvhHRufFKO.ffTvwGjUzn.','2020-12-10 03:21:25','2020-12-10 03:21:57'),(67,'$2y$13$GYlJzn2YMegaN7Hf9DfQieNxZz4KNumkLSCUqi2iu6J4u7ScNUy/K','2020-12-10 03:22:22','2020-12-10 03:22:53'),(68,'$2y$13$B83VckzvIAXHFkbtiemnv.EmE2Teiu6eEVSANedsTMOsHMQZaNaLG','2020-12-10 03:23:18','2020-12-10 03:23:48'),(69,'$2y$13$7D3TeD0fHE9.Um0/6xPcaO5.t1VBAYGgcfmxHD6SDL/3lg51bj6c.','2020-12-10 03:24:13','2020-12-10 03:24:43'),(70,'$2y$13$eXYwTKvSu/8oWFH8RoL2WumEe8hNjDXkut8sKIkIYwblyXs5liJQe','2020-12-10 03:25:09','2020-12-10 03:25:39'),(71,'$2y$13$18q8nFOuKhKHHkRgy1ATuOXYcueW21tNc9/SBBbFtZ6ggicyL/m.a','2020-12-10 03:26:04','2020-12-10 03:26:35'),(72,'$2y$13$Eeh7u0p3X0GEXEfHPcsbHexjVmuDzI/AzoSZz/SncDGyeYsOW6UNG','2020-12-10 03:27:00','2020-12-10 03:27:33'),(73,'$2y$13$k0KddbigzuySHM9dzh68ge8n6iuQBbartDI6uY.TSkU8ABEf4M76m','2020-12-10 03:27:58','2020-12-10 03:28:28'),(74,'$2y$13$1njrD/90NHSf4B4hyHp0Me8osSNNLmbqYr0KYz3ZPNge0OxYDOeb2','2020-12-10 03:28:53','2020-12-10 03:29:23'),(75,'$2y$13$hUlbiwvy9DLSvo.fOzpWoez3vd2ZkkeFKT5J0NajYIwulnWOdEXLm','2020-12-10 03:29:49','2020-12-10 03:30:20'),(76,'$2y$13$B4Q7Ik0skF/v/53zUuHTF.ER3cJXs5iQk84ZLronJ0xs2K4jVhwx.','2020-12-10 03:30:45','2020-12-10 03:31:16'),(77,'$2y$13$spi3F7/I7PPHt02Oye0dNuXpPGWeWtTe8/HXliai5K0bj1VDbBhiG','2020-12-10 03:31:40','2020-12-10 03:32:12'),(78,'$2y$13$JRM/vGrMBpElTGc3sWMoju0tS/PKNiuFyyYFqPqWN6MUwO8/xV7Oi','2020-12-10 03:32:38','2020-12-10 03:33:18'),(79,'$2y$13$bQa54jTYwM1gFejnKisJ1Oe1YK5PBGN4d17B39TxN/rPkfp7beZ4a','2020-12-10 03:33:44','2020-12-10 03:34:16'),(80,'$2y$13$Ayvetgbof1En6eA5U5w34u7ifTlMU/VIP.RTMox55bkHJnpW.9IpC','2020-12-10 03:34:41','2020-12-10 03:35:12'),(81,'$2y$13$tNrE4fewmg23hT7RW7gxI.lQr9tZ92xcZN2nPSqrIuwtp.cvv3wNK','2020-12-10 03:35:36','2020-12-10 03:36:07'),(82,'$2y$13$TrVqkwYf9VdSb/16.0vjVuhkS5gZr4JRlAzayhLzrfQAks7MwaJSG','2020-12-10 03:36:32','2020-12-10 03:37:05'),(83,'$2y$13$ZCdBfWUkYt8VF793sHlv2OSQbiGWfOHFsaripMjFNbUa3oZRG/PKS','2020-12-10 03:37:30','2020-12-10 03:38:01'),(84,'$2y$13$lyG0gqNq79pCqUbY9AjXcO7ZVRV2yD6t5k725B3dxCjMdbdAGRMxa','2020-12-10 03:38:26','2020-12-10 03:38:57'),(85,'$2y$13$tQDyJSiW7Cj1pfnLJBap1On4WUiZPPLGRA3wHjecsGmvcU5PeHgp2','2020-12-10 03:39:22','2020-12-10 03:39:51'),(86,'$2y$13$I48dtOe8CNDQCrAIIOuLwOJ176Q9xTGotnFGJCnSZxR75WepZuG2e','2020-12-10 03:40:17','2020-12-10 03:40:48'),(87,'$2y$13$OivkcrYepLTokQp4TCcf4u8qnj/03Nhfw8lRzSdEiSsgESuiA4gcW','2020-12-10 03:41:14','2020-12-10 03:41:44'),(88,'$2y$13$h57B4viliKpLUHIxQ00D4OWzQXDmIiHiV.Fia/.EZiold2aIz3ZA.','2020-12-10 03:42:09','2020-12-10 03:42:40'),(89,'$2y$13$06nb8KE2puukEBZtKktNeOi99vkWXa0ISJ./b2zCqaBBsGDClUrjm','2020-12-10 03:43:05','2020-12-10 03:43:35'),(90,'$2y$13$HqpqdN65.Uy2d9WiJ5Jp4utwHLfK2w4y.6k1skXyHK9nMIw1cl1HG','2020-12-10 03:44:01','2020-12-10 03:44:31'),(91,'$2y$13$wfXxevCPzlUzTkJoT1Z2KufrLavbNDNlwLn44UkglJ31y8yaUWki6','2020-12-10 03:44:57','2020-12-10 03:45:28'),(92,'$2y$13$q6zwdip/KriEG0eLXa0oZu6ygHuy4Ks0CT1q0AQItoLZVAHtm7O.6','2020-12-10 03:45:53','2020-12-10 03:46:24'),(93,'$2y$13$34GSC9ZE26oxINLpMmx0vuvM/71KNL18tNIZaMeULsZ78UjDkUiAW','2020-12-10 03:46:49','2020-12-10 03:47:18'),(94,'$2y$13$09r9WNyPctG0Ayj/Cwhf0.26DUWd52fQGEw0qUdfMLWZWXOy3FPju','2020-12-10 03:47:43','2020-12-10 03:48:14'),(95,'$2y$13$lgwKOLd/Zu/foQHRgqjshuEixtrZCHO8Viq/TfzduRJL5d8warbFm','2020-12-10 03:48:39','2020-12-10 03:49:12'),(96,'$2y$13$12he9wMvR4y.RlfquKHKt.QtKd8cUgpzURwuWOaxc.AInZfqDbeva','2020-12-10 03:49:37','2020-12-10 03:50:08'),(97,'$2y$13$leS8VDvyN4ENMPEoiGVcYOo9qsd6jInMdNaMxd4mlfoeuv.QI9ht.','2020-12-10 03:50:34','2020-12-10 03:51:05'),(98,'$2y$13$Ka7X/iUPcSv0ZSPQ3ZJDOu4vSYglD/3R4LXD6IpQ2CgJA6ZAgdfiK','2020-12-10 03:51:31','2020-12-10 03:52:06'),(99,'$2y$13$.91ctthlzPSNOWLkBRYYZ.r9YmtHQF20raiOTQ9qX7/F2Fvk8gFfW','2020-12-10 03:52:31','2020-12-10 03:53:02'),(100,'$2y$13$b0vqAT3Km89S4hHofxTpOOQg6EiKfnrZxTM8hhNiIDnagz/XAicgq','2020-12-10 03:53:28','2020-12-10 03:53:58'),(101,'$2y$13$5wGAw1yi4F1hgj1s4lSyfupBzyKHFnTWDBiUUWYPu9cISF3jJ8YP2','2020-12-10 03:54:24','2020-12-10 03:54:54'),(102,'$2y$13$w34OpbRuHffiXBy9uWd5iOv1Z4ksOd46UAdHDRuUSRA7z3kG5MyPO','2020-12-10 03:55:20','2020-12-10 03:55:53'),(103,'$2y$13$Q5UTSzHesSWR1DKUMDORi./7GnR60W1h6HoLDgykiFPzxVon8cs5y','2020-12-10 03:56:18','2020-12-10 03:56:49'),(104,'$2y$13$KmGWEUgl95lek1cmBRPE8egk09FuknJ/E95SS64uQOwxePlyEQsgS','2020-12-10 03:57:14','2020-12-10 03:57:43'),(105,'$2y$13$49C8wPgPnR1cu/p7TxnDl..yP/Z8zQeHDuvmmfYtk.GXGQ71SAksq','2020-12-10 03:58:09','2020-12-10 03:58:40'),(106,'$2y$13$FIvEGJAPbHTqUFkVXA0cZe0zykjcMv75/USdqBORnTg2RfO.omxXK','2020-12-10 03:59:05','2020-12-10 03:59:35'),(107,'$2y$13$qVHo/SXLJwpDZIpdEI4l2u0/TdcW0l6eI3CNLEhQOuovoiOGVb74a','2020-12-10 04:00:01','2020-12-10 04:00:32'),(108,'$2y$13$iqmJ7bPzAyYE7og8NLu7N.2kqH0jr5fknervwFVMf24I1w2aR1t3.','2020-12-10 04:00:58','2020-12-10 04:01:28'),(109,'$2y$13$xbJuah9M85wVoUuWTFzRE.v6EmIvOxrkMdiktwVI20f3F2x3rs9v.','2020-12-10 04:01:53','2020-12-10 04:02:26'),(110,'$2y$13$kx6viC.eoHK6vdJONfLqfOVpZmcRE8UNeIOYmKgZYw46ovlr5SAau','2020-12-10 04:02:51','2020-12-10 04:03:22'),(111,'$2y$13$Wh5V3HBOdwrTzrMGfAPVJOl5tYI3e7oUtVv/.liS7sRtguQ5CN.ge','2020-12-10 04:03:47','2020-12-10 04:04:18'),(112,'$2y$13$bTSoYJ17CkcYyNQEZkn7AOhfj6KbD4t0XXDFgxBevZsRqpylNT18u','2020-12-10 04:04:43','2020-12-10 04:05:15'),(113,'$2y$13$y0/4ZBRDxGQfJZwGoeSknueJ9pUZpJCllahoVDJdXpsTmx4WoBaWu','2020-12-10 04:05:40','2020-12-10 04:06:13'),(114,'$2y$13$WyfOYjQUd5qfkYTsxsedK.5sZ4Ptmu9NEX6NMV4LKGo7P1o10LDPW','2020-12-10 04:06:37','2020-12-10 04:07:09'),(115,'$2y$13$CSt1k.G9Wv5pdIjxXLUVZOpG16hKr/KXMJT7fsxp617oD2UU2Eakm','2020-12-10 04:07:34','2020-12-10 04:08:06'),(116,'$2y$13$uXV9VR1tVTqZfGUkkX8ep.PI44jOu7pZGR06apm6eIp7ihGIlQoU.','2020-12-10 04:08:31','2020-12-10 04:09:02'),(117,'$2y$13$9/q/VCflQv4eo327r7Axhuz29w2VMjAmXngIU9yrFtimqudLof75C','2020-12-10 04:09:26','2020-12-10 04:09:58'),(118,'$2y$13$ysLpl99VgH/ZA616jTfrve0hM0jQptCE1zCCs/Kljq.J2NaPMfT5S','2020-12-10 04:10:23','2020-12-10 04:10:53'),(119,'$2y$13$3JkzsqTa7n/hIhhuW/U3n.tXsr7PPJqchSmV/6zyqHuBHwRMHqUNS','2020-12-10 04:11:18','2020-12-10 04:11:48'),(120,'$2y$13$2DZkuKlM2IRG4pGVhAdMUezpYjGkXmVnofwhuWI5daKzxGnqYzfsa','2020-12-10 04:12:12','2020-12-10 04:12:44'),(121,'$2y$13$RtRWM/Y7P2kbKE5I8n/xZe52F38.LPSyWOeZwzZ2G273G9jHs8Qw2','2020-12-10 04:13:09','2020-12-10 04:13:40'),(122,'$2y$13$C/VCaaVTNH55OviQuNDYK.LMrF1CKzaZU7u62H.e6.OW.1renavxe','2020-12-10 04:14:05','2020-12-10 04:14:35'),(123,'$2y$13$nKus0rffcp8Z8Es4EXMUCuD5P6OfUNcDBrqBlf.ADI6p2euao.5lC','2020-12-10 04:15:01','2020-12-10 04:15:32'),(124,'$2y$13$.KYAcJbIz0ovc5156GJFxuNsEsWXC0i3wzUtH6n5QKuUp/qHTaD0C','2020-12-10 04:15:58','2020-12-10 04:16:28'),(125,'$2y$13$VwEBrahnTRi3aVqvnJU/vuTNrwUAUMq0txeIcI4zvZudsCsQb33le','2020-12-10 04:16:53','2020-12-10 04:17:24'),(126,'$2y$13$9XoSp/vYWxySsEd2Fmu6nO85.beC2YwweMUQw8/jI/o/uVTOP9.4G','2020-12-10 04:17:49','2020-12-10 04:18:20'),(127,'$2y$13$ds5gYyyY5rDd6VAwI9vla.F5F0wTEDd4Ex0ztdKSd8MK8fNMAruwm','2020-12-10 04:18:45','2020-12-10 04:19:15'),(128,'$2y$13$cygggibGy6ocKhqSErklIOEPnw8y97zzNsdibDongbLLWO7a.EtoG','2020-12-10 04:19:40','2020-12-10 04:20:11'),(129,'$2y$13$rmbKboCZL48T3S15hvcY9.6rMQaOlDz2GcgGk3l4XlLCqrcZv5Shm','2020-12-10 04:20:37','2020-12-10 04:21:08'),(130,'$2y$13$iuN17UXMrKHSfROYqCa3fuEfeJ7fmVqCXEY0Dm6VB6uXWipjf5P8y','2020-12-09 06:00:00','2020-12-10 04:21:44'),(131,'$2y$13$cRgzeVTy2de3V/o3LWbPH.uHa6hbNruTn0ynREuqFeMjh5BBEa7fC','2020-12-10 04:21:33','2020-12-10 04:22:02'),(132,'$2y$13$VWOn.wTOU/7xdb2/LnkzfOLXwRlM7VwMNzZ6AQmF3HFka3n29O17C','2020-12-10 04:22:28','2020-12-10 04:22:57'),(133,'$2y$13$eAFFYkWlO7GEwsb5dzfhv.J6lxR1xxovC9WtzjG.w1cTPz7yKpEdy','2020-12-10 04:23:22','2020-12-10 04:23:52'),(134,'$2y$13$jTAG0unuOFZDCcpl1AnFT.AK9KeN5nhUG3dT953CneT1L8X4QZmwy','2020-12-10 04:25:11','2020-12-10 04:25:41'),(135,'$2y$13$bKbh67f5JKbRkPYIRTgUauDNjne2qS3oT1Hdb4Xt3lh6gpceSQfwG','2020-12-10 04:26:06','2020-12-10 04:26:38'),(136,'$2y$13$18i//kvQXfuEhCYadYmA1uXR8RX4i/5QUhI3DxE1AYuKrr8I6Tj7K','2020-12-10 04:27:03','2020-12-10 04:27:35'),(137,'$2y$13$pMuRbJVFTJ.bvVJ/UlFSjOI6OWFClJWCYVqTEBJ5tYF.OZAUEYk2q','2020-12-10 04:28:02','2020-12-10 04:28:32'),(138,'$2y$13$UGbhY1Nx/VQydXx35iK/IOLBVMW3iZpzuPhq8RXaThOZB59A2Fcj2','2020-12-10 04:28:58','2020-12-10 04:29:28'),(139,'$2y$13$5xdNM2Z5b31T.yj2jTdgF.O5pstRQCvW3I4EYOm6DWHi.wfpmgEjC','2020-12-10 04:30:07','2020-12-10 04:30:37'),(140,'$2y$13$XwtzuQPFfIlQDE19VMHBIeFLg1syKSLliAYDoJ7uewMZTwk2/w5/G','2020-12-10 20:43:25','2020-12-10 20:44:35'),(141,'$2y$13$CeqAXNkAxgyEufT4KFQR/.8iQguqOaCPjT5OGLe8L2nhxTwhk6sLm','2020-12-11 06:00:00','2020-12-13 00:07:58');
/*!40000 ALTER TABLE `contagio` ENABLE KEYS */;
UNLOCK TABLES;

--
-- Table structure for table `estado`
--

DROP TABLE IF EXISTS `estado`;
/*!40101 SET @saved_cs_client     = @@character_set_client */;
/*!40101 SET character_set_client = utf8 */;
CREATE TABLE `estado` (
  `idestado` int(11) NOT NULL AUTO_INCREMENT,
  `nombre` varchar(90) NOT NULL DEFAULT '',
  `descripcion` varchar(90) NOT NULL DEFAULT '',
  `clave` varchar(10) DEFAULT NULL,
  `abreviatura` varchar(10) DEFAULT NULL,
  PRIMARY KEY (`idestado`) USING BTREE,
  UNIQUE KEY `idestado` (`idestado`) USING BTREE
) ENGINE=InnoDB AUTO_INCREMENT=36 DEFAULT CHARSET=utf8;
/*!40101 SET character_set_client = @saved_cs_client */;

--
-- Dumping data for table `estado`
--

LOCK TABLES `estado` WRITE;
/*!40000 ALTER TABLE `estado` DISABLE KEYS */;
INSERT INTO `estado` VALUES (1,'NO ESPECIFICADO','','36','NE'),(2,'AGUASCALIENTES','','01','AS'),(3,'BAJA CALIFORNIA','','02','BC'),(4,'BAJA CALIFORNIA SUR','','03','BS'),(5,'CAMPECHE','','04','CC'),(6,'COAHUILA DE ZARAGOZA','','05','CL'),(7,'COLIMA','','06','CM'),(8,'CHIAPAS','','07','CS'),(9,'CHIHUAHUA','','08','CH'),(10,'CIUDAD DE MEXICO','','09','DF'),(11,'DURANGO','','10','DG'),(12,'GUANAJUATO','','11','GT'),(13,'GUERRERO','','12','GR'),(14,'HIDALGO','','13','HG'),(15,'JALISCO','','14','JC'),(16,'MEXICO','','15','MC'),(17,'MICHOACAN DE OCAMPO','','16','MN'),(18,'MORELOS','','17','MS'),(19,'NAYARIT','','18','NT'),(20,'NUEVO LEON','','19','NL'),(21,'OAXACA','','20','OC'),(22,'PUEBLA','','21','PL'),(23,'QUERETARO','','22','QT'),(24,'QUINTANA ROO','','23','QR'),(25,'SAN LUIS POTOSI','','24','SP'),(26,'SINALOA','','25','SL'),(27,'SONORA','','26','SR'),(28,'TABASCO','','27','TC'),(29,'TAMAULIPAS','','28','TS'),(30,'TLAXCALA','','29','TL'),(31,'VERACRUZ DE IGNACIO DE LA LLAVE','','30','VZ'),(32,'YUCATAN','','31','YN'),(33,'ZACATECAS','','32','ZS'),(34,'NO APLICA','','88','NA'),(35,'SE IGNORA','','98','SI');
/*!40000 ALTER TABLE `estado` ENABLE KEYS */;
UNLOCK TABLES;

--
-- Table structure for table `individuo`
--

DROP TABLE IF EXISTS `individuo`;
/*!40101 SET @saved_cs_client     = @@character_set_client */;
/*!40101 SET character_set_client = utf8 */;
CREATE TABLE `individuo` (
  `idindividuo` int(11) NOT NULL AUTO_INCREMENT,
  `codigo` varchar(90) NOT NULL DEFAULT '',
  `fechacreacion` timestamp NOT NULL DEFAULT CURRENT_TIMESTAMP,
  PRIMARY KEY (`idindividuo`),
  UNIQUE KEY `codigo` (`codigo`)
) ENGINE=InnoDB AUTO_INCREMENT=266 DEFAULT CHARSET=utf8;
/*!40101 SET character_set_client = @saved_cs_client */;

--
-- Dumping data for table `individuo`
--

LOCK TABLES `individuo` WRITE;
/*!40000 ALTER TABLE `individuo` DISABLE KEYS */;
INSERT INTO `individuo` VALUES (78,'$2y$13$iuN17UXMrKHSfROYqCa3fuEfeJ7fmVqCXEY0Dm6VB6uXWipjf5P8y','2020-11-03 04:27:53'),(79,'$2y$13$foOYJic0hoBt8X1XUWBIRu8mO39TU2eiicb/x/WfdLWXWS0cxVMha','2020-11-03 05:04:46'),(80,'$2y$13$sGIwFQihJsxsuFtkIcPhpOBxXmocpLLchWNXz8WWtRyecZw/Gdokm','2020-11-03 05:52:04'),(81,'$2y$13$IRzBh1q.qy0OT1UV9nbejODBwkiKYLWN2eBapwszVQ0BIl3pJp1Yu','2020-11-03 12:44:55'),(82,'$2y$13$HMZvcLIENOg6Ww/jHbKHUOEQVGDz/eHfds7yls.cYuYzYhT5KAv3K','2020-11-03 18:07:34'),(83,'$2y$13$TWy9HTtOkMss1k4Wzoxz5OL2anZpOyy4tvj.gbXB/ZWuDhfFIB4EW','2020-11-03 23:12:11'),(84,'$2y$13$Uq75ZRa0vPTHb08/QSLcH.d767F4Jsmzd/eizJLREs6uxCJNUfxYe','2020-11-05 20:44:53'),(85,'$2y$13$EfFWiYnRRK6aMwOlTTrfnuWEAk.hgvbdqOgldCVNTnbGBk3.OFqNq','2020-11-05 21:34:03'),(86,'$2y$13$QFV7lQcogcsYcQBBAjIbxOAbn2sJSxNiWJYodu7bDvROxH7YdpRMe','2020-11-05 22:11:11'),(87,'$2y$13$sYeWkyqziPH0g.P16KR7ZeofTpEtPoNqtgboHuUSCO6SlmnPGlboa','2020-11-05 22:27:46'),(102,'$2y$13$NsE13xCINNMVhtMOsu6R9.6Azp59MiUp4zTr23VIj21HLH00ax3ke','2020-11-08 02:07:42'),(103,'$2y$13$SzINxaiD6gAwEkWSDyDPbOQflV/9zUGqgdayAsWph9eJepxUVQdUi','2020-11-08 13:58:17'),(104,'no identificado','2020-11-09 02:23:24'),(105,'$2y$13$/Xpm9EJNO6vCV2uzktKoT.po4A67ABesKn4C9sQU4eluUIiGiFRKi','2020-11-09 23:43:24'),(106,'$2y$13$t3MHITWbtQ0u4bl00.56BufbrzCn5Ey1X.YObRD7.HI6I5qHHpOly','2020-11-09 23:45:32'),(107,'$2y$13$uzRn6XymYy.WqwMSJ0hdaeqdiyexfewCbkRaH6drYxpDL.QazwnZm','2020-11-09 23:45:56'),(108,'$2y$13$WCeu1ZyTgLgHOqz7.F4VHe0QmuwfdfCU/n1eKc2pGYK96LcsPYyTS','2020-11-09 23:46:11'),(109,'$2y$13$TUvH35ncRnxor5Eonldw/eA6xOqdw8UUq2Ts8EolhtUppmgz60mDa','2020-11-10 00:55:12'),(110,'$2y$13$fYy1ulOX7IN/l3FoTp3yUOTYQfC3Gk9tEHIoz4Fg7oDPPLbUhgL1i','2020-11-10 01:14:40'),(111,'$2y$13$ClJgDfEnvQGaKUL1iK8uPOgYUG.j8gjsMoPh1M0ZNjiKToN3S8V5.','2020-11-10 01:17:34'),(112,'$2y$13$3sxS4FgCYbfb8bQ1FB.BreGhWkUhVdIC3qLbG5W6mrf6Icjf/caJ2','2020-11-10 01:19:51'),(113,'$2y$13$sLDX1e3OvEtTdYCOWK2XrOAeysUJ4ZpfeV4949Bw1Mx0fYf77eId2','2020-11-11 16:58:08'),(114,'$2y$13$0aUVWARcxRt719YsNkcAXehOjkk8S1yR2hnHtsJ.BXFkGjqN8Wc8C','2020-11-12 16:05:45'),(115,'$2y$13$py9QycxuhP8bGRzEUjEMZeJ2nhBTyCUU7FHOsQo6..Njhuh4QSjkG','2020-11-16 16:26:46'),(116,'$2y$13$wsZzaj9gTdk89juZ13xMvuTbjlzrudEGXQLlCqXAdKBFv22AmJp5K','2020-11-24 21:19:22'),(117,'$2y$13$UWu48GMfiO.ekAFFAikjh.aA1YrqeeQBfwQa.yBNot2.j1L6Cpc.S','2020-11-26 01:53:44'),(118,'$2y$13$XEIi7/16O7gY9.g4yn/CtutuadkvGwDDhCmieiKOqe2NGGL5Kxt4O','2020-11-29 22:26:48'),(119,'$2y$13$uBRPgHWdH.F846CANZ3kte9uatbBKKxWOgq2QJW7XNb.OcLNpix8W','2020-12-04 16:22:32'),(120,'$2y$13$R2Bh6pN4vZ1Fe09QEOATTeuZfXHexUXqcEHPCgstKh5Q6FBOCkjcy','2020-12-05 02:36:52'),(121,'$2y$13$j75Eq7BZM3rvp9fZXy5uo.4plILgV9tBcmZaroGX.IRqnmhUOxlKO','2020-12-07 01:48:38'),(122,'$2y$13$GPslbP0Tzalg3bxfJ9PB2edl2RjLn2W/mfju1piYisk6WcMgTGD.i','2020-12-07 02:41:18'),(123,'$2y$13$6tGoefA4BpDloucG4cloDOZTKWMRiBZFFlqGteVyefqWLW6yFZVmS','2020-12-07 03:56:14'),(124,'$2y$13$0PYm54MZbJ5r9E16vA0f0.kBSu3a8nTUdU6grjq568Tr2JaLqcnDS','2020-12-08 04:23:15'),(125,'$2y$13$zzeP9Lm/0Ln/P4fUA1hoKem9kGRhI9V2nHVEjX4u1nltqkYdGISpa','2020-12-08 04:27:09'),(126,'$2y$13$QH3jZiX1/jucAXo0JNt6.exQdp20MREUwiYHOBn515igtmZqhAYsa','2020-12-08 04:41:07'),(127,'$2y$13$M/B1McSAAJrec0OluFNmkuGfI3e1mucbWKFxIN2UC2rF3.FwPUPzS','2020-12-08 04:46:31'),(128,'$2y$13$1rZqjTgkJIcXdnfL.GF8puKeGIqrNKXdqy462/bBsbmK6XJ/oV55W','2020-12-08 04:52:36'),(129,'$2y$13$iuJqz4YR89D6/e28ao5cH.9rkksnnkIM/4ZmNn9dKxryMKiQGTYQm','2020-12-08 04:54:42'),(130,'$2y$13$PZf0358Se6idWokcRsOOUe3tRMGEKaqurdPxSC/lv2mXC1Oz4trJe','2020-12-08 04:59:22'),(131,'$2y$13$5yDr95JeyBcMAKY1DWEbCOou5bRLYWKzhDynP3Gy3EeKie2eKkhVa','2020-12-08 05:01:18'),(132,'$2y$13$7XUGQ5r0vSlMrznWSAWWFOuOC2I0OVJUNDob2vK6k7i6sNMoVPlki','2020-12-08 05:33:14'),(133,'$2y$13$ycgPVP4rp6uNiflUFausHek3Lo0YThooYWgEUOrVQZEVom.NstUiC','2020-12-09 03:03:09'),(134,'$2y$13$c6l0.ymVAWaw.b3nc9TEYeiMjiNRM2EHjr42Gdw2HovgDHmueLW.i','2020-12-09 03:07:48'),(135,'$2y$13$G78EJ4BEchnaVN5KLJJFn.9wSf5SWRXh.9QmLfSIE7xuOxvjYa2pS','2020-12-09 16:34:16'),(136,'$2y$13$3Y32dg/3G910fVJUKYpchuFaCManHs.9b1/sDvuUgqMdAYJSu2962','2020-12-09 16:36:45'),(137,'$2y$13$ggyXQrCEwk5JyXyzv9aMxOsI1l2CCvFcWrRQl0fMOIBPv21IQJo.2','2020-12-09 16:37:14'),(138,'$2y$13$SRwtslL5OV44BXjmTDbSf.vuXpLxZXCfLZtAeffSCN9P.ycDXBUMu','2020-12-09 16:38:20'),(139,'$2y$13$dL0sEnyFMPnWXWlNLjn7teaGmUtsk3F/C7BWrlnNX.N.WSdcrm8f2','2020-12-09 16:44:54'),(140,'$2y$13$mcJL3Bn3SwMmbGpTuu.Y..xUzSsiIlrk/4F59yY4l76Wfb6zzEt6y','2020-12-09 16:47:00'),(141,'$2y$13$4vmcFMy9sApkDKHSRGs4oe2Sag2u4IrKyvP3VJ3QpdVi1qYI.fJdK','2020-12-09 16:55:58'),(142,'$2y$13$nXi8nUGq30bWsUGYtnyprO9bpkcIFKJu6P3i30qZ8p3YgX0NkrpSS','2020-12-09 17:05:33'),(143,'$2y$13$AtSJPy95eMnySuTBWImsre4OxSHeRin1JCoKbZ2fRdxU1/SSdBYBe','2020-12-09 17:06:08'),(144,'$2y$13$WvFlXGGQrfS4aNrxp8bk6uqw2lKRI4JhwZBqCRZSBSEWY6k7uMozC','2020-12-09 17:08:08'),(145,'$2y$13$VE40ugNSm98D6wkDtn1XpuzVg5XVh8Em/Tq.FuWJWdDrpXgdoSuEG','2020-12-09 17:28:51'),(146,'$2y$13$1fvBMcQT4z6MmTwx2pP7lu671Wv8teU8466LiY.nQTb398YHJ.nmm','2020-12-09 17:31:28'),(147,'$2y$13$.32/BAbAijU9M5tIq/3Vfe.fosEubWIInFylg0x3ZG6M49YIkkemW','2020-12-09 19:47:53'),(148,'$2y$13$xLaPnUCdUEz/XMdjspHPyOgchBILEGVYn72FUZPHuqN6QujLybi82','2020-12-09 19:48:54'),(149,'$2y$13$CeqAXNkAxgyEufT4KFQR/.8iQguqOaCPjT5OGLe8L2nhxTwhk6sLm','2020-12-09 21:34:39'),(150,'$2y$13$NYJbr8Ef7YzkErqNy.yXIuR3vgd0t3klqLrB6I.DvtSKJ1PuOaxeu','2020-12-09 23:16:36'),(151,'$2y$13$ICBlZ2/SZSsfVIVVNgjuE.BqTtyx97wPSEHwV9/jEfYUeLb4jOmYG','2020-12-09 23:20:52'),(152,'$2y$13$ngo9ZM3KChpcPvSV0yLDM.DA.WINHze4jAEAJdwrDdWbkXwiCn7hm','2020-12-09 23:29:14'),(153,'$2y$13$M/N/PASzylZxdr67HiC4qu4capHiUhjJtXeBJI.t4AO1dVg2FhWjm','2020-12-09 23:30:03'),(154,'$2y$13$8sDXxJU2fzFcGJZyGG3DDuRFua.v9GskD5tM8slmKB2MvytGBnAOq','2020-12-09 23:30:59'),(155,'$2y$13$UCZH4qdsF4WTj2SJ1wnaoOlyEpib4fVCCX.U9OIt3xhSSg2mPlkw6','2020-12-09 23:31:56'),(156,'$2y$13$Br4VJ2pVCU12bFott.8w.ueh/H1lpS.X87elJUaTpXlrOXbWrNiAC','2020-12-09 23:32:53'),(157,'$2y$13$OS2FiQqJw4SQvG805dUnten.VJia.DzvBgqsatZ6.1glToLgku6Pe','2020-12-09 23:33:49'),(158,'$2y$13$eJ0KRgC.UWL/jfzzdNoAzuw9PM3uOvabl3pXQRVsn5DldlhLxk7Su','2020-12-09 23:34:46'),(159,'$2y$13$.qrvjaTuxV1FcMIYM16vH.qQaa8cJY5YDWAoSrQTM.S0HJruatVvC','2020-12-09 23:35:42'),(160,'$2y$13$9xT.cPgpTckHDWanMkwLROH6dq5fEJuHnvuvlPOguJpD9cSzdeYBi','2020-12-09 23:36:37'),(161,'$2y$13$iOmdv7eQymhGaCbuxsoJceSOLuDPV/1wj7IVnxN1duHMKIUjjJ9om','2020-12-09 23:37:34'),(162,'$2y$13$VKmB6wlI56zasg/Bl0VyE.eZrnuB4YHJMJhXFW/04dXDOCkRPKhMS','2020-12-10 00:40:32'),(163,'$2y$13$RRLD3X9TUAWTZP6R/2ZYQOWweDDc5CudRnnAD3OJVqXF6vOoq2WMO','2020-12-10 02:56:59'),(164,'$2y$13$6KgxwdFNzTx1DiP9ZaTlZutVyXOQbgQ1lxnu1rcc3z5d3rqhcfXJS','2020-12-10 02:57:56'),(165,'$2y$13$hGUjyj.RsuunJplZNqIoP.5cbZBV9NU9OYGuuljV6s9k5otSc9ed.','2020-12-10 02:58:53'),(166,'$2y$13$GJDCiIJWss2RDKb2HVpLz.lwUfEYfpPbLYJw8QA3olEGLYDln8y0y','2020-12-10 02:59:49'),(167,'$2y$13$bcn1552t9XwMe8HGOFErHupsQA03JEEFqkl7RdHl16zpfnsRSgWri','2020-12-10 03:00:48'),(168,'$2y$13$HgKStIU1dhsq8yPD0uS9De770KfH86ER.hkIdnXLV6Gr8U4gKniQK','2020-12-10 03:01:42'),(169,'$2y$13$5tqUc4yxykWtuzrDn6VtQO38HWlGqPGLDfY3xPJcFKLHKV2zSuu66','2020-12-10 03:02:38'),(170,'$2y$13$vCou2pGSoueB4gHYOTArG.H1OSIHm.NiqfrPwhQgjCqNlxUg1Buca','2020-12-10 03:03:32'),(171,'$2y$13$xL/HlCcW7.jp0IlC/aSYGun6IP62yhZYTvhk7J07xgQX82zt.EGZO','2020-12-10 03:04:28'),(172,'$2y$13$21VPp33EZ86EWJpU7ZrxiebwwMTCE44wfUSLA3Ns/CRJMeHshm.2C','2020-12-10 03:05:31'),(173,'$2y$13$v5hTb5e5rcJ5AJxFTzwKI.7oS7kwR6fUJXoVYo/SldK.sqVU/XkRG','2020-12-10 03:06:22'),(174,'$2y$13$L1Dn57Qxm8HJOertynxkp.JXBgDhbUnbo21n5BoHHP4O3Wrw0CrWq','2020-12-10 03:07:17'),(175,'$2y$13$A3rZsoQwNRUU0CuDBNYUeO2TMY0kRi8ySLX88fc7jg/FqsF8Fd.oe','2020-12-10 03:08:13'),(176,'$2y$13$eqhihVlEajiJwa9goQJs1e.zY32iu9P29DbaZ8hfSmDKHl2eg8/Ru','2020-12-10 03:09:09'),(177,'$2y$13$e.VvjVDoVXdkWcB6ImACX.ktHxu97jNSXz0TMe7raTWU4.OxbZTqW','2020-12-10 03:10:07'),(178,'$2y$13$9vUqs7bW7a7.xvnGolB.uu/rycUQiu/WZtCqF.gdM.8VCvLyJmXk.','2020-12-10 03:11:05'),(179,'$2y$13$ZVqxm83X5QfUIrhN1Rn4h.H1tU9vH.j34.6kbbQNs4AvEYQPcoIAu','2020-12-10 03:11:59'),(180,'$2y$13$ki5JvsNsoLBg3.hu98FdT.zerFNI/khfzXIrS41NmRDKXa9npnj0a','2020-12-10 03:12:56'),(181,'$2y$13$HKG.Td6.jrSv2X2c/GsW6exAvDXlT59DUVGa/eDqy2ACLyD/HPqaK','2020-12-10 03:13:53'),(182,'$2y$13$4Y5ZhV.1rSebhlIgJg7rL.uTwX6Bvxtpn2/.mQmMfOIpCkp0EyP7a','2020-12-10 03:14:55'),(183,'$2y$13$XDaV0SPx8FDtVZYspf6fneVAhUGss1iEYuCFwIpU1cThkMkKLkV/u','2020-12-10 03:15:48'),(184,'$2y$13$U4n8mWS/ZJUqTEbxG4587eJpsyNPeUK.9ezlloZxAvmtEF532tt.m','2020-12-10 03:16:45'),(185,'$2y$13$GD5rujvKskuSf4qVl8oxMuSchrhRVV9VhA9OVTLFEP.SZY/Dt6ZRO','2020-12-10 03:17:42'),(186,'$2y$13$sljuWrW7ddd6XhgLGNByO.i/d0f1BV9NXr442D/MnvPoPS9N5xrH6','2020-12-10 03:18:39'),(187,'$2y$13$wNi1dkofqo6H5HmLcBMpeu4r8yxxwOVRi8gEVwGgLQ2hvACF4Yb6K','2020-12-10 03:19:40'),(188,'$2y$13$tpPNpKslwKKR8Fir.ThznuU3UWQz6pQr9jXUSlEU34nwVYgSxPl7u','2020-12-10 03:20:36'),(189,'$2y$13$MxCChg39g5LLtGcYZClj7.bfbVXWE9.gvhHRufFKO.ffTvwGjUzn.','2020-12-10 03:21:31'),(190,'$2y$13$GYlJzn2YMegaN7Hf9DfQieNxZz4KNumkLSCUqi2iu6J4u7ScNUy/K','2020-12-10 03:22:30'),(191,'$2y$13$B83VckzvIAXHFkbtiemnv.EmE2Teiu6eEVSANedsTMOsHMQZaNaLG','2020-12-10 03:23:26'),(192,'$2y$13$7D3TeD0fHE9.Um0/6xPcaO5.t1VBAYGgcfmxHD6SDL/3lg51bj6c.','2020-12-10 03:24:20'),(193,'$2y$13$eXYwTKvSu/8oWFH8RoL2WumEe8hNjDXkut8sKIkIYwblyXs5liJQe','2020-12-10 03:25:21'),(194,'$2y$13$18q8nFOuKhKHHkRgy1ATuOXYcueW21tNc9/SBBbFtZ6ggicyL/m.a','2020-12-10 03:26:12'),(195,'$2y$13$Eeh7u0p3X0GEXEfHPcsbHexjVmuDzI/AzoSZz/SncDGyeYsOW6UNG','2020-12-10 03:27:07'),(196,'$2y$13$k0KddbigzuySHM9dzh68ge8n6iuQBbartDI6uY.TSkU8ABEf4M76m','2020-12-10 03:28:05'),(197,'$2y$13$1njrD/90NHSf4B4hyHp0Me8osSNNLmbqYr0KYz3ZPNge0OxYDOeb2','2020-12-10 03:29:00'),(198,'$2y$13$hUlbiwvy9DLSvo.fOzpWoez3vd2ZkkeFKT5J0NajYIwulnWOdEXLm','2020-12-10 03:29:56'),(199,'$2y$13$B4Q7Ik0skF/v/53zUuHTF.ER3cJXs5iQk84ZLronJ0xs2K4jVhwx.','2020-12-10 03:30:52'),(200,'$2y$13$spi3F7/I7PPHt02Oye0dNuXpPGWeWtTe8/HXliai5K0bj1VDbBhiG','2020-12-10 03:31:47'),(201,'$2y$13$JRM/vGrMBpElTGc3sWMoju0tS/PKNiuFyyYFqPqWN6MUwO8/xV7Oi','2020-12-10 03:32:45'),(202,'$2y$13$bQa54jTYwM1gFejnKisJ1Oe1YK5PBGN4d17B39TxN/rPkfp7beZ4a','2020-12-10 03:33:53'),(203,'$2y$13$Ayvetgbof1En6eA5U5w34u7ifTlMU/VIP.RTMox55bkHJnpW.9IpC','2020-12-10 03:34:47'),(204,'$2y$13$.Z5DogMcKuiDVFjHp9L1F.0xursU4p84nGaAU/kPl3np5T/Nceuya','2020-12-10 03:35:19'),(205,'$2y$13$tNrE4fewmg23hT7RW7gxI.lQr9tZ92xcZN2nPSqrIuwtp.cvv3wNK','2020-12-10 03:35:44'),(206,'$2y$13$TrVqkwYf9VdSb/16.0vjVuhkS5gZr4JRlAzayhLzrfQAks7MwaJSG','2020-12-10 03:36:39'),(207,'$2y$13$ZCdBfWUkYt8VF793sHlv2OSQbiGWfOHFsaripMjFNbUa3oZRG/PKS','2020-12-10 03:37:36'),(208,'$2y$13$lyG0gqNq79pCqUbY9AjXcO7ZVRV2yD6t5k725B3dxCjMdbdAGRMxa','2020-12-10 03:38:38'),(209,'$2y$13$tQDyJSiW7Cj1pfnLJBap1On4WUiZPPLGRA3wHjecsGmvcU5PeHgp2','2020-12-10 03:39:30'),(210,'$2y$13$I48dtOe8CNDQCrAIIOuLwOJ176Q9xTGotnFGJCnSZxR75WepZuG2e','2020-12-10 03:40:24'),(211,'$2y$13$OivkcrYepLTokQp4TCcf4u8qnj/03Nhfw8lRzSdEiSsgESuiA4gcW','2020-12-10 03:41:21'),(212,'$2y$13$h57B4viliKpLUHIxQ00D4OWzQXDmIiHiV.Fia/.EZiold2aIz3ZA.','2020-12-10 03:42:16'),(213,'$2y$13$06nb8KE2puukEBZtKktNeOi99vkWXa0ISJ./b2zCqaBBsGDClUrjm','2020-12-10 03:43:13'),(214,'$2y$13$HqpqdN65.Uy2d9WiJ5Jp4utwHLfK2w4y.6k1skXyHK9nMIw1cl1HG','2020-12-10 03:44:08'),(215,'$2y$13$wfXxevCPzlUzTkJoT1Z2KufrLavbNDNlwLn44UkglJ31y8yaUWki6','2020-12-10 03:45:04'),(216,'$2y$13$q6zwdip/KriEG0eLXa0oZu6ygHuy4Ks0CT1q0AQItoLZVAHtm7O.6','2020-12-10 03:46:00'),(217,'$2y$13$34GSC9ZE26oxINLpMmx0vuvM/71KNL18tNIZaMeULsZ78UjDkUiAW','2020-12-10 03:47:01'),(218,'$2y$13$09r9WNyPctG0Ayj/Cwhf0.26DUWd52fQGEw0qUdfMLWZWXOy3FPju','2020-12-10 03:47:50'),(219,'$2y$13$lgwKOLd/Zu/foQHRgqjshuEixtrZCHO8Viq/TfzduRJL5d8warbFm','2020-12-10 03:48:46'),(220,'$2y$13$12he9wMvR4y.RlfquKHKt.QtKd8cUgpzURwuWOaxc.AInZfqDbeva','2020-12-10 03:49:45'),(221,'$2y$13$leS8VDvyN4ENMPEoiGVcYOo9qsd6jInMdNaMxd4mlfoeuv.QI9ht.','2020-12-10 03:50:40'),(222,'$2y$13$Ka7X/iUPcSv0ZSPQ3ZJDOu4vSYglD/3R4LXD6IpQ2CgJA6ZAgdfiK','2020-12-10 03:51:36'),(223,'$2y$13$.91ctthlzPSNOWLkBRYYZ.r9YmtHQF20raiOTQ9qX7/F2Fvk8gFfW','2020-12-10 03:52:38'),(224,'$2y$13$b0vqAT3Km89S4hHofxTpOOQg6EiKfnrZxTM8hhNiIDnagz/XAicgq','2020-12-10 03:53:34'),(225,'$2y$13$5wGAw1yi4F1hgj1s4lSyfupBzyKHFnTWDBiUUWYPu9cISF3jJ8YP2','2020-12-10 03:54:30'),(226,'$2y$13$w34OpbRuHffiXBy9uWd5iOv1Z4ksOd46UAdHDRuUSRA7z3kG5MyPO','2020-12-10 03:55:27'),(227,'$2y$13$Q5UTSzHesSWR1DKUMDORi./7GnR60W1h6HoLDgykiFPzxVon8cs5y','2020-12-10 03:56:26'),(228,'$2y$13$KmGWEUgl95lek1cmBRPE8egk09FuknJ/E95SS64uQOwxePlyEQsgS','2020-12-10 03:57:20'),(229,'$2y$13$49C8wPgPnR1cu/p7TxnDl..yP/Z8zQeHDuvmmfYtk.GXGQ71SAksq','2020-12-10 03:58:15'),(230,'$2y$13$FIvEGJAPbHTqUFkVXA0cZe0zykjcMv75/USdqBORnTg2RfO.omxXK','2020-12-10 03:59:11'),(231,'$2y$13$qVHo/SXLJwpDZIpdEI4l2u0/TdcW0l6eI3CNLEhQOuovoiOGVb74a','2020-12-10 04:00:07'),(232,'$2y$13$iqmJ7bPzAyYE7og8NLu7N.2kqH0jr5fknervwFVMf24I1w2aR1t3.','2020-12-10 04:01:05'),(233,'$2y$13$xbJuah9M85wVoUuWTFzRE.v6EmIvOxrkMdiktwVI20f3F2x3rs9v.','2020-12-10 04:02:00'),(234,'$2y$13$kx6viC.eoHK6vdJONfLqfOVpZmcRE8UNeIOYmKgZYw46ovlr5SAau','2020-12-10 04:02:58'),(235,'$2y$13$Wh5V3HBOdwrTzrMGfAPVJOl5tYI3e7oUtVv/.liS7sRtguQ5CN.ge','2020-12-10 04:03:54'),(236,'$2y$13$bTSoYJ17CkcYyNQEZkn7AOhfj6KbD4t0XXDFgxBevZsRqpylNT18u','2020-12-10 04:04:50'),(237,'$2y$13$y0/4ZBRDxGQfJZwGoeSknueJ9pUZpJCllahoVDJdXpsTmx4WoBaWu','2020-12-10 04:05:54'),(238,'$2y$13$WyfOYjQUd5qfkYTsxsedK.5sZ4Ptmu9NEX6NMV4LKGo7P1o10LDPW','2020-12-10 04:06:43'),(239,'$2y$13$CSt1k.G9Wv5pdIjxXLUVZOpG16hKr/KXMJT7fsxp617oD2UU2Eakm','2020-12-10 04:07:40'),(240,'$2y$13$uXV9VR1tVTqZfGUkkX8ep.PI44jOu7pZGR06apm6eIp7ihGIlQoU.','2020-12-10 04:08:37'),(241,'$2y$13$9/q/VCflQv4eo327r7Axhuz29w2VMjAmXngIU9yrFtimqudLof75C','2020-12-10 04:09:33'),(242,'$2y$13$ysLpl99VgH/ZA616jTfrve0hM0jQptCE1zCCs/Kljq.J2NaPMfT5S','2020-12-10 04:10:37'),(243,'$2y$13$3JkzsqTa7n/hIhhuW/U3n.tXsr7PPJqchSmV/6zyqHuBHwRMHqUNS','2020-12-10 04:11:24'),(244,'$2y$13$2DZkuKlM2IRG4pGVhAdMUezpYjGkXmVnofwhuWI5daKzxGnqYzfsa','2020-12-10 04:12:19'),(245,'$2y$13$RtRWM/Y7P2kbKE5I8n/xZe52F38.LPSyWOeZwzZ2G273G9jHs8Qw2','2020-12-10 04:13:16'),(246,'$2y$13$C/VCaaVTNH55OviQuNDYK.LMrF1CKzaZU7u62H.e6.OW.1renavxe','2020-12-10 04:14:12'),(247,'$2y$13$nKus0rffcp8Z8Es4EXMUCuD5P6OfUNcDBrqBlf.ADI6p2euao.5lC','2020-12-10 04:15:14'),(248,'$2y$13$.KYAcJbIz0ovc5156GJFxuNsEsWXC0i3wzUtH6n5QKuUp/qHTaD0C','2020-12-10 04:16:05'),(249,'$2y$13$VwEBrahnTRi3aVqvnJU/vuTNrwUAUMq0txeIcI4zvZudsCsQb33le','2020-12-10 04:16:59'),(250,'$2y$13$9XoSp/vYWxySsEd2Fmu6nO85.beC2YwweMUQw8/jI/o/uVTOP9.4G','2020-12-10 04:17:56'),(251,'$2y$13$ds5gYyyY5rDd6VAwI9vla.F5F0wTEDd4Ex0ztdKSd8MK8fNMAruwm','2020-12-10 04:18:52'),(252,'$2y$13$cygggibGy6ocKhqSErklIOEPnw8y97zzNsdibDongbLLWO7a.EtoG','2020-12-10 04:19:47'),(253,'$2y$13$rmbKboCZL48T3S15hvcY9.6rMQaOlDz2GcgGk3l4XlLCqrcZv5Shm','2020-12-10 04:20:44'),(254,'$2y$13$cRgzeVTy2de3V/o3LWbPH.uHa6hbNruTn0ynREuqFeMjh5BBEa7fC','2020-12-10 04:21:39'),(255,'$2y$13$VWOn.wTOU/7xdb2/LnkzfOLXwRlM7VwMNzZ6AQmF3HFka3n29O17C','2020-12-10 04:22:34'),(256,'$2y$13$eAFFYkWlO7GEwsb5dzfhv.J6lxR1xxovC9WtzjG.w1cTPz7yKpEdy','2020-12-10 04:23:28'),(257,'$2y$13$ALM8eUhkcWWkTNcEX.MH7OSr6ChpjLepqI7XTwe9iJRgpDD89RXme','2020-12-10 04:24:32'),(258,'$2y$13$jTAG0unuOFZDCcpl1AnFT.AK9KeN5nhUG3dT953CneT1L8X4QZmwy','2020-12-10 04:25:24'),(259,'$2y$13$bKbh67f5JKbRkPYIRTgUauDNjne2qS3oT1Hdb4Xt3lh6gpceSQfwG','2020-12-10 04:26:13'),(260,'$2y$13$18i//kvQXfuEhCYadYmA1uXR8RX4i/5QUhI3DxE1AYuKrr8I6Tj7K','2020-12-10 04:27:09'),(261,'$2y$13$pMuRbJVFTJ.bvVJ/UlFSjOI6OWFClJWCYVqTEBJ5tYF.OZAUEYk2q','2020-12-10 04:28:08'),(262,'$2y$13$UGbhY1Nx/VQydXx35iK/IOLBVMW3iZpzuPhq8RXaThOZB59A2Fcj2','2020-12-10 04:29:04'),(263,'$2y$13$5xdNM2Z5b31T.yj2jTdgF.O5pstRQCvW3I4EYOm6DWHi.wfpmgEjC','2020-12-10 04:30:15'),(264,'$2y$13$nRcED8CpgGZLJhD25.tTrObVzRvXkq3jTkhR.vRInYg7Lo2dSbJ7u','2020-12-10 04:48:22'),(265,'$2y$13$XwtzuQPFfIlQDE19VMHBIeFLg1syKSLliAYDoJ7uewMZTwk2/w5/G','2020-12-10 20:44:26');
/*!40000 ALTER TABLE `individuo` ENABLE KEYS */;
UNLOCK TABLES;

--
-- Table structure for table `municipio`
--

DROP TABLE IF EXISTS `municipio`;
/*!40101 SET @saved_cs_client     = @@character_set_client */;
/*!40101 SET character_set_client = utf8 */;
CREATE TABLE `municipio` (
  `idmunicipio` int(11) NOT NULL AUTO_INCREMENT,
  `nombre` varchar(90) NOT NULL DEFAULT '',
  `descripcion` varchar(90) NOT NULL DEFAULT '',
  `clave` varchar(10) DEFAULT NULL,
  `idestado` int(11) DEFAULT NULL,
  PRIMARY KEY (`idmunicipio`) USING BTREE,
  UNIQUE KEY `idmunicipio` (`idmunicipio`) USING BTREE,
  KEY `FK_municipio_estado` (`idestado`),
  CONSTRAINT `FK_municipio_estado` FOREIGN KEY (`idestado`) REFERENCES `estado` (`idestado`)
) ENGINE=InnoDB AUTO_INCREMENT=2502 DEFAULT CHARSET=utf8;
/*!40101 SET character_set_client = @saved_cs_client */;

--
-- Dumping data for table `municipio`
--

LOCK TABLES `municipio` WRITE;
/*!40000 ALTER TABLE `municipio` DISABLE KEYS */;
INSERT INTO `municipio` VALUES (1,'AGUASCALIENTES','01','001',2),(2,'ENSENADA','02','001',3),(3,'COMONDU','03','001',4),(4,'CALKINI','04','001',5),(5,'ABASOLO','05','001',6),(6,'ARMERIA','06','001',7),(7,'ACACOYAGUA','07','001',8),(8,'AHUMADA','08','001',9),(9,'CANATLAN','10','001',11),(10,'ABASOLO','11','001',12),(11,'ACAPULCO DE JUAREZ','12','001',13),(12,'ACATLAN','13','001',14),(13,'ACATIC','14','001',15),(14,'ACAMBAY DE RUIZ CASTAEDA','15','001',16),(15,'ACUITZIO','16','001',17),(16,'AMACUZAC','17','001',18),(17,'ACAPONETA','18','001',19),(18,'ABASOLO','19','001',20),(19,'ABEJONES','20','001',21),(20,'ACAJETE','21','001',22),(21,'AMEALCO DE BONFIL','22','001',23),(22,'COZUMEL','23','001',24),(23,'AHUALULCO','24','001',25),(24,'AHOME','25','001',26),(25,'ACONCHI','26','001',27),(26,'BALANCAN','27','001',28),(27,'ABASOLO','28','001',29),(28,'AMAXAC DE GUERRERO','29','001',30),(29,'ACAJETE','30','001',31),(30,'ABALA','31','001',32),(31,'APOZOL','32','001',33),(32,'ASIENTOS','01','002',2),(33,'MEXICALI','02','002',3),(34,'MULEGE','03','002',4),(35,'CAMPECHE','04','002',5),(36,'ACUA','05','002',6),(37,'COLIMA','06','002',7),(38,'ACALA','07','002',8),(39,'ALDAMA','08','002',9),(40,'AZCAPOTZALCO','09','002',10),(41,'CANELAS','10','002',11),(42,'ACAMBARO','11','002',12),(43,'AHUACUOTZINGO','12','002',13),(44,'ACAXOCHITLAN','13','002',14),(45,'ACATLAN DE JUAREZ','14','002',15),(46,'ACOLMAN','15','002',16),(47,'AGUILILLA','16','002',17),(48,'ATLATLAHUCAN','17','002',18),(49,'AHUACATLAN','18','002',19),(50,'AGUALEGUAS','19','002',20),(51,'ACATLAN DE PEREZ FIGUEROA','20','002',21),(52,'ACATENO','21','002',22),(53,'PINAL DE AMOLES','22','002',23),(54,'FELIPE CARRILLO PUERTO','23','002',24),(55,'ALAQUINES','24','002',25),(56,'ANGOSTURA','25','002',26),(57,'AGUA PRIETA','26','002',27),(58,'CARDENAS','27','002',28),(59,'ALDAMA','28','002',29),(60,'APETATITLAN DE ANTONIO CARVAJAL','29','002',30),(61,'ACATLAN','30','002',31),(62,'ACANCEH','31','002',32),(63,'APULCO','32','002',33),(64,'CALVILLO','01','003',2),(65,'TECATE','02','003',3),(66,'LA PAZ','03','003',4),(67,'CARMEN','04','003',5),(68,'ALLENDE','05','003',6),(69,'COMALA','06','003',7),(70,'ACAPETAHUA','07','003',8),(71,'ALLENDE','08','003',9),(72,'COYOACAN','09','003',10),(73,'CONETO DE COMONFORT','10','003',11),(74,'SAN MIGUEL DE ALLENDE','11','003',12),(75,'AJUCHITLAN DEL PROGRESO','12','003',13),(76,'ACTOPAN','13','003',14),(77,'AHUALULCO DE MERCADO','14','003',15),(78,'ACULCO','15','003',16),(79,'ALVARO OBREGON','16','003',17),(80,'AXOCHIAPAN','17','003',18),(81,'AMATLAN DE CAAS','18','003',19),(82,'LOS ALDAMAS','19','003',20),(83,'ASUNCION CACALOTEPEC','20','003',21),(84,'ACATLAN','21','003',22),(85,'ARROYO SECO','22','003',23),(86,'ISLA MUJERES','23','003',24),(87,'AQUISMON','24','003',25),(88,'BADIRAGUATO','25','003',26),(89,'ALAMOS','26','003',27),(90,'CENTLA','27','003',28),(91,'ALTAMIRA','28','003',29),(92,'ATLANGATEPEC','29','003',30),(93,'ACAYUCAN','30','003',31),(94,'AKIL','31','003',32),(95,'ATOLINGA','32','003',33),(96,'COSIO','01','004',2),(97,'TIJUANA','02','004',3),(98,'CHAMPOTON','04','004',5),(99,'ARTEAGA','05','004',6),(100,'COQUIMATLAN','06','004',7),(101,'ALTAMIRANO','07','004',8),(102,'AQUILES SERDAN','08','004',9),(103,'CUAJIMALPA DE MORELOS','09','004',10),(104,'CUENCAME','10','004',11),(105,'APASEO EL ALTO','11','004',12),(106,'ALCOZAUCA DE GUERRERO','12','004',13),(107,'AGUA BLANCA DE ITURBIDE','13','004',14),(108,'AMACUECA','14','004',15),(109,'ALMOLOYA DE ALQUISIRAS','15','004',16),(110,'ANGAMACUTIRO','16','004',17),(111,'AYALA','17','004',18),(112,'COMPOSTELA','18','004',19),(113,'ALLENDE','19','004',20),(114,'ASUNCION CUYOTEPEJI','20','004',21),(115,'ACATZINGO','21','004',22),(116,'CADEREYTA DE MONTES','22','004',23),(117,'OTHON P. BLANCO','23','004',24),(118,'ARMADILLO DE LOS INFANTE','24','004',25),(119,'CONCORDIA','25','004',26),(120,'ALTAR','26','004',27),(121,'CENTRO','27','004',28),(122,'ANTIGUO MORELOS','28','004',29),(123,'ATLTZAYANCA','29','004',30),(124,'ACTOPAN','30','004',31),(125,'BACA','31','004',32),(126,'BENITO JUAREZ','32','004',33),(127,'JESUS MARIA','01','005',2),(128,'PLAYAS DE ROSARITO','02','005',3),(129,'HECELCHAKAN','04','005',5),(130,'CANDELA','05','005',6),(131,'CUAUHTEMOC','06','005',7),(132,'AMATAN','07','005',8),(133,'ASCENSION','08','005',9),(134,'GUSTAVO A. MADERO','09','005',10),(135,'DURANGO','10','005',11),(136,'APASEO EL GRANDE','11','005',12),(137,'ALPOYECA','12','005',13),(138,'AJACUBA','13','005',14),(139,'AMATITAN','14','005',15),(140,'ALMOLOYA DE JUAREZ','15','005',16),(141,'ANGANGUEO','16','005',17),(142,'COATLAN DEL RIO','17','005',18),(143,'HUAJICORI','18','005',19),(144,'ANAHUAC','19','005',20),(145,'ASUNCION IXTALTEPEC','20','005',21),(146,'ACTEOPAN','21','005',22),(147,'COLON','22','005',23),(148,'BENITO JUAREZ','23','005',24),(149,'CARDENAS','24','005',25),(150,'COSALA','25','005',26),(151,'ARIVECHI','26','005',27),(152,'COMALCALCO','27','005',28),(153,'BURGOS','28','005',29),(154,'APIZACO','29','005',30),(155,'ACULA','30','005',31),(156,'BOKOBA','31','005',32),(157,'CALERA','32','005',33),(158,'PABELLON DE ARTEAGA','01','006',2),(159,'HOPELCHEN','04','006',5),(160,'CASTAOS','05','006',6),(161,'IXTLAHUACAN','06','006',7),(162,'AMATENANGO DE LA FRONTERA','07','006',8),(163,'BACHINIVA','08','006',9),(164,'IZTACALCO','09','006',10),(165,'GENERAL SIMON BOLIVAR','10','006',11),(166,'ATARJEA','11','006',12),(167,'APAXTLA','12','006',13),(168,'ALFAJAYUCAN','13','006',14),(169,'AMECA','14','006',15),(170,'ALMOLOYA DEL RIO','15','006',16),(171,'APATZINGAN','16','006',17),(172,'CUAUTLA','17','006',18),(173,'IXTLAN DEL RIO','18','006',19),(174,'APODACA','19','006',20),(175,'ASUNCION NOCHIXTLAN','20','006',21),(176,'AHUACATLAN','21','006',22),(177,'CORREGIDORA','22','006',23),(178,'JOSE MARIA MORELOS','23','006',24),(179,'CATORCE','24','006',25),(180,'CULIACAN','25','006',26),(181,'ARIZPE','26','006',27),(182,'CUNDUACAN','27','006',28),(183,'BUSTAMANTE','28','006',29),(184,'CALPULALPAN','29','006',30),(185,'ACULTZINGO','30','006',31),(186,'BUCTZOTZ','31','006',32),(187,'CAITAS DE FELIPE PESCADOR','32','006',33),(188,'RINCON DE ROMOS','01','007',2),(189,'PALIZADA','04','007',5),(190,'CUATRO CIENEGAS','05','007',6),(191,'MANZANILLO','06','007',7),(192,'AMATENANGO DEL VALLE','07','007',8),(193,'BALLEZA','08','007',9),(194,'IZTAPALAPA','09','007',10),(195,'GOMEZ PALACIO','10','007',11),(196,'CELAYA','11','007',12),(197,'ARCELIA','12','007',13),(198,'ALMOLOYA','13','007',14),(199,'SAN JUANITO DE ESCOBEDO','14','007',15),(200,'AMANALCO','15','007',16),(201,'APORO','16','007',17),(202,'CUERNAVACA','17','007',18),(203,'JALA','18','007',19),(204,'ARAMBERRI','19','007',20),(205,'ASUNCION OCOTLAN','20','007',21),(206,'AHUATLAN','21','007',22),(207,'EZEQUIEL MONTES','22','007',23),(208,'LAZARO CARDENAS','23','007',24),(209,'CEDRAL','24','007',25),(210,'CHOIX','25','007',26),(211,'ATIL','26','007',27),(212,'EMILIANO ZAPATA','27','007',28),(213,'CAMARGO','28','007',29),(214,'EL CARMEN TEQUEXQUITLA','29','007',30),(215,'CAMARON DE TEJEDA','30','007',31),(216,'CACALCHEN','31','007',32),(217,'CONCEPCION DEL ORO','32','007',33),(218,'SAN JOSE DE GRACIA','01','008',2),(219,'LOS CABOS','03','008',4),(220,'TENABO','04','008',5),(221,'ESCOBEDO','05','008',6),(222,'MINATITLAN','06','008',7),(223,'ANGEL ALBINO CORZO','07','008',8),(224,'BATOPILAS DE MANUEL GOMEZ MORIN','08','008',9),(225,'LA MAGDALENA CONTRERAS','09','008',10),(226,'GUADALUPE VICTORIA','10','008',11),(227,'MANUEL DOBLADO','11','008',12),(228,'ATENANGO DEL RIO','12','008',13),(229,'APAN','13','008',14),(230,'ARANDAS','14','008',15),(231,'AMATEPEC','15','008',16),(232,'AQUILA','16','008',17),(233,'EMILIANO ZAPATA','17','008',18),(234,'XALISCO','18','008',19),(235,'BUSTAMANTE','19','008',20),(236,'ASUNCION TLACOLULITA','20','008',21),(237,'AHUAZOTEPEC','21','008',22),(238,'HUIMILPAN','22','008',23),(239,'SOLIDARIDAD','23','008',24),(240,'CERRITOS','24','008',25),(241,'ELOTA','25','008',26),(242,'BACADEHUACHI','26','008',27),(243,'HUIMANGUILLO','27','008',28),(244,'CASAS','28','008',29),(245,'CUAPIAXTLA','29','008',30),(246,'ALPATLAHUAC','30','008',31),(247,'CALOTMUL','31','008',32),(248,'CUAUHTEMOC','32','008',33),(249,'TEPEZALA','01','009',2),(250,'LORETO','03','009',4),(251,'ESCARCEGA','04','009',5),(252,'FRANCISCO I. MADERO','05','009',6),(253,'TECOMAN','06','009',7),(254,'ARRIAGA','07','009',8),(255,'BOCOYNA','08','009',9),(256,'MILPA ALTA','09','009',10),(257,'GUANACEVI','10','009',11),(258,'COMONFORT','11','009',12),(259,'ATLAMAJALCINGO DEL MONTE','12','009',13),(260,'EL ARENAL','13','009',14),(261,'EL ARENAL','14','009',15),(262,'AMECAMECA','15','009',16),(263,'ARIO','16','009',17),(264,'HUITZILAC','17','009',18),(265,'DEL NAYAR','18','009',19),(266,'CADEREYTA JIMENEZ','19','009',20),(267,'AYOTZINTEPEC','20','009',21),(268,'AHUEHUETITLA','21','009',22),(269,'JALPAN DE SERRA','22','009',23),(270,'TULUM','23','009',24),(271,'CERRO DE SAN PEDRO','24','009',25),(272,'ESCUINAPA','25','009',26),(273,'BACANORA','26','009',27),(274,'JALAPA','27','009',28),(275,'CIUDAD MADERO','28','009',29),(276,'CUAXOMULCO','29','009',30),(277,'ALTO LUCERO DE GUTIERREZ BARRIOS','30','009',31),(278,'CANSAHCAB','31','009',32),(279,'CHALCHIHUITES','32','009',33),(280,'EL LLANO','01','010',2),(281,'CALAKMUL','04','010',5),(282,'FRONTERA','05','010',6),(283,'VILLA DE ALVAREZ','06','010',7),(284,'BEJUCAL DE OCAMPO','07','010',8),(285,'BUENAVENTURA','08','010',9),(286,'ALVARO OBREGON','09','010',10),(287,'HIDALGO','10','010',11),(288,'CORONEO','11','010',12),(289,'ATLIXTAC','12','010',13),(290,'ATITALAQUIA','13','010',14),(291,'ATEMAJAC DE BRIZUELA','14','010',15),(292,'APAXCO','15','010',16),(293,'ARTEAGA','16','010',17),(294,'JANTETELCO','17','010',18),(295,'ROSAMORADA','18','010',19),(296,'EL CARMEN','19','010',20),(297,'EL BARRIO DE LA SOLEDAD','20','010',21),(298,'AJALPAN','21','010',22),(299,'LANDA DE MATAMOROS','22','010',23),(300,'BACALAR','23','010',24),(301,'CIUDAD DEL MAIZ','24','010',25),(302,'EL FUERTE','25','010',26),(303,'BACERAC','26','010',27),(304,'JALPA DE MENDEZ','27','010',28),(305,'CRUILLAS','28','010',29),(306,'CHIAUTEMPAN','29','010',30),(307,'ALTOTONGA','30','010',31),(308,'CANTAMAYEC','31','010',32),(309,'FRESNILLO','32','010',33),(310,'SAN FRANCISCO DE LOS ROMO','01','011',2),(311,'CANDELARIA','04','011',5),(312,'GENERAL CEPEDA','05','011',6),(313,'BELLA VISTA','07','011',8),(314,'CAMARGO','08','011',9),(315,'TLAHUAC','09','011',10),(316,'INDE','10','011',11),(317,'CORTAZAR','11','011',12),(318,'ATOYAC DE ALVAREZ','12','011',13),(319,'ATLAPEXCO','13','011',14),(320,'ATENGO','14','011',15),(321,'ATENCO','15','011',16),(322,'BRISEAS','16','011',17),(323,'JIUTEPEC','17','011',18),(324,'RUIZ','18','011',19),(325,'CERRALVO','19','011',20),(326,'CALIHUALA','20','011',21),(327,'ALBINO ZERTUCHE','21','011',22),(328,'EL MARQUES','22','011',23),(329,'PUERTO MORELOS','23','011',24),(330,'CIUDAD FERNANDEZ','24','011',25),(331,'GUASAVE','25','011',26),(332,'BACOACHI','26','011',27),(333,'JONUTA','27','011',28),(334,'GOMEZ FARIAS','28','011',29),(335,'MUOZ DE DOMINGO ARENAS','29','011',30),(336,'ALVARADO','30','011',31),(337,'CELESTUN','31','011',32),(338,'TRINIDAD GARCIA DE LA CADENA','32','011',33),(339,'GUERRERO','05','012',6),(340,'BERRIOZABAL','07','012',8),(341,'CARICHI','08','012',9),(342,'TLALPAN','09','012',10),(343,'LERDO','10','012',11),(344,'CUERAMARO','11','012',12),(345,'AYUTLA DE LOS LIBRES','12','012',13),(346,'ATOTONILCO EL GRANDE','13','012',14),(347,'ATENGUILLO','14','012',15),(348,'ATIZAPAN','15','012',16),(349,'BUENAVISTA','16','012',17),(350,'JOJUTLA','17','012',18),(351,'SAN BLAS','18','012',19),(352,'CIENEGA DE FLORES','19','012',20),(353,'CANDELARIA LOXICHA','20','012',21),(354,'ALJOJUCA','21','012',22),(355,'PEDRO ESCOBEDO','22','012',23),(356,'TANCANHUITZ','24','012',25),(357,'MAZATLAN','25','012',26),(358,'BACUM','26','012',27),(359,'MACUSPANA','27','012',28),(360,'GONZALEZ','28','012',29),(361,'ESPAITA','29','012',30),(362,'AMATITLAN','30','012',31),(363,'CENOTILLO','31','012',32),(364,'GENARO CODINA','32','012',33),(365,'HIDALGO','05','013',6),(366,'BOCHIL','07','013',8),(367,'CASAS GRANDES','08','013',9),(368,'XOCHIMILCO','09','013',10),(369,'MAPIMI','10','013',11),(370,'DOCTOR MORA','11','013',12),(371,'AZOYU','12','013',13),(372,'ATOTONILCO DE TULA','13','013',14),(373,'ATOTONILCO EL ALTO','14','013',15),(374,'ATIZAPAN DE ZARAGOZA','15','013',16),(375,'CARACUARO','16','013',17),(376,'JONACATEPEC DE LEANDRO VALLE','17','013',18),(377,'SAN PEDRO LAGUNILLAS','18','013',19),(378,'CHINA','19','013',20),(379,'CIENEGA DE ZIMATLAN','20','013',21),(380,'ALTEPEXI','21','013',22),(381,'PEAMILLER','22','013',23),(382,'CIUDAD VALLES','24','013',25),(383,'MOCORITO','25','013',26),(384,'BANAMICHI','26','013',27),(385,'NACAJUCA','27','013',28),(386,'GEMEZ','28','013',29),(387,'HUAMANTLA','29','013',30),(388,'NARANJOS AMATLAN','30','013',31),(389,'CONKAL','31','013',32),(390,'GENERAL ENRIQUE ESTRADA','32','013',33),(391,'JIMENEZ','05','014',6),(392,'EL BOSQUE','07','014',8),(393,'CORONADO','08','014',9),(394,'BENITO JUAREZ','09','014',10),(395,'MEZQUITAL','10','014',11),(396,'DOLORES HIDALGO CUNA DE LA INDEPENDENCIA NACIONAL','11','014',12),(397,'BENITO JUAREZ','12','014',13),(398,'CALNALI','13','014',14),(399,'ATOYAC','14','014',15),(400,'ATLACOMULCO','15','014',16),(401,'COAHUAYANA','16','014',17),(402,'MAZATEPEC','17','014',18),(403,'SANTA MARIA DEL ORO','18','014',19),(404,'DOCTOR ARROYO','19','014',20),(405,'CIUDAD IXTEPEC','20','014',21),(406,'AMIXTLAN','21','014',22),(407,'QUERETARO','22','014',23),(408,'COXCATLAN','24','014',25),(409,'ROSARIO','25','014',26),(410,'BAVIACORA','26','014',27),(411,'PARAISO','27','014',28),(412,'GUERRERO','28','014',29),(413,'HUEYOTLIPAN','29','014',30),(414,'AMATLAN DE LOS REYES','30','014',31),(415,'CUNCUNUL','31','014',32),(416,'GENERAL FRANCISCO R. MURGUIA','32','014',33),(417,'JUAREZ','05','015',6),(418,'CACAHOATAN','07','015',8),(419,'COYAME DEL SOTOL','08','015',9),(420,'CUAUHTEMOC','09','015',10),(421,'NAZAS','10','015',11),(422,'GUANAJUATO','11','015',12),(423,'BUENAVISTA DE CUELLAR','12','015',13),(424,'CARDONAL','13','015',14),(425,'AUTLAN DE NAVARRO','14','015',15),(426,'ATLAUTLA','15','015',16),(427,'COALCOMAN DE VAZQUEZ PALLARES','16','015',17),(428,'MIACATLAN','17','015',18),(429,'SANTIAGO IXCUINTLA','18','015',19),(430,'DOCTOR COSS','19','015',20),(431,'COATECAS ALTAS','20','015',21),(432,'AMOZOC','21','015',22),(433,'SAN JOAQUIN','22','015',23),(434,'CHARCAS','24','015',25),(435,'SALVADOR ALVARADO','25','015',26),(436,'BAVISPE','26','015',27),(437,'TACOTALPA','27','015',28),(438,'GUSTAVO DIAZ ORDAZ','28','015',29),(439,'IXTACUIXTLA DE MARIANO MATAMOROS','29','015',30),(440,'ANGEL R. CABADA','30','015',31),(441,'CUZAMA','31','015',32),(442,'EL PLATEADO DE JOAQUIN AMARO','32','015',33),(443,'LAMADRID','05','016',6),(444,'CATAZAJA','07','016',8),(445,'LA CRUZ','08','016',9),(446,'MIGUEL HIDALGO','09','016',10),(447,'NOMBRE DE DIOS','10','016',11),(448,'HUANIMARO','11','016',12),(449,'COAHUAYUTLA DE JOSE MARIA IZAZAGA','12','016',13),(450,'CUAUTEPEC DE HINOJOSA','13','016',14),(451,'AYOTLAN','14','016',15),(452,'AXAPUSCO','15','016',16),(453,'COENEO','16','016',17),(454,'OCUITUCO','17','016',18),(455,'TECUALA','18','016',19),(456,'DOCTOR GONZALEZ','19','016',20),(457,'COICOYAN DE LAS FLORES','20','016',21),(458,'AQUIXTLA','21','016',22),(459,'SAN JUAN DEL RIO','22','016',23),(460,'EBANO','24','016',25),(461,'SAN IGNACIO','25','016',26),(462,'BENJAMIN HILL','26','016',27),(463,'TEAPA','27','016',28),(464,'HIDALGO','28','016',29),(465,'IXTENCO','29','016',30),(466,'LA ANTIGUA','30','016',31),(467,'CHACSINKIN','31','016',32),(468,'GENERAL PANFILO NATERA','32','016',33),(469,'MATAMOROS','05','017',6),(470,'CINTALAPA','07','017',8),(471,'CUAUHTEMOC','08','017',9),(472,'VENUSTIANO CARRANZA','09','017',10),(473,'OCAMPO','10','017',11),(474,'IRAPUATO','11','017',12),(475,'COCULA','12','017',13),(476,'CHAPANTONGO','13','017',14),(477,'AYUTLA','14','017',15),(478,'AYAPANGO','15','017',16),(479,'CONTEPEC','16','017',17),(480,'PUENTE DE IXTLA','17','017',18),(481,'TEPIC','18','017',19),(482,'GALEANA','19','017',20),(483,'LA COMPAIA','20','017',21),(484,'ATEMPAN','21','017',22),(485,'TEQUISQUIAPAN','22','017',23),(486,'GUADALCAZAR','24','017',25),(487,'SINALOA','25','017',26),(488,'CABORCA','26','017',27),(489,'TENOSIQUE','27','017',28),(490,'JAUMAVE','28','017',29),(491,'MAZATECOCHCO DE JOSE MARIA MORELOS','29','017',30),(492,'APAZAPAN','30','017',31),(493,'CHANKOM','31','017',32),(494,'GUADALUPE','32','017',33),(495,'MONCLOVA','05','018',6),(496,'COAPILLA','07','018',8),(497,'CUSIHUIRIACHI','08','018',9),(498,'EL ORO','10','018',11),(499,'JARAL DEL PROGRESO','11','018',12),(500,'COPALA','12','018',13),(501,'CHAPULHUACAN','13','018',14),(502,'LA BARCA','14','018',15),(503,'CALIMAYA','15','018',16),(504,'COPANDARO','16','018',17),(505,'TEMIXCO','17','018',18),(506,'TUXPAN','18','018',19),(507,'GARCIA','19','018',20),(508,'CONCEPCION BUENAVISTA','20','018',21),(509,'ATEXCAL','21','018',22),(510,'TOLIMAN','22','018',23),(511,'HUEHUETLAN','24','018',25),(512,'NAVOLATO','25','018',26),(513,'CAJEME','26','018',27),(514,'JIMENEZ','28','018',29),(515,'CONTLA DE JUAN CUAMATZI','29','018',30),(516,'AQUILA','30','018',31),(517,'CHAPAB','31','018',32),(518,'HUANUSCO','32','018',33),(519,'MORELOS','05','019',6),(520,'COMITAN DE DOMINGUEZ','07','019',8),(521,'CHIHUAHUA','08','019',9),(522,'OTAEZ','10','019',11),(523,'JERECUARO','11','019',12),(524,'COPALILLO','12','019',13),(525,'CHILCUAUTLA','13','019',14),(526,'BOLAOS','14','019',15),(527,'CAPULHUAC','15','019',16),(528,'COTIJA','16','019',17),(529,'TEPALCINGO','17','019',18),(530,'LA YESCA','18','019',19),(531,'SAN PEDRO GARZA GARCIA','19','019',20),(532,'CONCEPCION PAPALO','20','019',21),(533,'ATLIXCO','21','019',22),(534,'LAGUNILLAS','24','019',25),(535,'CANANEA','26','019',27),(536,'LLERA','28','019',29),(537,'TEPETITLA DE LARDIZABAL','29','019',30),(538,'ASTACINGA','30','019',31),(539,'CHEMAX','31','019',32),(540,'JALPA','32','019',33),(541,'MUZQUIZ','05','020',6),(542,'LA CONCORDIA','07','020',8),(543,'CHINIPAS','08','020',9),(544,'PANUCO DE CORONADO','10','020',11),(545,'LEON','11','020',12),(546,'COPANATOYAC','12','020',13),(547,'ELOXOCHITLAN','13','020',14),(548,'CABO CORRIENTES','14','020',15),(549,'COACALCO DE BERRIOZABAL','15','020',16),(550,'CUITZEO','16','020',17),(551,'TEPOZTLAN','17','020',18),(552,'BAHIA DE BANDERAS','18','020',19),(553,'GENERAL BRAVO','19','020',20),(554,'CONSTANCIA DEL ROSARIO','20','020',21),(555,'ATOYATEMPAN','21','020',22),(556,'MATEHUALA','24','020',25),(557,'CARBO','26','020',27),(558,'MAINERO','28','020',29),(559,'SANCTORUM DE LAZARO CARDENAS','29','020',30),(560,'ATLAHUILCO','30','020',31),(561,'CHICXULUB PUEBLO','31','020',32),(562,'JEREZ','32','020',33),(563,'NADADORES','05','021',6),(564,'COPAINALA','07','021',8),(565,'DELICIAS','08','021',9),(566,'PEON BLANCO','10','021',11),(567,'MOROLEON','11','021',12),(568,'COYUCA DE BENITEZ','12','021',13),(569,'EMILIANO ZAPATA','13','021',14),(570,'CASIMIRO CASTILLO','14','021',15),(571,'COATEPEC HARINAS','15','021',16),(572,'CHARAPAN','16','021',17),(573,'TETECALA','17','021',18),(574,'GENERAL ESCOBEDO','19','021',20),(575,'COSOLAPA','20','021',21),(576,'ATZALA','21','021',22),(577,'MEXQUITIC DE CARMONA','24','021',25),(578,'LA COLORADA','26','021',27),(579,'EL MANTE','28','021',29),(580,'NANACAMILPA DE MARIANO ARISTA','29','021',30),(581,'ATOYAC','30','021',31),(582,'CHICHIMILA','31','021',32),(583,'JIMENEZ DEL TEUL','32','021',33),(584,'NAVA','05','022',6),(585,'CHALCHIHUITAN','07','022',8),(586,'DR. BELISARIO DOMINGUEZ','08','022',9),(587,'POANAS','10','022',11),(588,'OCAMPO','11','022',12),(589,'COYUCA DE CATALAN','12','022',13),(590,'EPAZOYUCAN','13','022',14),(591,'CIHUATLAN','14','022',15),(592,'COCOTITLAN','15','022',16),(593,'CHARO','16','022',17),(594,'TETELA DEL VOLCAN','17','022',18),(595,'GENERAL TERAN','19','022',20),(596,'COSOLTEPEC','20','022',21),(597,'ATZITZIHUACAN','21','022',22),(598,'MOCTEZUMA','24','022',25),(599,'CUCURPE','26','022',27),(600,'MATAMOROS','28','022',29),(601,'ACUAMANALA DE MIGUEL HIDALGO','29','022',30),(602,'ATZACAN','30','022',31),(603,'CHIKINDZONOT','31','022',32),(604,'JUAN ALDAMA','32','022',33),(605,'OCAMPO','05','023',6),(606,'CHAMULA','07','023',8),(607,'GALEANA','08','023',9),(608,'PUEBLO NUEVO','10','023',11),(609,'PENJAMO','11','023',12),(610,'CUAJINICUILAPA','12','023',13),(611,'FRANCISCO I. MADERO','13','023',14),(612,'ZAPOTLAN EL GRANDE','14','023',15),(613,'COYOTEPEC','15','023',16),(614,'CHAVINDA','16','023',17),(615,'TLALNEPANTLA','17','023',18),(616,'GENERAL TREVIO','19','023',20),(617,'CUILAPAM DE GUERRERO','20','023',21),(618,'ATZITZINTLA','21','023',22),(619,'RAYON','24','023',25),(620,'CUMPAS','26','023',27),(621,'MENDEZ','28','023',29),(622,'NATIVITAS','29','023',30),(623,'ATZALAN','30','023',31),(624,'CHOCHOLA','31','023',32),(625,'JUCHIPILA','32','023',33),(626,'PARRAS','05','024',6),(627,'CHANAL','07','024',8),(628,'SANTA ISABEL','08','024',9),(629,'RODEO','10','024',11),(630,'PUEBLO NUEVO','11','024',12),(631,'CUALAC','12','024',13),(632,'HUASCA DE OCAMPO','13','024',14),(633,'COCULA','14','024',15),(634,'CUAUTITLAN','15','024',16),(635,'CHERAN','16','024',17),(636,'TLALTIZAPAN DE ZAPATA','17','024',18),(637,'GENERAL ZARAGOZA','19','024',20),(638,'CUYAMECALCO VILLA DE ZARAGOZA','20','024',21),(639,'AXUTLA','21','024',22),(640,'RIOVERDE','24','024',25),(641,'DIVISADEROS','26','024',27),(642,'MIER','28','024',29),(643,'PANOTLA','29','024',30),(644,'TLALTETELA','30','024',31),(645,'CHUMAYEL','31','024',32),(646,'LORETO','32','024',33),(647,'PIEDRAS NEGRAS','05','025',6),(648,'CHAPULTENANGO','07','025',8),(649,'GOMEZ FARIAS','08','025',9),(650,'SAN BERNARDO','10','025',11),(651,'PURISIMA DEL RINCON','11','025',12),(652,'CUAUTEPEC','12','025',13),(653,'HUAUTLA','13','025',14),(654,'COLOTLAN','14','025',15),(655,'CHALCO','15','025',16),(656,'CHILCHOTA','16','025',17),(657,'TLAQUILTENANGO','17','025',18),(658,'GENERAL ZUAZUA','19','025',20),(659,'CHAHUITES','20','025',21),(660,'AYOTOXCO DE GUERRERO','21','025',22),(661,'SALINAS','24','025',25),(662,'EMPALME','26','025',27),(663,'MIGUEL ALEMAN','28','025',29),(664,'SAN PABLO DEL MONTE','29','025',30),(665,'AYAHUALULCO','30','025',31),(666,'DZAN','31','025',32),(667,'LUIS MOYA','32','025',33),(668,'PROGRESO','05','026',6),(669,'CHENALHO','07','026',8),(670,'GRAN MORELOS','08','026',9),(671,'SAN DIMAS','10','026',11),(672,'ROMITA','11','026',12),(673,'CUETZALA DEL PROGRESO','12','026',13),(674,'HUAZALINGO','13','026',14),(675,'CONCEPCION DE BUENOS AIRES','14','026',15),(676,'CHAPA DE MOTA','15','026',16),(677,'CHINICUILA','16','026',17),(678,'TLAYACAPAN','17','026',18),(679,'GUADALUPE','19','026',20),(680,'CHALCATONGO DE HIDALGO','20','026',21),(681,'CALPAN','21','026',22),(682,'SAN ANTONIO','24','026',25),(683,'ETCHOJOA','26','026',27),(684,'MIQUIHUANA','28','026',29),(685,'SANTA CRUZ TLAXCALA','29','026',30),(686,'BANDERILLA','30','026',31),(687,'DZEMUL','31','026',32),(688,'MAZAPIL','32','026',33),(689,'RAMOS ARIZPE','05','027',6),(690,'CHIAPA DE CORZO','07','027',8),(691,'GUACHOCHI','08','027',9),(692,'SAN JUAN DE GUADALUPE','10','027',11),(693,'SALAMANCA','11','027',12),(694,'CUTZAMALA DE PINZON','12','027',13),(695,'HUEHUETLA','13','027',14),(696,'CUAUTITLAN DE GARCIA BARRAGAN','14','027',15),(697,'CHAPULTEPEC','15','027',16),(698,'CHUCANDIRO','16','027',17),(699,'TOTOLAPAN','17','027',18),(700,'LOS HERRERAS','19','027',20),(701,'CHIQUIHUITLAN DE BENITO JUAREZ','20','027',21),(702,'CALTEPEC','21','027',22),(703,'SAN CIRO DE ACOSTA','24','027',25),(704,'FRONTERAS','26','027',27),(705,'NUEVO LAREDO','28','027',29),(706,'TENANCINGO','29','027',30),(707,'BENITO JUAREZ','30','027',31),(708,'DZIDZANTUN','31','027',32),(709,'MELCHOR OCAMPO','32','027',33),(710,'SABINAS','05','028',6),(711,'CHIAPILLA','07','028',8),(712,'GUADALUPE','08','028',9),(713,'SAN JUAN DEL RIO','10','028',11),(714,'SALVATIERRA','11','028',12),(715,'CHILAPA DE ALVAREZ','12','028',13),(716,'HUEJUTLA DE REYES','13','028',14),(717,'CUAUTLA','14','028',15),(718,'CHIAUTLA','15','028',16),(719,'CHURINTZIO','16','028',17),(720,'XOCHITEPEC','17','028',18),(721,'HIGUERAS','19','028',20),(722,'HEROICA CIUDAD DE EJUTLA DE CRESPO','20','028',21),(723,'CAMOCUAUTLA','21','028',22),(724,'SAN LUIS POTOSI','24','028',25),(725,'GRANADOS','26','028',27),(726,'NUEVO MORELOS','28','028',29),(727,'TEOLOCHOLCO','29','028',30),(728,'BOCA DEL RIO','30','028',31),(729,'DZILAM DE BRAVO','31','028',32),(730,'MEZQUITAL DEL ORO','32','028',33),(731,'SACRAMENTO','05','029',6),(732,'CHICOASEN','07','029',8),(733,'GUADALUPE Y CALVO','08','029',9),(734,'SAN LUIS DEL CORDERO','10','029',11),(735,'SAN DIEGO DE LA UNION','11','029',12),(736,'CHILPANCINGO DE LOS BRAVO','12','029',13),(737,'HUICHAPAN','13','029',14),(738,'CUQUIO','14','029',15),(739,'CHICOLOAPAN','15','029',16),(740,'CHURUMUCO','16','029',17),(741,'YAUTEPEC','17','029',18),(742,'HUALAHUISES','19','029',20),(743,'ELOXOCHITLAN DE FLORES MAGON','20','029',21),(744,'CAXHUACAN','21','029',22),(745,'SAN MARTIN CHALCHICUAUTLA','24','029',25),(746,'GUAYMAS','26','029',27),(747,'OCAMPO','28','029',29),(748,'TEPEYANCO','29','029',30),(749,'CALCAHUALCO','30','029',31),(750,'DZILAM GONZALEZ','31','029',32),(751,'MIGUEL AUZA','32','029',33),(752,'SALTILLO','05','030',6),(753,'CHICOMUSELO','07','030',8),(754,'GUAZAPARES','08','030',9),(755,'SAN PEDRO DEL GALLO','10','030',11),(756,'SAN FELIPE','11','030',12),(757,'FLORENCIO VILLARREAL','12','030',13),(758,'IXMIQUILPAN','13','030',14),(759,'CHAPALA','14','030',15),(760,'CHICONCUAC','15','030',16),(761,'ECUANDUREO','16','030',17),(762,'YECAPIXTLA','17','030',18),(763,'ITURBIDE','19','030',20),(764,'EL ESPINAL','20','030',21),(765,'COATEPEC','21','030',22),(766,'SAN NICOLAS TOLENTINO','24','030',25),(767,'HERMOSILLO','26','030',27),(768,'PADILLA','28','030',29),(769,'TERRENATE','29','030',30),(770,'CAMERINO Z. MENDOZA','30','030',31),(771,'DZITAS','31','030',32),(772,'MOMAX','32','030',33),(773,'SAN BUENAVENTURA','05','031',6),(774,'CHILON','07','031',8),(775,'GUERRERO','08','031',9),(776,'SANTA CLARA','10','031',11),(777,'SAN FRANCISCO DEL RINCON','11','031',12),(778,'GENERAL CANUTO A. NERI','12','031',13),(779,'JACALA DE LEDEZMA','13','031',14),(780,'CHIMALTITAN','14','031',15),(781,'CHIMALHUACAN','15','031',16),(782,'EPITACIO HUERTA','16','031',17),(783,'ZACATEPEC','17','031',18),(784,'JUAREZ','19','031',20),(785,'TAMAZULAPAM DEL ESPIRITU SANTO','20','031',21),(786,'COATZINGO','21','031',22),(787,'SANTA CATARINA','24','031',25),(788,'HUACHINERA','26','031',27),(789,'PALMILLAS','28','031',29),(790,'TETLA DE LA SOLIDARIDAD','29','031',30),(791,'CARRILLO PUERTO','30','031',31),(792,'DZONCAUICH','31','031',32),(793,'MONTE ESCOBEDO','32','031',33),(794,'SAN JUAN DE SABINAS','05','032',6),(795,'ESCUINTLA','07','032',8),(796,'HIDALGO DEL PARRAL','08','032',9),(797,'SANTIAGO PAPASQUIARO','10','032',11),(798,'SAN JOSE ITURBIDE','11','032',12),(799,'GENERAL HELIODORO CASTILLO','12','032',13),(800,'JALTOCAN','13','032',14),(801,'CHIQUILISTLAN','14','032',15),(802,'DONATO GUERRA','15','032',16),(803,'ERONGARICUARO','16','032',17),(804,'ZACUALPAN DE AMILPAS','17','032',18),(805,'LAMPAZOS DE NARANJO','19','032',20),(806,'FRESNILLO DE TRUJANO','20','032',21),(807,'COHETZALA','21','032',22),(808,'SANTA MARIA DEL RIO','24','032',25),(809,'HUASABAS','26','032',27),(810,'REYNOSA','28','032',29),(811,'TETLATLAHUCA','29','032',30),(812,'CATEMACO','30','032',31),(813,'ESPITA','31','032',32),(814,'MORELOS','32','032',33),(815,'SAN PEDRO','05','033',6),(816,'FRANCISCO LEON','07','033',8),(817,'HUEJOTITAN','08','033',9),(818,'SUCHIL','10','033',11),(819,'SAN LUIS DE LA PAZ','11','033',12),(820,'HUAMUXTITLAN','12','033',13),(821,'JUAREZ HIDALGO','13','033',14),(822,'DEGOLLADO','14','033',15),(823,'ECATEPEC DE MORELOS','15','033',16),(824,'GABRIEL ZAMORA','16','033',17),(825,'TEMOAC','17','033',18),(826,'LINARES','19','033',20),(827,'GUADALUPE ETLA','20','033',21),(828,'COHUECAN','21','033',22),(829,'SANTO DOMINGO','24','033',25),(830,'HUATABAMPO','26','033',27),(831,'RIO BRAVO','28','033',29),(832,'TLAXCALA','29','033',30),(833,'CAZONES DE HERRERA','30','033',31),(834,'HALACHO','31','033',32),(835,'MOYAHUA DE ESTRADA','32','033',33),(836,'SIERRA MOJADA','05','034',6),(837,'FRONTERA COMALAPA','07','034',8),(838,'IGNACIO ZARAGOZA','08','034',9),(839,'TAMAZULA','10','034',11),(840,'SANTA CATARINA','11','034',12),(841,'HUITZUCO DE LOS FIGUEROA','12','034',13),(842,'LOLOTLA','13','034',14),(843,'EJUTLA','14','034',15),(844,'ECATZINGO','15','034',16),(845,'HIDALGO','16','034',17),(846,'COATETELCO','17','034',18),(847,'MARIN','19','034',20),(848,'GUADALUPE DE RAMIREZ','20','034',21),(849,'CORONANGO','21','034',22),(850,'SAN VICENTE TANCUAYALAB','24','034',25),(851,'HUEPAC','26','034',27),(852,'SAN CARLOS','28','034',29),(853,'TLAXCO','29','034',30),(854,'CERRO AZUL','30','034',31),(855,'HOCABA','31','034',32),(856,'NOCHISTLAN DE MEJIA','32','034',33),(857,'TORREON','05','035',6),(858,'FRONTERA HIDALGO','07','035',8),(859,'JANOS','08','035',9),(860,'TEPEHUANES','10','035',11),(861,'SANTA CRUZ DE JUVENTINO ROSAS','11','035',12),(862,'IGUALA DE LA INDEPENDENCIA','12','035',13),(863,'METEPEC','13','035',14),(864,'ENCARNACION DE DIAZ','14','035',15),(865,'HUEHUETOCA','15','035',16),(866,'LA HUACANA','16','035',17),(867,'XOXOCOTLA','17','035',18),(868,'MELCHOR OCAMPO','19','035',20),(869,'GUELATAO DE JUAREZ','20','035',21),(870,'COXCATLAN','21','035',22),(871,'SOLEDAD DE GRACIANO SANCHEZ','24','035',25),(872,'IMURIS','26','035',27),(873,'SAN FERNANDO','28','035',29),(874,'TOCATLAN','29','035',30),(875,'CITLALTEPETL','30','035',31),(876,'HOCTUN','31','035',32),(877,'NORIA DE ANGELES','32','035',33),(878,'VIESCA','05','036',6),(879,'LA GRANDEZA','07','036',8),(880,'JIMENEZ','08','036',9),(881,'TLAHUALILO','10','036',11),(882,'SANTIAGO MARAVATIO','11','036',12),(883,'IGUALAPA','12','036',13),(884,'SAN AGUSTIN METZQUITITLAN','13','036',14),(885,'ETZATLAN','14','036',15),(886,'HUEYPOXTLA','15','036',16),(887,'HUANDACAREO','16','036',17),(888,'MIER Y NORIEGA','19','036',20),(889,'GUEVEA DE HUMBOLDT','20','036',21),(890,'COYOMEAPAN','21','036',22),(891,'TAMASOPO','24','036',25),(892,'MAGDALENA','26','036',27),(893,'SAN NICOLAS','28','036',29),(894,'TOTOLAC','29','036',30),(895,'COACOATZINTLA','30','036',31),(896,'HOMUN','31','036',32),(897,'OJOCALIENTE','32','036',33),(898,'VILLA UNION','05','037',6),(899,'HUEHUETAN','07','037',8),(900,'JUAREZ','08','037',9),(901,'TOPIA','10','037',11),(902,'SILAO DE LA VICTORIA','11','037',12),(903,'IXCATEOPAN DE CUAUHTEMOC','12','037',13),(904,'METZTITLAN','13','037',14),(905,'EL GRULLO','14','037',15),(906,'HUIXQUILUCAN','15','037',16),(907,'HUANIQUEO','16','037',17),(908,'MINA','19','037',20),(909,'MESONES HIDALGO','20','037',21),(910,'COYOTEPEC','21','037',22),(911,'TAMAZUNCHALE','24','037',25),(912,'MAZATAN','26','037',27),(913,'SOTO LA MARINA','28','037',29),(914,'ZILTLALTEPEC DE TRINIDAD SANCHEZ SANTOS','29','037',30),(915,'COAHUITLAN','30','037',31),(916,'HUHI','31','037',32),(917,'PANUCO','32','037',33),(918,'ZARAGOZA','05','038',6),(919,'HUIXTAN','07','038',8),(920,'JULIMES','08','038',9),(921,'VICENTE GUERRERO','10','038',11),(922,'TARANDACUAO','11','038',12),(923,'ZIHUATANEJO DE AZUETA','12','038',13),(924,'MINERAL DEL CHICO','13','038',14),(925,'GUACHINANGO','14','038',15),(926,'ISIDRO FABELA','15','038',16),(927,'HUETAMO','16','038',17),(928,'MONTEMORELOS','19','038',20),(929,'VILLA HIDALGO','20','038',21),(930,'CUAPIAXTLA DE MADERO','21','038',22),(931,'TAMPACAN','24','038',25),(932,'MOCTEZUMA','26','038',27),(933,'TAMPICO','28','038',29),(934,'TZOMPANTEPEC','29','038',30),(935,'COATEPEC','30','038',31),(936,'HUNUCMA','31','038',32),(937,'PINOS','32','038',33),(938,'HUITIUPAN','07','039',8),(939,'LOPEZ','08','039',9),(940,'NUEVO IDEAL','10','039',11),(941,'TARIMORO','11','039',12),(942,'JUAN R. ESCUDERO','12','039',13),(943,'MINERAL DEL MONTE','13','039',14),(944,'GUADALAJARA','14','039',15),(945,'IXTAPALUCA','15','039',16),(946,'HUIRAMBA','16','039',17),(947,'MONTERREY','19','039',20),(948,'HEROICA CIUDAD DE HUAJUAPAN DE LEON','20','039',21),(949,'CUAUTEMPAN','21','039',22),(950,'TAMPAMOLON CORONA','24','039',25),(951,'NACO','26','039',27),(952,'TULA','28','039',29),(953,'XALOZTOC','29','039',30),(954,'COATZACOALCOS','30','039',31),(955,'IXIL','31','039',32),(956,'RIO GRANDE','32','039',33),(957,'HUIXTLA','07','040',8),(958,'MADERA','08','040',9),(959,'TIERRA BLANCA','11','040',12),(960,'LEONARDO BRAVO','12','040',13),(961,'LA MISION','13','040',14),(962,'HOSTOTIPAQUILLO','14','040',15),(963,'IXTAPAN DE LA SAL','15','040',16),(964,'INDAPARAPEO','16','040',17),(965,'PARAS','19','040',20),(966,'HUAUTEPEC','20','040',21),(967,'CUAUTINCHAN','21','040',22),(968,'TAMUIN','24','040',25),(969,'NACORI CHICO','26','040',27),(970,'VALLE HERMOSO','28','040',29),(971,'XALTOCAN','29','040',30),(972,'COATZINTLA','30','040',31),(973,'IZAMAL','31','040',32),(974,'SAIN ALTO','32','040',33),(975,'LA INDEPENDENCIA','07','041',8),(976,'MAGUARICHI','08','041',9),(977,'URIANGATO','11','041',12),(978,'MALINALTEPEC','12','041',13),(979,'MIXQUIAHUALA DE JUAREZ','13','041',14),(980,'HUEJUCAR','14','041',15),(981,'IXTAPAN DEL ORO','15','041',16),(982,'IRIMBO','16','041',17),(983,'PESQUERIA','19','041',20),(984,'HUAUTLA DE JIMENEZ','20','041',21),(985,'CUAUTLANCINGO','21','041',22),(986,'TANLAJAS','24','041',25),(987,'NACOZARI DE GARCIA','26','041',27),(988,'VICTORIA','28','041',29),(989,'PAPALOTLA DE XICOHTENCATL','29','041',30),(990,'COETZALA','30','041',31),(991,'KANASIN','31','041',32),(992,'EL SALVADOR','32','041',33),(993,'IXHUATAN','07','042',8),(994,'MANUEL BENAVIDES','08','042',9),(995,'VALLE DE SANTIAGO','11','042',12),(996,'MARTIR DE CUILAPAN','12','042',13),(997,'MOLANGO DE ESCAMILLA','13','042',14),(998,'HUEJUQUILLA EL ALTO','14','042',15),(999,'IXTLAHUACA','15','042',16),(1000,'IXTLAN','16','042',17),(1001,'LOS RAMONES','19','042',20),(1002,'IXTLAN DE JUAREZ','20','042',21),(1003,'CUAYUCA DE ANDRADE','21','042',22),(1004,'TANQUIAN DE ESCOBEDO','24','042',25),(1005,'NAVOJOA','26','042',27),(1006,'VILLAGRAN','28','042',29),(1007,'XICOHTZINCO','29','042',30),(1008,'COLIPA','30','042',31),(1009,'KANTUNIL','31','042',32),(1010,'SOMBRERETE','32','042',33),(1011,'IXTACOMITAN','07','043',8),(1012,'MATACHI','08','043',9),(1013,'VICTORIA','11','043',12),(1014,'METLATONOC','12','043',13),(1015,'NICOLAS FLORES','13','043',14),(1016,'LA HUERTA','14','043',15),(1017,'XALATLACO','15','043',16),(1018,'JACONA','16','043',17),(1019,'RAYONES','19','043',20),(1020,'JUCHITAN DE ZARAGOZA','20','043',21),(1021,'CUETZALAN DEL PROGRESO','21','043',22),(1022,'TIERRA NUEVA','24','043',25),(1023,'NOGALES','26','043',27),(1024,'XICOTENCATL','28','043',29),(1025,'YAUHQUEMEHCAN','29','043',30),(1026,'COMAPA','30','043',31),(1027,'KAUA','31','043',32),(1028,'SUSTICACAN','32','043',33),(1029,'IXTAPA','07','044',8),(1030,'MATAMOROS','08','044',9),(1031,'VILLAGRAN','11','044',12),(1032,'MOCHITLAN','12','044',13),(1033,'NOPALA DE VILLAGRAN','13','044',14),(1034,'IXTLAHUACAN DE LOS MEMBRILLOS','14','044',15),(1035,'JALTENCO','15','044',16),(1036,'JIMENEZ','16','044',17),(1037,'SABINAS HIDALGO','19','044',20),(1038,'LOMA BONITA','20','044',21),(1039,'CUYOACO','21','044',22),(1040,'VANEGAS','24','044',25),(1041,'ONAVAS','26','044',27),(1042,'ZACATELCO','29','044',30),(1043,'CORDOBA','30','044',31),(1044,'KINCHIL','31','044',32),(1045,'TABASCO','32','044',33),(1046,'IXTAPANGAJOYA','07','045',8),(1047,'MEOQUI','08','045',9),(1048,'XICHU','11','045',12),(1049,'OLINALA','12','045',13),(1050,'OMITLAN DE JUAREZ','13','045',14),(1051,'IXTLAHUACAN DEL RIO','14','045',15),(1052,'JILOTEPEC','15','045',16),(1053,'JIQUILPAN','16','045',17),(1054,'SALINAS VICTORIA','19','045',20),(1055,'MAGDALENA APASCO','20','045',21),(1056,'CHALCHICOMULA DE SESMA','21','045',22),(1057,'VENADO','24','045',25),(1058,'OPODEPE','26','045',27),(1059,'BENITO JUAREZ','29','045',30),(1060,'COSAMALOAPAN DE CARPIO','30','045',31),(1061,'KOPOMA','31','045',32),(1062,'TEPECHITLAN','32','045',33),(1063,'JIQUIPILAS','07','046',8),(1064,'MORELOS','08','046',9),(1065,'YURIRIA','11','046',12),(1066,'OMETEPEC','12','046',13),(1067,'SAN FELIPE ORIZATLAN','13','046',14),(1068,'JALOSTOTITLAN','14','046',15),(1069,'JILOTZINGO','15','046',16),(1070,'JUAREZ','16','046',17),(1071,'SAN NICOLAS DE LOS GARZA','19','046',20),(1072,'MAGDALENA JALTEPEC','20','046',21),(1073,'CHAPULCO','21','046',22),(1074,'VILLA DE ARRIAGA','24','046',25),(1075,'OQUITOA','26','046',27),(1076,'EMILIANO ZAPATA','29','046',30),(1077,'COSAUTLAN DE CARVAJAL','30','046',31),(1078,'MAMA','31','046',32),(1079,'TEPETONGO','32','046',33),(1080,'JITOTOL','07','047',8),(1081,'MORIS','08','047',9),(1082,'PEDRO ASCENCIO ALQUISIRAS','12','047',13),(1083,'PACULA','13','047',14),(1084,'JAMAY','14','047',15),(1085,'JIQUIPILCO','15','047',16),(1086,'JUNGAPEO','16','047',17),(1087,'HIDALGO','19','047',20),(1088,'SANTA MAGDALENA JICOTLAN','20','047',21),(1089,'CHIAUTLA','21','047',22),(1090,'VILLA DE GUADALUPE','24','047',25),(1091,'PITIQUITO','26','047',27),(1092,'LAZARO CARDENAS','29','047',30),(1093,'COSCOMATEPEC','30','047',31),(1094,'MANI','31','047',32),(1095,'TEUL DE GONZALEZ ORTEGA','32','047',33),(1096,'JUAREZ','07','048',8),(1097,'NAMIQUIPA','08','048',9),(1098,'PETATLAN','12','048',13),(1099,'PACHUCA DE SOTO','13','048',14),(1100,'JESUS MARIA','14','048',15),(1101,'JOCOTITLAN','15','048',16),(1102,'LAGUNILLAS','16','048',17),(1103,'SANTA CATARINA','19','048',20),(1104,'MAGDALENA MIXTEPEC','20','048',21),(1105,'CHIAUTZINGO','21','048',22),(1106,'VILLA DE LA PAZ','24','048',25),(1107,'PUERTO PEASCO','26','048',27),(1108,'LA MAGDALENA TLALTELULCO','29','048',30),(1109,'COSOLEACAQUE','30','048',31),(1110,'MAXCANU','31','048',32),(1111,'TLALTENANGO DE SANCHEZ ROMAN','32','048',33),(1112,'LARRAINZAR','07','049',8),(1113,'NONOAVA','08','049',9),(1114,'PILCAYA','12','049',13),(1115,'PISAFLORES','13','049',14),(1116,'JILOTLAN DE LOS DOLORES','14','049',15),(1117,'JOQUICINGO','15','049',16),(1118,'MADERO','16','049',17),(1119,'SANTIAGO','19','049',20),(1120,'MAGDALENA OCOTLAN','20','049',21),(1121,'CHICONCUAUTLA','21','049',22),(1122,'VILLA DE RAMOS','24','049',25),(1123,'QUIRIEGO','26','049',27),(1124,'SAN DAMIAN TEXOLOC','29','049',30),(1125,'COTAXTLA','30','049',31),(1126,'MAYAPAN','31','049',32),(1127,'VALPARAISO','32','049',33),(1128,'LA LIBERTAD','07','050',8),(1129,'NUEVO CASAS GRANDES','08','050',9),(1130,'PUNGARABATO','12','050',13),(1131,'PROGRESO DE OBREGON','13','050',14),(1132,'JOCOTEPEC','14','050',15),(1133,'JUCHITEPEC','15','050',16),(1134,'MARAVATIO','16','050',17),(1135,'VALLECILLO','19','050',20),(1136,'MAGDALENA PEASCO','20','050',21),(1137,'CHICHIQUILA','21','050',22),(1138,'VILLA DE REYES','24','050',25),(1139,'RAYON','26','050',27),(1140,'SAN FRANCISCO TETLANOHCAN','29','050',30),(1141,'COXQUIHUI','30','050',31),(1142,'MERIDA','31','050',32),(1143,'VETAGRANDE','32','050',33),(1144,'MAPASTEPEC','07','051',8),(1145,'OCAMPO','08','051',9),(1146,'QUECHULTENANGO','12','051',13),(1147,'MINERAL DE LA REFORMA','13','051',14),(1148,'JUANACATLAN','14','051',15),(1149,'LERMA','15','051',16),(1150,'MARCOS CASTELLANOS','16','051',17),(1151,'VILLALDAMA','19','051',20),(1152,'MAGDALENA TEITIPAC','20','051',21),(1153,'CHIETLA','21','051',22),(1154,'VILLA HIDALGO','24','051',25),(1155,'ROSARIO','26','051',27),(1156,'SAN JERONIMO ZACUALPAN','29','051',30),(1157,'COYUTLA','30','051',31),(1158,'MOCOCHA','31','051',32),(1159,'VILLA DE COS','32','051',33),(1160,'LAS MARGARITAS','07','052',8),(1161,'OJINAGA','08','052',9),(1162,'SAN LUIS ACATLAN','12','052',13),(1163,'SAN AGUSTIN TLAXIACA','13','052',14),(1164,'JUCHITLAN','14','052',15),(1165,'MALINALCO','15','052',16),(1166,'LAZARO CARDENAS','16','052',17),(1167,'MAGDALENA TEQUISISTLAN','20','052',21),(1168,'CHIGMECATITLAN','21','052',22),(1169,'VILLA JUAREZ','24','052',25),(1170,'SAHUARIPA','26','052',27),(1171,'SAN JOSE TEACALCO','29','052',30),(1172,'CUICHAPA','30','052',31),(1173,'MOTUL','31','052',32),(1174,'VILLA GARCIA','32','052',33),(1175,'MAZAPA DE MADERO','07','053',8),(1176,'PRAXEDIS G. GUERRERO','08','053',9),(1177,'SAN MARCOS','12','053',13),(1178,'SAN BARTOLO TUTOTEPEC','13','053',14),(1179,'LAGOS DE MORENO','14','053',15),(1180,'MELCHOR OCAMPO','15','053',16),(1181,'MORELIA','16','053',17),(1182,'MAGDALENA TLACOTEPEC','20','053',21),(1183,'CHIGNAHUAPAN','21','053',22),(1184,'AXTLA DE TERRAZAS','24','053',25),(1185,'SAN FELIPE DE JESUS','26','053',27),(1186,'SAN JUAN HUACTZINCO','29','053',30),(1187,'CUITLAHUAC','30','053',31),(1188,'MUNA','31','053',32),(1189,'VILLA GONZALEZ ORTEGA','32','053',33),(1190,'MAZATAN','07','054',8),(1191,'RIVA PALACIO','08','054',9),(1192,'SAN MIGUEL TOTOLAPAN','12','054',13),(1193,'SAN SALVADOR','13','054',14),(1194,'EL LIMON','14','054',15),(1195,'METEPEC','15','054',16),(1196,'MORELOS','16','054',17),(1197,'MAGDALENA ZAHUATLAN','20','054',21),(1198,'CHIGNAUTLA','21','054',22),(1199,'XILITLA','24','054',25),(1200,'SAN JAVIER','26','054',27),(1201,'SAN LORENZO AXOCOMANITLA','29','054',30),(1202,'CHACALTIANGUIS','30','054',31),(1203,'MUXUPIP','31','054',32),(1204,'VILLA HIDALGO','32','054',33),(1205,'METAPA','07','055',8),(1206,'ROSALES','08','055',9),(1207,'TAXCO DE ALARCON','12','055',13),(1208,'SANTIAGO DE ANAYA','13','055',14),(1209,'MAGDALENA','14','055',15),(1210,'MEXICALTZINGO','15','055',16),(1211,'MUGICA','16','055',17),(1212,'MARISCALA DE JUAREZ','20','055',21),(1213,'CHILA','21','055',22),(1214,'ZARAGOZA','24','055',25),(1215,'SAN LUIS RIO COLORADO','26','055',27),(1216,'SAN LUCAS TECOPILCO','29','055',30),(1217,'CHALMA','30','055',31),(1218,'OPICHEN','31','055',32),(1219,'VILLANUEVA','32','055',33),(1220,'MITONTIC','07','056',8),(1221,'ROSARIO','08','056',9),(1222,'TECOANAPA','12','056',13),(1223,'SANTIAGO TULANTEPEC DE LUGO GUERRERO','13','056',14),(1224,'SANTA MARIA DEL ORO','14','056',15),(1225,'MORELOS','15','056',16),(1226,'NAHUATZEN','16','056',17),(1227,'MARTIRES DE TACUBAYA','20','056',21),(1228,'CHILA DE LA SAL','21','056',22),(1229,'VILLA DE ARISTA','24','056',25),(1230,'SAN MIGUEL DE HORCASITAS','26','056',27),(1231,'SANTA ANA NOPALUCAN','29','056',30),(1232,'CHICONAMEL','30','056',31),(1233,'OXKUTZCAB','31','056',32),(1234,'ZACATECAS','32','056',33),(1235,'MOTOZINTLA','07','057',8),(1236,'SAN FRANCISCO DE BORJA','08','057',9),(1237,'TECPAN DE GALEANA','12','057',13),(1238,'SINGUILUCAN','13','057',14),(1239,'LA MANZANILLA DE LA PAZ','14','057',15),(1240,'NAUCALPAN DE JUAREZ','15','057',16),(1241,'NOCUPETARO','16','057',17),(1242,'MATIAS ROMERO AVENDAO','20','057',21),(1243,'HONEY','21','057',22),(1244,'MATLAPA','24','057',25),(1245,'SAN PEDRO DE LA CUEVA','26','057',27),(1246,'SANTA APOLONIA TEACALCO','29','057',30),(1247,'CHICONQUIACO','30','057',31),(1248,'PANABA','31','057',32),(1249,'TRANCOSO','32','057',33),(1250,'NICOLAS RUIZ','07','058',8),(1251,'SAN FRANCISCO DE CONCHOS','08','058',9),(1252,'TELOLOAPAN','12','058',13),(1253,'TASQUILLO','13','058',14),(1254,'MASCOTA','14','058',15),(1255,'NEZAHUALCOYOTL','15','058',16),(1256,'NUEVO PARANGARICUTIRO','16','058',17),(1257,'MAZATLAN VILLA DE FLORES','20','058',21),(1258,'CHILCHOTLA','21','058',22),(1259,'EL NARANJO','24','058',25),(1260,'SANTA ANA','26','058',27),(1261,'SANTA CATARINA AYOMETLA','29','058',30),(1262,'CHICONTEPEC','30','058',31),(1263,'PETO','31','058',32),(1264,'SANTA MARIA DE LA PAZ','32','058',33),(1265,'OCOSINGO','07','059',8),(1266,'SAN FRANCISCO DEL ORO','08','059',9),(1267,'TEPECOACUILCO DE TRUJANO','12','059',13),(1268,'TECOZAUTLA','13','059',14),(1269,'MAZAMITLA','14','059',15),(1270,'NEXTLALPAN','15','059',16),(1271,'NUEVO URECHO','16','059',17),(1272,'MIAHUATLAN DE PORFIRIO DIAZ','20','059',21),(1273,'CHINANTLA','21','059',22),(1274,'SANTA CRUZ','26','059',27),(1275,'SANTA CRUZ QUILEHTLA','29','059',30),(1276,'CHINAMECA','30','059',31),(1277,'PROGRESO','31','059',32),(1278,'OCOTEPEC','07','060',8),(1279,'SANTA BARBARA','08','060',9),(1280,'TETIPAC','12','060',13),(1281,'TENANGO DE DORIA','13','060',14),(1282,'MEXTICACAN','14','060',15),(1283,'NICOLAS ROMERO','15','060',16),(1284,'NUMARAN','16','060',17),(1285,'MIXISTLAN DE LA REFORMA','20','060',21),(1286,'DOMINGO ARENAS','21','060',22),(1287,'SARIC','26','060',27),(1288,'SANTA ISABEL XILOXOXTLA','29','060',30),(1289,'CHINAMPA DE GOROSTIZA','30','060',31),(1290,'QUINTANA ROO','31','060',32),(1291,'OCOZOCOAUTLA DE ESPINOSA','07','061',8),(1292,'SATEVO','08','061',9),(1293,'TIXTLA DE GUERRERO','12','061',13),(1294,'TEPEAPULCO','13','061',14),(1295,'MEZQUITIC','14','061',15),(1296,'NOPALTEPEC','15','061',16),(1297,'OCAMPO','16','061',17),(1298,'MONJAS','20','061',21),(1299,'ELOXOCHITLAN','21','061',22),(1300,'SOYOPA','26','061',27),(1301,'LAS CHOAPAS','30','061',31),(1302,'RIO LAGARTOS','31','061',32),(1303,'OSTUACAN','07','062',8),(1304,'SAUCILLO','08','062',9),(1305,'TLACOACHISTLAHUACA','12','062',13),(1306,'TEPEHUACAN DE GUERRERO','13','062',14),(1307,'MIXTLAN','14','062',15),(1308,'OCOYOACAC','15','062',16),(1309,'PAJACUARAN','16','062',17),(1310,'NATIVIDAD','20','062',21),(1311,'EPATLAN','21','062',22),(1312,'SUAQUI GRANDE','26','062',27),(1313,'CHOCAMAN','30','062',31),(1314,'SACALUM','31','062',32),(1315,'OSUMACINTA','07','063',8),(1316,'TEMOSACHIC','08','063',9),(1317,'TLACOAPA','12','063',13),(1318,'TEPEJI DEL RIO DE OCAMPO','13','063',14),(1319,'OCOTLAN','14','063',15),(1320,'OCUILAN','15','063',16),(1321,'PANINDICUARO','16','063',17),(1322,'NAZARENO ETLA','20','063',21),(1323,'ESPERANZA','21','063',22),(1324,'TEPACHE','26','063',27),(1325,'CHONTLA','30','063',31),(1326,'SAMAHIL','31','063',32),(1327,'OXCHUC','07','064',8),(1328,'EL TULE','08','064',9),(1329,'TLALCHAPA','12','064',13),(1330,'TEPETITLAN','13','064',14),(1331,'OJUELOS DE JALISCO','14','064',15),(1332,'EL ORO','15','064',16),(1333,'PARACUARO','16','064',17),(1334,'NEJAPA DE MADERO','20','064',21),(1335,'FRANCISCO Z. MENA','21','064',22),(1336,'TRINCHERAS','26','064',27),(1337,'CHUMATLAN','30','064',31),(1338,'SANAHCAT','31','064',32),(1339,'PALENQUE','07','065',8),(1340,'URIQUE','08','065',9),(1341,'TLALIXTAQUILLA DE MALDONADO','12','065',13),(1342,'TETEPANGO','13','065',14),(1343,'PIHUAMO','14','065',15),(1344,'OTUMBA','15','065',16),(1345,'PARACHO','16','065',17),(1346,'IXPANTEPEC NIEVES','20','065',21),(1347,'GENERAL FELIPE ANGELES','21','065',22),(1348,'TUBUTAMA','26','065',27),(1349,'EMILIANO ZAPATA','30','065',31),(1350,'SAN FELIPE','31','065',32),(1351,'PANTELHO','07','066',8),(1352,'URUACHI','08','066',9),(1353,'TLAPA DE COMONFORT','12','066',13),(1354,'VILLA DE TEZONTEPEC','13','066',14),(1355,'PONCITLAN','14','066',15),(1356,'OTZOLOAPAN','15','066',16),(1357,'PATZCUARO','16','066',17),(1358,'SANTIAGO NILTEPEC','20','066',21),(1359,'GUADALUPE','21','066',22),(1360,'URES','26','066',27),(1361,'ESPINAL','30','066',31),(1362,'SANTA ELENA','31','066',32),(1363,'PANTEPEC','07','067',8),(1364,'VALLE DE ZARAGOZA','08','067',9),(1365,'TLAPEHUALA','12','067',13),(1366,'TEZONTEPEC DE ALDAMA','13','067',14),(1367,'PUERTO VALLARTA','14','067',15),(1368,'OTZOLOTEPEC','15','067',16),(1369,'PENJAMILLO','16','067',17),(1370,'OAXACA DE JUAREZ','20','067',21),(1371,'GUADALUPE VICTORIA','21','067',22),(1372,'VILLA HIDALGO','26','067',27),(1373,'FILOMENO MATA','30','067',31),(1374,'SEYE','31','067',32),(1375,'PICHUCALCO','07','068',8),(1376,'LA UNION DE ISIDORO MONTES DE OCA','12','068',13),(1377,'TIANGUISTENGO','13','068',14),(1378,'VILLA PURIFICACION','14','068',15),(1379,'OZUMBA','15','068',16),(1380,'PERIBAN','16','068',17),(1381,'OCOTLAN DE MORELOS','20','068',21),(1382,'HERMENEGILDO GALEANA','21','068',22),(1383,'VILLA PESQUEIRA','26','068',27),(1384,'FORTIN','30','068',31),(1385,'SINANCHE','31','068',32),(1386,'PIJIJIAPAN','07','069',8),(1387,'XALPATLAHUAC','12','069',13),(1388,'TIZAYUCA','13','069',14),(1389,'QUITUPAN','14','069',15),(1390,'PAPALOTLA','15','069',16),(1391,'LA PIEDAD','16','069',17),(1392,'LA PE','20','069',21),(1393,'HUAQUECHULA','21','069',22),(1394,'YECORA','26','069',27),(1395,'GUTIERREZ ZAMORA','30','069',31),(1396,'SOTUTA','31','069',32),(1397,'EL PORVENIR','07','070',8),(1398,'XOCHIHUEHUETLAN','12','070',13),(1399,'TLAHUELILPAN','13','070',14),(1400,'EL SALTO','14','070',15),(1401,'LA PAZ','15','070',16),(1402,'PUREPERO','16','070',17),(1403,'PINOTEPA DE DON LUIS','20','070',21),(1404,'HUATLATLAUCA','21','070',22),(1405,'GENERAL PLUTARCO ELIAS CALLES','26','070',27),(1406,'HIDALGOTITLAN','30','070',31),(1407,'SUCILA','31','070',32),(1408,'VILLA COMALTITLAN','07','071',8),(1409,'XOCHISTLAHUACA','12','071',13),(1410,'TLAHUILTEPA','13','071',14),(1411,'SAN CRISTOBAL DE LA BARRANCA','14','071',15),(1412,'POLOTITLAN','15','071',16),(1413,'PURUANDIRO','16','071',17),(1414,'PLUMA HIDALGO','20','071',21),(1415,'HUAUCHINANGO','21','071',22),(1416,'BENITO JUAREZ','26','071',27),(1417,'HUATUSCO','30','071',31),(1418,'SUDZAL','31','071',32),(1419,'PUEBLO NUEVO SOLISTAHUACAN','07','072',8),(1420,'ZAPOTITLAN TABLAS','12','072',13),(1421,'TLANALAPA','13','072',14),(1422,'SAN DIEGO DE ALEJANDRIA','14','072',15),(1423,'RAYON','15','072',16),(1424,'QUERENDARO','16','072',17),(1425,'SAN JOSE DEL PROGRESO','20','072',21),(1426,'HUEHUETLA','21','072',22),(1427,'SAN IGNACIO RIO MUERTO','26','072',27),(1428,'HUAYACOCOTLA','30','072',31),(1429,'SUMA','31','072',32),(1430,'RAYON','07','073',8),(1431,'ZIRANDARO','12','073',13),(1432,'TLANCHINOL','13','073',14),(1433,'SAN JUAN DE LOS LAGOS','14','073',15),(1434,'SAN ANTONIO LA ISLA','15','073',16),(1435,'QUIROGA','16','073',17),(1436,'PUTLA VILLA DE GUERRERO','20','073',21),(1437,'HUEHUETLAN EL CHICO','21','073',22),(1438,'HUEYAPAN DE OCAMPO','30','073',31),(1439,'TAHDZIU','31','073',32),(1440,'REFORMA','07','074',8),(1441,'ZITLALA','12','074',13),(1442,'TLAXCOAPAN','13','074',14),(1443,'SAN JULIAN','14','074',15),(1444,'SAN FELIPE DEL PROGRESO','15','074',16),(1445,'COJUMATLAN DE REGULES','16','074',17),(1446,'SANTA CATARINA QUIOQUITANI','20','074',21),(1447,'HUEJOTZINGO','21','074',22),(1448,'HUILOAPAN DE CUAUHTEMOC','30','074',31),(1449,'TAHMEK','31','074',32),(1450,'LAS ROSAS','07','075',8),(1451,'EDUARDO NERI','12','075',13),(1452,'TOLCAYUCA','13','075',14),(1453,'SAN MARCOS','14','075',15),(1454,'SAN MARTIN DE LAS PIRAMIDES','15','075',16),(1455,'LOS REYES','16','075',17),(1456,'REFORMA DE PINEDA','20','075',21),(1457,'HUEYAPAN','21','075',22),(1458,'IGNACIO DE LA LLAVE','30','075',31),(1459,'TEABO','31','075',32),(1460,'SABANILLA','07','076',8),(1461,'ACATEPEC','12','076',13),(1462,'TULA DE ALLENDE','13','076',14),(1463,'SAN MARTIN DE BOLAOS','14','076',15),(1464,'SAN MATEO ATENCO','15','076',16),(1465,'SAHUAYO','16','076',17),(1466,'LA REFORMA','20','076',21),(1467,'HUEYTAMALCO','21','076',22),(1468,'ILAMATLAN','30','076',31),(1469,'TECOH','31','076',32),(1470,'SALTO DE AGUA','07','077',8),(1471,'MARQUELIA','12','077',13),(1472,'TULANCINGO DE BRAVO','13','077',14),(1473,'SAN MARTIN HIDALGO','14','077',15),(1474,'SAN SIMON DE GUERRERO','15','077',16),(1475,'SAN LUCAS','16','077',17),(1476,'REYES ETLA','20','077',21),(1477,'HUEYTLALPAN','21','077',22),(1478,'ISLA','30','077',31),(1479,'TEKAL DE VENEGAS','31','077',32),(1480,'SAN CRISTOBAL DE LAS CASAS','07','078',8),(1481,'COCHOAPA EL GRANDE','12','078',13),(1482,'XOCHIATIPAN','13','078',14),(1483,'SAN MIGUEL EL ALTO','14','078',15),(1484,'SANTO TOMAS','15','078',16),(1485,'SANTA ANA MAYA','16','078',17),(1486,'ROJAS DE CUAUHTEMOC','20','078',21),(1487,'HUITZILAN DE SERDAN','21','078',22),(1488,'IXCATEPEC','30','078',31),(1489,'TEKANTO','31','078',32),(1490,'SAN FERNANDO','07','079',8),(1491,'JOSE JOAQUIN DE HERRERA','12','079',13),(1492,'XOCHICOATLAN','13','079',14),(1493,'GOMEZ FARIAS','14','079',15),(1494,'SOYANIQUILPAN DE JUAREZ','15','079',16),(1495,'SALVADOR ESCALANTE','16','079',17),(1496,'SALINA CRUZ','20','079',21),(1497,'HUITZILTEPEC','21','079',22),(1498,'IXHUACAN DE LOS REYES','30','079',31),(1499,'TEKAX','31','079',32),(1500,'SILTEPEC','07','080',8),(1501,'JUCHITAN','12','080',13),(1502,'YAHUALICA','13','080',14),(1503,'SAN SEBASTIAN DEL OESTE','14','080',15),(1504,'SULTEPEC','15','080',16),(1505,'SENGUIO','16','080',17),(1506,'SAN AGUSTIN AMATENGO','20','080',21),(1507,'ATLEQUIZAYAN','21','080',22),(1508,'IXHUATLAN DEL CAFE','30','080',31),(1509,'TEKIT','31','080',32),(1510,'SIMOJOVEL','07','081',8),(1511,'ILIATENCO','12','081',13),(1512,'ZACUALTIPAN DE ANGELES','13','081',14),(1513,'SANTA MARIA DE LOS ANGELES','14','081',15),(1514,'TECAMAC','15','081',16),(1515,'SUSUPUATO','16','081',17),(1516,'SAN AGUSTIN ATENANGO','20','081',21),(1517,'IXCAMILPA DE GUERRERO','21','081',22),(1518,'IXHUATLANCILLO','30','081',31),(1519,'TEKOM','31','081',32),(1520,'SITALA','07','082',8),(1521,'ZAPOTLAN DE JUAREZ','13','082',14),(1522,'SAYULA','14','082',15),(1523,'TEJUPILCO','15','082',16),(1524,'TACAMBARO','16','082',17),(1525,'SAN AGUSTIN CHAYUCO','20','082',21),(1526,'IXCAQUIXTLA','21','082',22),(1527,'IXHUATLAN DEL SURESTE','30','082',31),(1528,'TELCHAC PUEBLO','31','082',32),(1529,'SOCOLTENANGO','07','083',8),(1530,'ZEMPOALA','13','083',14),(1531,'TALA','14','083',15),(1532,'TEMAMATLA','15','083',16),(1533,'TANCITARO','16','083',17),(1534,'SAN AGUSTIN DE LAS JUNTAS','20','083',21),(1535,'IXTACAMAXTITLAN','21','083',22),(1536,'IXHUATLAN DE MADERO','30','083',31),(1537,'TELCHAC PUERTO','31','083',32),(1538,'SOLOSUCHIAPA','07','084',8),(1539,'ZIMAPAN','13','084',14),(1540,'TALPA DE ALLENDE','14','084',15),(1541,'TEMASCALAPA','15','084',16),(1542,'TANGAMANDAPIO','16','084',17),(1543,'SAN AGUSTIN ETLA','20','084',21),(1544,'IXTEPEC','21','084',22),(1545,'IXMATLAHUACAN','30','084',31),(1546,'TEMAX','31','084',32),(1547,'SOYALO','07','085',8),(1548,'TAMAZULA DE GORDIANO','14','085',15),(1549,'TEMASCALCINGO','15','085',16),(1550,'TANGANCICUARO','16','085',17),(1551,'SAN AGUSTIN LOXICHA','20','085',21),(1552,'IZUCAR DE MATAMOROS','21','085',22),(1553,'IXTACZOQUITLAN','30','085',31),(1554,'TEMOZON','31','085',32),(1555,'SUCHIAPA','07','086',8),(1556,'TAPALPA','14','086',15),(1557,'TEMASCALTEPEC','15','086',16),(1558,'TANHUATO','16','086',17),(1559,'SAN AGUSTIN TLACOTEPEC','20','086',21),(1560,'JALPAN','21','086',22),(1561,'JALACINGO','30','086',31),(1562,'TEPAKAN','31','086',32),(1563,'SUCHIATE','07','087',8),(1564,'TECALITLAN','14','087',15),(1565,'TEMOAYA','15','087',16),(1566,'TARETAN','16','087',17),(1567,'SAN AGUSTIN YATARENI','20','087',21),(1568,'JOLALPAN','21','087',22),(1569,'XALAPA','30','087',31),(1570,'TETIZ','31','087',32),(1571,'SUNUAPA','07','088',8),(1572,'TECOLOTLAN','14','088',15),(1573,'TENANCINGO','15','088',16),(1574,'TARIMBARO','16','088',17),(1575,'SAN ANDRES CABECERA NUEVA','20','088',21),(1576,'JONOTLA','21','088',22),(1577,'JALCOMULCO','30','088',31),(1578,'TEYA','31','088',32),(1579,'TAPACHULA','07','089',8),(1580,'TECHALUTA DE MONTENEGRO','14','089',15),(1581,'TENANGO DEL AIRE','15','089',16),(1582,'TEPALCATEPEC','16','089',17),(1583,'SAN ANDRES DINICUITI','20','089',21),(1584,'JOPALA','21','089',22),(1585,'JALTIPAN','30','089',31),(1586,'TICUL','31','089',32),(1587,'TAPALAPA','07','090',8),(1588,'TENAMAXTLAN','14','090',15),(1589,'TENANGO DEL VALLE','15','090',16),(1590,'TINGAMBATO','16','090',17),(1591,'SAN ANDRES HUAXPALTEPEC','20','090',21),(1592,'JUAN C. BONILLA','21','090',22),(1593,'JAMAPA','30','090',31),(1594,'TIMUCUY','31','090',32),(1595,'TAPILULA','07','091',8),(1596,'TEOCALTICHE','14','091',15),(1597,'TEOLOYUCAN','15','091',16),(1598,'TINGINDIN','16','091',17),(1599,'SAN ANDRES HUAYAPAM','20','091',21),(1600,'JUAN GALINDO','21','091',22),(1601,'JESUS CARRANZA','30','091',31),(1602,'TINUM','31','091',32),(1603,'TECPATAN','07','092',8),(1604,'TEOCUITATLAN DE CORONA','14','092',15),(1605,'TEOTIHUACAN','15','092',16),(1606,'TIQUICHEO DE NICOLAS ROMERO','16','092',17),(1607,'SAN ANDRES IXTLAHUACA','20','092',21),(1608,'JUAN N. MENDEZ','21','092',22),(1609,'XICO','30','092',31),(1610,'TIXCACALCUPUL','31','092',32),(1611,'TENEJAPA','07','093',8),(1612,'TEPATITLAN DE MORELOS','14','093',15),(1613,'TEPETLAOXTOC','15','093',16),(1614,'TLALPUJAHUA','16','093',17),(1615,'SAN ANDRES LAGUNAS','20','093',21),(1616,'LAFRAGUA','21','093',22),(1617,'JILOTEPEC','30','093',31),(1618,'TIXKOKOB','31','093',32),(1619,'TEOPISCA','07','094',8),(1620,'TEQUILA','14','094',15),(1621,'TEPETLIXPA','15','094',16),(1622,'TLAZAZALCA','16','094',17),(1623,'SAN ANDRES NUXIO','20','094',21),(1624,'LIBRES','21','094',22),(1625,'JUAN RODRIGUEZ CLARA','30','094',31),(1626,'TIXMEHUAC','31','094',32),(1627,'TEUCHITLAN','14','095',15),(1628,'TEPOTZOTLAN','15','095',16),(1629,'TOCUMBO','16','095',17),(1630,'SAN ANDRES PAXTLAN','20','095',21),(1631,'LA MAGDALENA TLATLAUQUITEPEC','21','095',22),(1632,'JUCHIQUE DE FERRER','30','095',31),(1633,'TIXPEHUAL','31','095',32),(1634,'TILA','07','096',8),(1635,'TIZAPAN EL ALTO','14','096',15),(1636,'TEQUIXQUIAC','15','096',16),(1637,'TUMBISCATIO','16','096',17),(1638,'SAN ANDRES SINAXTLA','20','096',21),(1639,'MAZAPILTEPEC DE JUAREZ','21','096',22),(1640,'LANDERO Y COSS','30','096',31),(1641,'TIZIMIN','31','096',32),(1642,'TONALA','07','097',8),(1643,'TLAJOMULCO DE ZUIGA','14','097',15),(1644,'TEXCALTITLAN','15','097',16),(1645,'TURICATO','16','097',17),(1646,'SAN ANDRES SOLAGA','20','097',21),(1647,'MIXTLA','21','097',22),(1648,'LERDO DE TEJADA','30','097',31),(1649,'TUNKAS','31','097',32),(1650,'TOTOLAPA','07','098',8),(1651,'SAN PEDRO TLAQUEPAQUE','14','098',15),(1652,'TEXCALYACAC','15','098',16),(1653,'TUXPAN','16','098',17),(1654,'SAN ANDRES TEOTILALPAM','20','098',21),(1655,'MOLCAXAC','21','098',22),(1656,'MAGDALENA','30','098',31),(1657,'TZUCACAB','31','098',32),(1658,'LA TRINITARIA','07','099',8),(1659,'TOLIMAN','14','099',15),(1660,'TEXCOCO','15','099',16),(1661,'TUZANTLA','16','099',17),(1662,'SAN ANDRES TEPETLAPA','20','099',21),(1663,'CAADA MORELOS','21','099',22),(1664,'MALTRATA','30','099',31),(1665,'UAYMA','31','099',32),(1666,'TUMBALA','07','100',8),(1667,'TOMATLAN','14','100',15),(1668,'TEZOYUCA','15','100',16),(1669,'TZINTZUNTZAN','16','100',17),(1670,'SAN ANDRES YAA','20','100',21),(1671,'NAUPAN','21','100',22),(1672,'MANLIO FABIO ALTAMIRANO','30','100',31),(1673,'UCU','31','100',32),(1674,'TUXTLA GUTIERREZ','07','101',8),(1675,'TONALA','14','101',15),(1676,'TIANGUISTENCO','15','101',16),(1677,'TZITZIO','16','101',17),(1678,'SAN ANDRES ZABACHE','20','101',21),(1679,'NAUZONTLA','21','101',22),(1680,'MARIANO ESCOBEDO','30','101',31),(1681,'UMAN','31','101',32),(1682,'TUXTLA CHICO','07','102',8),(1683,'TONAYA','14','102',15),(1684,'TIMILPAN','15','102',16),(1685,'URUAPAN','16','102',17),(1686,'SAN ANDRES ZAUTLA','20','102',21),(1687,'NEALTICAN','21','102',22),(1688,'MARTINEZ DE LA TORRE','30','102',31),(1689,'VALLADOLID','31','102',32),(1690,'TUZANTAN','07','103',8),(1691,'TONILA','14','103',15),(1692,'TLALMANALCO','15','103',16),(1693,'VENUSTIANO CARRANZA','16','103',17),(1694,'SAN ANTONINO CASTILLO VELASCO','20','103',21),(1695,'NICOLAS BRAVO','21','103',22),(1696,'MECATLAN','30','103',31),(1697,'XOCCHEL','31','103',32),(1698,'TZIMOL','07','104',8),(1699,'TOTATICHE','14','104',15),(1700,'TLALNEPANTLA DE BAZ','15','104',16),(1701,'VILLAMAR','16','104',17),(1702,'SAN ANTONINO EL ALTO','20','104',21),(1703,'NOPALUCAN','21','104',22),(1704,'MECAYAPAN','30','104',31),(1705,'YAXCABA','31','104',32),(1706,'UNION JUAREZ','07','105',8),(1707,'TOTOTLAN','14','105',15),(1708,'TLATLAYA','15','105',16),(1709,'VISTA HERMOSA','16','105',17),(1710,'SAN ANTONINO MONTE VERDE','20','105',21),(1711,'OCOTEPEC','21','105',22),(1712,'MEDELLIN DE BRAVO','30','105',31),(1713,'YAXKUKUL','31','105',32),(1714,'VENUSTIANO CARRANZA','07','106',8),(1715,'TUXCACUESCO','14','106',15),(1716,'TOLUCA','15','106',16),(1717,'YURECUARO','16','106',17),(1718,'SAN ANTONIO ACUTLA','20','106',21),(1719,'OCOYUCAN','21','106',22),(1720,'MIAHUATLAN','30','106',31),(1721,'YOBAIN','31','106',32),(1722,'VILLA CORZO','07','107',8),(1723,'TUXCUECA','14','107',15),(1724,'TONATICO','15','107',16),(1725,'ZACAPU','16','107',17),(1726,'SAN ANTONIO DE LA CAL','20','107',21),(1727,'OLINTLA','21','107',22),(1728,'LAS MINAS','30','107',31),(1729,'VILLAFLORES','07','108',8),(1730,'TUXPAN','14','108',15),(1731,'TULTEPEC','15','108',16),(1732,'ZAMORA','16','108',17),(1733,'SAN ANTONIO HUITEPEC','20','108',21),(1734,'ORIENTAL','21','108',22),(1735,'MINATITLAN','30','108',31),(1736,'YAJALON','07','109',8),(1737,'UNION DE SAN ANTONIO','14','109',15),(1738,'TULTITLAN','15','109',16),(1739,'ZINAPARO','16','109',17),(1740,'SAN ANTONIO NANAHUATIPAM','20','109',21),(1741,'PAHUATLAN','21','109',22),(1742,'MISANTLA','30','109',31),(1743,'SAN LUCAS','07','110',8),(1744,'UNION DE TULA','14','110',15),(1745,'VALLE DE BRAVO','15','110',16),(1746,'ZINAPECUARO','16','110',17),(1747,'SAN ANTONIO SINICAHUA','20','110',21),(1748,'PALMAR DE BRAVO','21','110',22),(1749,'MIXTLA DE ALTAMIRANO','30','110',31),(1750,'ZINACANTAN','07','111',8),(1751,'VALLE DE GUADALUPE','14','111',15),(1752,'VILLA DE ALLENDE','15','111',16),(1753,'ZIRACUARETIRO','16','111',17),(1754,'SAN ANTONIO TEPETLAPA','20','111',21),(1755,'PANTEPEC','21','111',22),(1756,'MOLOACAN','30','111',31),(1757,'SAN JUAN CANCUC','07','112',8),(1758,'VALLE DE JUAREZ','14','112',15),(1759,'VILLA DEL CARBON','15','112',16),(1760,'ZITACUARO','16','112',17),(1761,'SAN BALTAZAR CHICHICAPAM','20','112',21),(1762,'PETLALCINGO','21','112',22),(1763,'NAOLINCO','30','112',31),(1764,'ALDAMA','07','113',8),(1765,'SAN GABRIEL','14','113',15),(1766,'VILLA GUERRERO','15','113',16),(1767,'JOSE SIXTO VERDUZCO','16','113',17),(1768,'SAN BALTAZAR LOXICHA','20','113',21),(1769,'PIAXTLA','21','113',22),(1770,'NARANJAL','30','113',31),(1771,'BENEMERITO DE LAS AMERICAS','07','114',8),(1772,'VILLA CORONA','14','114',15),(1773,'VILLA VICTORIA','15','114',16),(1774,'SAN BALTAZAR YATZACHI EL BAJO','20','114',21),(1775,'PUEBLA','21','114',22),(1776,'NAUTLA','30','114',31),(1777,'MARAVILLA TENEJAPA','07','115',8),(1778,'VILLA GUERRERO','14','115',15),(1779,'XONACATLAN','15','115',16),(1780,'SAN BARTOLO COYOTEPEC','20','115',21),(1781,'QUECHOLAC','21','115',22),(1782,'NOGALES','30','115',31),(1783,'MARQUES DE COMILLAS','07','116',8),(1784,'VILLA HIDALGO','14','116',15),(1785,'ZACAZONAPAN','15','116',16),(1786,'SAN BARTOLOME AYAUTLA','20','116',21),(1787,'QUIMIXTLAN','21','116',22),(1788,'OLUTA','30','116',31),(1789,'MONTECRISTO DE GUERRERO','07','117',8),(1790,'CAADAS DE OBREGON','14','117',15),(1791,'ZACUALPAN','15','117',16),(1792,'SAN BARTOLOME LOXICHA','20','117',21),(1793,'RAFAEL LARA GRAJALES','21','117',22),(1794,'OMEALCA','30','117',31),(1795,'SAN ANDRES DURAZNAL','07','118',8),(1796,'YAHUALICA DE GONZALEZ GALLO','14','118',15),(1797,'ZINACANTEPEC','15','118',16),(1798,'SAN BARTOLOME QUIALANA','20','118',21),(1799,'LOS REYES DE JUAREZ','21','118',22),(1800,'ORIZABA','30','118',31),(1801,'SANTIAGO EL PINAR','07','119',8),(1802,'ZACOALCO DE TORRES','14','119',15),(1803,'ZUMPAHUACAN','15','119',16),(1804,'SAN BARTOLOME YUCUAE','20','119',21),(1805,'SAN ANDRES CHOLULA','21','119',22),(1806,'OTATITLAN','30','119',31),(1807,'CAPITAN LUIS ANGEL VIDAL','07','120',8),(1808,'ZAPOPAN','14','120',15),(1809,'ZUMPANGO','15','120',16),(1810,'SAN BARTOLOME ZOOGOCHO','20','120',21),(1811,'SAN ANTONIO CAADA','21','120',22),(1812,'OTEAPAN','30','120',31),(1813,'RINCON CHAMULA SAN PEDRO','07','121',8),(1814,'ZAPOTILTIC','14','121',15),(1815,'CUAUTITLAN IZCALLI','15','121',16),(1816,'SAN BARTOLO SOYALTEPEC','20','121',21),(1817,'SAN DIEGO LA MESA TOCHIMILTZINGO','21','121',22),(1818,'OZULUAMA DE MASCAREAS','30','121',31),(1819,'EL PARRAL','07','122',8),(1820,'ZAPOTITLAN DE VADILLO','14','122',15),(1821,'VALLE DE CHALCO SOLIDARIDAD','15','122',16),(1822,'SAN BARTOLO YAUTEPEC','20','122',21),(1823,'SAN FELIPE TEOTLALCINGO','21','122',22),(1824,'PAJAPAN','30','122',31),(1825,'EMILIANO ZAPATA','07','123',8),(1826,'ZAPOTLAN DEL REY','14','123',15),(1827,'LUVIANOS','15','123',16),(1828,'SAN BERNARDO MIXTEPEC','20','123',21),(1829,'SAN FELIPE TEPATLAN','21','123',22),(1830,'PANUCO','30','123',31),(1831,'MEZCALAPA','07','124',8),(1832,'ZAPOTLANEJO','14','124',15),(1833,'SAN JOSE DEL RINCON','15','124',16),(1834,'SAN BLAS ATEMPA','20','124',21),(1835,'SAN GABRIEL CHILAC','21','124',22),(1836,'PAPANTLA','30','124',31),(1837,'SAN IGNACIO CERRO GORDO','14','125',15),(1838,'TONANITLA','15','125',16),(1839,'SAN CARLOS YAUTEPEC','20','125',21),(1840,'SAN GREGORIO ATZOMPA','21','125',22),(1841,'PASO DEL MACHO','30','125',31),(1842,'SAN CRISTOBAL AMATLAN','20','126',21),(1843,'SAN JERONIMO TECUANIPAN','21','126',22),(1844,'PASO DE OVEJAS','30','126',31),(1845,'SAN CRISTOBAL AMOLTEPEC','20','127',21),(1846,'SAN JERONIMO XAYACATLAN','21','127',22),(1847,'LA PERLA','30','127',31),(1848,'SAN CRISTOBAL LACHIRIOAG','20','128',21),(1849,'SAN JOSE CHIAPA','21','128',22),(1850,'PEROTE','30','128',31),(1851,'SAN CRISTOBAL SUCHIXTLAHUACA','20','129',21),(1852,'SAN JOSE MIAHUATLAN','21','129',22),(1853,'PLATON SANCHEZ','30','129',31),(1854,'SAN DIONISIO DEL MAR','20','130',21),(1855,'SAN JUAN ATENCO','21','130',22),(1856,'PLAYA VICENTE','30','130',31),(1857,'SAN DIONISIO OCOTEPEC','20','131',21),(1858,'SAN JUAN ATZOMPA','21','131',22),(1859,'POZA RICA DE HIDALGO','30','131',31),(1860,'SAN DIONISIO OCOTLAN','20','132',21),(1861,'SAN MARTIN TEXMELUCAN','21','132',22),(1862,'LAS VIGAS DE RAMIREZ','30','132',31),(1863,'SAN ESTEBAN ATATLAHUCA','20','133',21),(1864,'SAN MARTIN TOTOLTEPEC','21','133',22),(1865,'PUEBLO VIEJO','30','133',31),(1866,'SAN FELIPE JALAPA DE DIAZ','20','134',21),(1867,'SAN MATIAS TLALANCALECA','21','134',22),(1868,'PUENTE NACIONAL','30','134',31),(1869,'SAN FELIPE TEJALAPAM','20','135',21),(1870,'SAN MIGUEL IXITLAN','21','135',22),(1871,'RAFAEL DELGADO','30','135',31),(1872,'SAN FELIPE USILA','20','136',21),(1873,'SAN MIGUEL XOXTLA','21','136',22),(1874,'RAFAEL LUCIO','30','136',31),(1875,'SAN FRANCISCO CAHUACUA','20','137',21),(1876,'SAN NICOLAS BUENOS AIRES','21','137',22),(1877,'LOS REYES','30','137',31),(1878,'SAN FRANCISCO CAJONOS','20','138',21),(1879,'SAN NICOLAS DE LOS RANCHOS','21','138',22),(1880,'RIO BLANCO','30','138',31),(1881,'SAN FRANCISCO CHAPULAPA','20','139',21),(1882,'SAN PABLO ANICANO','21','139',22),(1883,'SALTABARRANCA','30','139',31),(1884,'SAN FRANCISCO CHINDUA','20','140',21),(1885,'SAN PEDRO CHOLULA','21','140',22),(1886,'SAN ANDRES TENEJAPAN','30','140',31),(1887,'SAN FRANCISCO DEL MAR','20','141',21),(1888,'SAN PEDRO YELOIXTLAHUACA','21','141',22),(1889,'SAN ANDRES TUXTLA','30','141',31),(1890,'SAN FRANCISCO HUEHUETLAN','20','142',21),(1891,'SAN SALVADOR EL SECO','21','142',22),(1892,'SAN JUAN EVANGELISTA','30','142',31),(1893,'SAN FRANCISCO IXHUATAN','20','143',21),(1894,'SAN SALVADOR EL VERDE','21','143',22),(1895,'SANTIAGO TUXTLA','30','143',31),(1896,'SAN FRANCISCO JALTEPETONGO','20','144',21),(1897,'SAN SALVADOR HUIXCOLOTLA','21','144',22),(1898,'SAYULA DE ALEMAN','30','144',31),(1899,'SAN FRANCISCO LACHIGOLO','20','145',21),(1900,'SAN SEBASTIAN TLACOTEPEC','21','145',22),(1901,'SOCONUSCO','30','145',31),(1902,'SAN FRANCISCO LOGUECHE','20','146',21),(1903,'SANTA CATARINA TLALTEMPAN','21','146',22),(1904,'SOCHIAPA','30','146',31),(1905,'SAN FRANCISCO NUXAO','20','147',21),(1906,'SANTA INES AHUATEMPAN','21','147',22),(1907,'SOLEDAD ATZOMPA','30','147',31),(1908,'SAN FRANCISCO OZOLOTEPEC','20','148',21),(1909,'SANTA ISABEL CHOLULA','21','148',22),(1910,'SOLEDAD DE DOBLADO','30','148',31),(1911,'SAN FRANCISCO SOLA','20','149',21),(1912,'SANTIAGO MIAHUATLAN','21','149',22),(1913,'SOTEAPAN','30','149',31),(1914,'SAN FRANCISCO TELIXTLAHUACA','20','150',21),(1915,'HUEHUETLAN EL GRANDE','21','150',22),(1916,'TAMALIN','30','150',31),(1917,'SAN FRANCISCO TEOPAN','20','151',21),(1918,'SANTO TOMAS HUEYOTLIPAN','21','151',22),(1919,'TAMIAHUA','30','151',31),(1920,'SAN FRANCISCO TLAPANCINGO','20','152',21),(1921,'SOLTEPEC','21','152',22),(1922,'TAMPICO ALTO','30','152',31),(1923,'SAN GABRIEL MIXTEPEC','20','153',21),(1924,'TECALI DE HERRERA','21','153',22),(1925,'TANCOCO','30','153',31),(1926,'SAN ILDEFONSO AMATLAN','20','154',21),(1927,'TECAMACHALCO','21','154',22),(1928,'TANTIMA','30','154',31),(1929,'SAN ILDEFONSO SOLA','20','155',21),(1930,'TECOMATLAN','21','155',22),(1931,'TANTOYUCA','30','155',31),(1932,'SAN ILDEFONSO VILLA ALTA','20','156',21),(1933,'TEHUACAN','21','156',22),(1934,'TATATILA','30','156',31),(1935,'SAN JACINTO AMILPAS','20','157',21),(1936,'TEHUITZINGO','21','157',22),(1937,'CASTILLO DE TEAYO','30','157',31),(1938,'SAN JACINTO TLACOTEPEC','20','158',21),(1939,'TENAMPULCO','21','158',22),(1940,'TECOLUTLA','30','158',31),(1941,'SAN JERONIMO COATLAN','20','159',21),(1942,'TEOPANTLAN','21','159',22),(1943,'TEHUIPANGO','30','159',31),(1944,'SAN JERONIMO SILACAYOAPILLA','20','160',21),(1945,'TEOTLALCO','21','160',22),(1946,'ALAMO TEMAPACHE','30','160',31),(1947,'SAN JERONIMO SOSOLA','20','161',21),(1948,'TEPANCO DE LOPEZ','21','161',22),(1949,'TEMPOAL','30','161',31),(1950,'SAN JERONIMO TAVICHE','20','162',21),(1951,'TEPANGO DE RODRIGUEZ','21','162',22),(1952,'TENAMPA','30','162',31),(1953,'SAN JERONIMO TECOATL','20','163',21),(1954,'TEPATLAXCO DE HIDALGO','21','163',22),(1955,'TENOCHTITLAN','30','163',31),(1956,'SAN JORGE NUCHITA','20','164',21),(1957,'TEPEACA','21','164',22),(1958,'TEOCELO','30','164',31),(1959,'SAN JOSE AYUQUILA','20','165',21),(1960,'TEPEMAXALCO','21','165',22),(1961,'TEPATLAXCO','30','165',31),(1962,'SAN JOSE CHILTEPEC','20','166',21),(1963,'TEPEOJUMA','21','166',22),(1964,'TEPETLAN','30','166',31),(1965,'SAN JOSE DEL PEASCO','20','167',21),(1966,'TEPETZINTLA','21','167',22),(1967,'TEPETZINTLA','30','167',31),(1968,'SAN JOSE ESTANCIA GRANDE','20','168',21),(1969,'TEPEXCO','21','168',22),(1970,'TEQUILA','30','168',31),(1971,'SAN JOSE INDEPENDENCIA','20','169',21),(1972,'TEPEXI DE RODRIGUEZ','21','169',22),(1973,'JOSE AZUETA','30','169',31),(1974,'SAN JOSE LACHIGUIRI','20','170',21),(1975,'TEPEYAHUALCO','21','170',22),(1976,'TEXCATEPEC','30','170',31),(1977,'SAN JOSE TENANGO','20','171',21),(1978,'TEPEYAHUALCO DE CUAUHTEMOC','21','171',22),(1979,'TEXHUACAN','30','171',31),(1980,'SAN JUAN ACHIUTLA','20','172',21),(1981,'TETELA DE OCAMPO','21','172',22),(1982,'TEXISTEPEC','30','172',31),(1983,'SAN JUAN ATEPEC','20','173',21),(1984,'TETELES DE AVILA CASTILLO','21','173',22),(1985,'TEZONAPA','30','173',31),(1986,'ANIMAS TRUJANO','20','174',21),(1987,'TEZIUTLAN','21','174',22),(1988,'TIERRA BLANCA','30','174',31),(1989,'SAN JUAN BAUTISTA ATATLAHUCA','20','175',21),(1990,'TIANGUISMANALCO','21','175',22),(1991,'TIHUATLAN','30','175',31),(1992,'SAN JUAN BAUTISTA COIXTLAHUACA','20','176',21),(1993,'TILAPA','21','176',22),(1994,'TLACOJALPAN','30','176',31),(1995,'SAN JUAN BAUTISTA CUICATLAN','20','177',21),(1996,'TLACOTEPEC DE BENITO JUAREZ','21','177',22),(1997,'TLACOLULAN','30','177',31),(1998,'SAN JUAN BAUTISTA GUELACHE','20','178',21),(1999,'TLACUILOTEPEC','21','178',22),(2000,'TLACOTALPAN','30','178',31),(2001,'SAN JUAN BAUTISTA JAYACATLAN','20','179',21),(2002,'TLACHICHUCA','21','179',22),(2003,'TLACOTEPEC DE MEJIA','30','179',31),(2004,'SAN JUAN BAUTISTA LO DE SOTO','20','180',21),(2005,'TLAHUAPAN','21','180',22),(2006,'TLACHICHILCO','30','180',31),(2007,'SAN JUAN BAUTISTA SUCHITEPEC','20','181',21),(2008,'TLALTENANGO','21','181',22),(2009,'TLALIXCOYAN','30','181',31),(2010,'SAN JUAN BAUTISTA TLACOATZINTEPEC','20','182',21),(2011,'TLANEPANTLA','21','182',22),(2012,'TLALNELHUAYOCAN','30','182',31),(2013,'SAN JUAN BAUTISTA TLACHICHILCO','20','183',21),(2014,'TLAOLA','21','183',22),(2015,'TLAPACOYAN','30','183',31),(2016,'SAN JUAN BAUTISTA TUXTEPEC','20','184',21),(2017,'TLAPACOYA','21','184',22),(2018,'TLAQUILPA','30','184',31),(2019,'SAN JUAN CACAHUATEPEC','20','185',21),(2020,'TLAPANALA','21','185',22),(2021,'TLILAPAN','30','185',31),(2022,'SAN JUAN CIENEGUILLA','20','186',21),(2023,'TLATLAUQUITEPEC','21','186',22),(2024,'TOMATLAN','30','186',31),(2025,'SAN JUAN COATZOSPAM','20','187',21),(2026,'TLAXCO','21','187',22),(2027,'TONAYAN','30','187',31),(2028,'SAN JUAN COLORADO','20','188',21),(2029,'TOCHIMILCO','21','188',22),(2030,'TOTUTLA','30','188',31),(2031,'SAN JUAN COMALTEPEC','20','189',21),(2032,'TOCHTEPEC','21','189',22),(2033,'TUXPAN','30','189',31),(2034,'SAN JUAN COTZOCON','20','190',21),(2035,'TOTOLTEPEC DE GUERRERO','21','190',22),(2036,'TUXTILLA','30','190',31),(2037,'SAN JUAN CHICOMEZUCHIL','20','191',21),(2038,'TULCINGO','21','191',22),(2039,'URSULO GALVAN','30','191',31),(2040,'SAN JUAN CHILATECA','20','192',21),(2041,'TUZAMAPAN DE GALEANA','21','192',22),(2042,'VEGA DE ALATORRE','30','192',31),(2043,'SAN JUAN DEL ESTADO','20','193',21),(2044,'TZICATLACOYAN','21','193',22),(2045,'VERACRUZ','30','193',31),(2046,'SAN JUAN DEL RIO','20','194',21),(2047,'VENUSTIANO CARRANZA','21','194',22),(2048,'VILLA ALDAMA','30','194',31),(2049,'SAN JUAN DIUXI','20','195',21),(2050,'VICENTE GUERRERO','21','195',22),(2051,'XOXOCOTLA','30','195',31),(2052,'SAN JUAN EVANGELISTA ANALCO','20','196',21),(2053,'XAYACATLAN DE BRAVO','21','196',22),(2054,'YANGA','30','196',31),(2055,'SAN JUAN GUELAVIA','20','197',21),(2056,'XICOTEPEC','21','197',22),(2057,'YECUATLA','30','197',31),(2058,'SAN JUAN GUICHICOVI','20','198',21),(2059,'XICOTLAN','21','198',22),(2060,'ZACUALPAN','30','198',31),(2061,'SAN JUAN IHUALTEPEC','20','199',21),(2062,'XIUTETELCO','21','199',22),(2063,'ZARAGOZA','30','199',31),(2064,'SAN JUAN JUQUILA MIXES','20','200',21),(2065,'XOCHIAPULCO','21','200',22),(2066,'ZENTLA','30','200',31),(2067,'SAN JUAN JUQUILA VIJANOS','20','201',21),(2068,'XOCHILTEPEC','21','201',22),(2069,'ZONGOLICA','30','201',31),(2070,'SAN JUAN LACHAO','20','202',21),(2071,'XOCHITLAN DE VICENTE SUAREZ','21','202',22),(2072,'ZONTECOMATLAN DE LOPEZ Y FUENTES','30','202',31),(2073,'SAN JUAN LACHIGALLA','20','203',21),(2074,'XOCHITLAN TODOS SANTOS','21','203',22),(2075,'ZOZOCOLCO DE HIDALGO','30','203',31),(2076,'SAN JUAN LAJARCIA','20','204',21),(2077,'YAONAHUAC','21','204',22),(2078,'AGUA DULCE','30','204',31),(2079,'SAN JUAN LALANA','20','205',21),(2080,'YEHUALTEPEC','21','205',22),(2081,'EL HIGO','30','205',31),(2082,'SAN JUAN DE LOS CUES','20','206',21),(2083,'ZACAPALA','21','206',22),(2084,'NANCHITAL DE LAZARO CARDENAS DEL RIO','30','206',31),(2085,'SAN JUAN MAZATLAN','20','207',21),(2086,'ZACAPOAXTLA','21','207',22),(2087,'TRES VALLES','30','207',31),(2088,'SAN JUAN MIXTEPEC','20','208',21),(2089,'ZACATLAN','21','208',22),(2090,'CARLOS A. CARRILLO','30','208',31),(2091,'SAN JUAN MIXTEPEC','20','209',21),(2092,'ZAPOTITLAN','21','209',22),(2093,'TATAHUICAPAN DE JUAREZ','30','209',31),(2094,'SAN JUAN UMI','20','210',21),(2095,'ZAPOTITLAN DE MENDEZ','21','210',22),(2096,'UXPANAPA','30','210',31),(2097,'SAN JUAN OZOLOTEPEC','20','211',21),(2098,'ZARAGOZA','21','211',22),(2099,'SAN RAFAEL','30','211',31),(2100,'SAN JUAN PETLAPA','20','212',21),(2101,'ZAUTLA','21','212',22),(2102,'SANTIAGO SOCHIAPAN','30','212',31),(2103,'SAN JUAN QUIAHIJE','20','213',21),(2104,'ZIHUATEUTLA','21','213',22),(2105,'SAN JUAN QUIOTEPEC','20','214',21),(2106,'ZINACATEPEC','21','214',22),(2107,'SAN JUAN SAYULTEPEC','20','215',21),(2108,'ZONGOZOTLA','21','215',22),(2109,'SAN JUAN TABAA','20','216',21),(2110,'ZOQUIAPAN','21','216',22),(2111,'SAN JUAN TAMAZOLA','20','217',21),(2112,'ZOQUITLAN','21','217',22),(2113,'SAN JUAN TEITA','20','218',21),(2114,'SAN JUAN TEITIPAC','20','219',21),(2115,'SAN JUAN TEPEUXILA','20','220',21),(2116,'SAN JUAN TEPOSCOLULA','20','221',21),(2117,'SAN JUAN YAEE','20','222',21),(2118,'SAN JUAN YATZONA','20','223',21),(2119,'SAN JUAN YUCUITA','20','224',21),(2120,'SAN LORENZO','20','225',21),(2121,'SAN LORENZO ALBARRADAS','20','226',21),(2122,'SAN LORENZO CACAOTEPEC','20','227',21),(2123,'SAN LORENZO CUAUNECUILTITLA','20','228',21),(2124,'SAN LORENZO TEXMELUCAN','20','229',21),(2125,'SAN LORENZO VICTORIA','20','230',21),(2126,'SAN LUCAS CAMOTLAN','20','231',21),(2127,'SAN LUCAS OJITLAN','20','232',21),(2128,'SAN LUCAS QUIAVINI','20','233',21),(2129,'SAN LUCAS ZOQUIAPAM','20','234',21),(2130,'SAN LUIS AMATLAN','20','235',21),(2131,'SAN MARCIAL OZOLOTEPEC','20','236',21),(2132,'SAN MARCOS ARTEAGA','20','237',21),(2133,'SAN MARTIN DE LOS CANSECOS','20','238',21),(2134,'SAN MARTIN HUAMELULPAM','20','239',21),(2135,'SAN MARTIN ITUNYOSO','20','240',21),(2136,'SAN MARTIN LACHILA','20','241',21),(2137,'SAN MARTIN PERAS','20','242',21),(2138,'SAN MARTIN TILCAJETE','20','243',21),(2139,'SAN MARTIN TOXPALAN','20','244',21),(2140,'SAN MARTIN ZACATEPEC','20','245',21),(2141,'SAN MATEO CAJONOS','20','246',21),(2142,'CAPULALPAM DE MENDEZ','20','247',21),(2143,'SAN MATEO DEL MAR','20','248',21),(2144,'SAN MATEO YOLOXOCHITLAN','20','249',21),(2145,'SAN MATEO ETLATONGO','20','250',21),(2146,'SAN MATEO NEJAPAM','20','251',21),(2147,'SAN MATEO PEASCO','20','252',21),(2148,'SAN MATEO PIAS','20','253',21),(2149,'SAN MATEO RIO HONDO','20','254',21),(2150,'SAN MATEO SINDIHUI','20','255',21),(2151,'SAN MATEO TLAPILTEPEC','20','256',21),(2152,'SAN MELCHOR BETAZA','20','257',21),(2153,'SAN MIGUEL ACHIUTLA','20','258',21),(2154,'SAN MIGUEL AHUEHUETITLAN','20','259',21),(2155,'SAN MIGUEL ALOAPAM','20','260',21),(2156,'SAN MIGUEL AMATITLAN','20','261',21),(2157,'SAN MIGUEL AMATLAN','20','262',21),(2158,'SAN MIGUEL COATLAN','20','263',21),(2159,'SAN MIGUEL CHICAHUA','20','264',21),(2160,'SAN MIGUEL CHIMALAPA','20','265',21),(2161,'SAN MIGUEL DEL PUERTO','20','266',21),(2162,'SAN MIGUEL DEL RIO','20','267',21),(2163,'SAN MIGUEL EJUTLA','20','268',21),(2164,'SAN MIGUEL EL GRANDE','20','269',21),(2165,'SAN MIGUEL HUAUTLA','20','270',21),(2166,'SAN MIGUEL MIXTEPEC','20','271',21),(2167,'SAN MIGUEL PANIXTLAHUACA','20','272',21),(2168,'SAN MIGUEL PERAS','20','273',21),(2169,'SAN MIGUEL PIEDRAS','20','274',21),(2170,'SAN MIGUEL QUETZALTEPEC','20','275',21),(2171,'SAN MIGUEL SANTA FLOR','20','276',21),(2172,'VILLA SOLA DE VEGA','20','277',21),(2173,'SAN MIGUEL SOYALTEPEC','20','278',21),(2174,'SAN MIGUEL SUCHIXTEPEC','20','279',21),(2175,'VILLA TALEA DE CASTRO','20','280',21),(2176,'SAN MIGUEL TECOMATLAN','20','281',21),(2177,'SAN MIGUEL TENANGO','20','282',21),(2178,'SAN MIGUEL TEQUIXTEPEC','20','283',21),(2179,'SAN MIGUEL TILQUIAPAM','20','284',21),(2180,'SAN MIGUEL TLACAMAMA','20','285',21),(2181,'SAN MIGUEL TLACOTEPEC','20','286',21),(2182,'SAN MIGUEL TULANCINGO','20','287',21),(2183,'SAN MIGUEL YOTAO','20','288',21),(2184,'SAN NICOLAS','20','289',21),(2185,'SAN NICOLAS HIDALGO','20','290',21),(2186,'SAN PABLO COATLAN','20','291',21),(2187,'SAN PABLO CUATRO VENADOS','20','292',21),(2188,'SAN PABLO ETLA','20','293',21),(2189,'SAN PABLO HUITZO','20','294',21),(2190,'SAN PABLO HUIXTEPEC','20','295',21),(2191,'SAN PABLO MACUILTIANGUIS','20','296',21),(2192,'SAN PABLO TIJALTEPEC','20','297',21),(2193,'SAN PABLO VILLA DE MITLA','20','298',21),(2194,'SAN PABLO YAGANIZA','20','299',21),(2195,'SAN PEDRO AMUZGOS','20','300',21),(2196,'SAN PEDRO APOSTOL','20','301',21),(2197,'SAN PEDRO ATOYAC','20','302',21),(2198,'SAN PEDRO CAJONOS','20','303',21),(2199,'SAN PEDRO COXCALTEPEC CANTAROS','20','304',21),(2200,'SAN PEDRO COMITANCILLO','20','305',21),(2201,'SAN PEDRO EL ALTO','20','306',21),(2202,'SAN PEDRO HUAMELULA','20','307',21),(2203,'SAN PEDRO HUILOTEPEC','20','308',21),(2204,'SAN PEDRO IXCATLAN','20','309',21),(2205,'SAN PEDRO IXTLAHUACA','20','310',21),(2206,'SAN PEDRO JALTEPETONGO','20','311',21),(2207,'SAN PEDRO JICAYAN','20','312',21),(2208,'SAN PEDRO JOCOTIPAC','20','313',21),(2209,'SAN PEDRO JUCHATENGO','20','314',21),(2210,'SAN PEDRO MARTIR','20','315',21),(2211,'SAN PEDRO MARTIR QUIECHAPA','20','316',21),(2212,'SAN PEDRO MARTIR YUCUXACO','20','317',21),(2213,'SAN PEDRO MIXTEPEC','20','318',21),(2214,'SAN PEDRO MIXTEPEC','20','319',21),(2215,'SAN PEDRO MOLINOS','20','320',21),(2216,'SAN PEDRO NOPALA','20','321',21),(2217,'SAN PEDRO OCOPETATILLO','20','322',21),(2218,'SAN PEDRO OCOTEPEC','20','323',21),(2219,'SAN PEDRO POCHUTLA','20','324',21),(2220,'SAN PEDRO QUIATONI','20','325',21),(2221,'SAN PEDRO SOCHIAPAM','20','326',21),(2222,'SAN PEDRO TAPANATEPEC','20','327',21),(2223,'SAN PEDRO TAVICHE','20','328',21),(2224,'SAN PEDRO TEOZACOALCO','20','329',21),(2225,'SAN PEDRO TEUTILA','20','330',21),(2226,'SAN PEDRO TIDAA','20','331',21),(2227,'SAN PEDRO TOPILTEPEC','20','332',21),(2228,'SAN PEDRO TOTOLAPAM','20','333',21),(2229,'VILLA DE TUTUTEPEC','20','334',21),(2230,'SAN PEDRO YANERI','20','335',21),(2231,'SAN PEDRO YOLOX','20','336',21),(2232,'SAN PEDRO Y SAN PABLO AYUTLA','20','337',21),(2233,'VILLA DE ETLA','20','338',21),(2234,'SAN PEDRO Y SAN PABLO TEPOSCOLULA','20','339',21),(2235,'SAN PEDRO Y SAN PABLO TEQUIXTEPEC','20','340',21),(2236,'SAN PEDRO YUCUNAMA','20','341',21),(2237,'SAN RAYMUNDO JALPAN','20','342',21),(2238,'SAN SEBASTIAN ABASOLO','20','343',21),(2239,'SAN SEBASTIAN COATLAN','20','344',21),(2240,'SAN SEBASTIAN IXCAPA','20','345',21),(2241,'SAN SEBASTIAN NICANANDUTA','20','346',21),(2242,'SAN SEBASTIAN RIO HONDO','20','347',21),(2243,'SAN SEBASTIAN TECOMAXTLAHUACA','20','348',21),(2244,'SAN SEBASTIAN TEITIPAC','20','349',21),(2245,'SAN SEBASTIAN TUTLA','20','350',21),(2246,'SAN SIMON ALMOLONGAS','20','351',21),(2247,'SAN SIMON ZAHUATLAN','20','352',21),(2248,'SANTA ANA','20','353',21),(2249,'SANTA ANA ATEIXTLAHUACA','20','354',21),(2250,'SANTA ANA CUAUHTEMOC','20','355',21),(2251,'SANTA ANA DEL VALLE','20','356',21),(2252,'SANTA ANA TAVELA','20','357',21),(2253,'SANTA ANA TLAPACOYAN','20','358',21),(2254,'SANTA ANA YARENI','20','359',21),(2255,'SANTA ANA ZEGACHE','20','360',21),(2256,'SANTA CATALINA QUIERI','20','361',21),(2257,'SANTA CATARINA CUIXTLA','20','362',21),(2258,'SANTA CATARINA IXTEPEJI','20','363',21),(2259,'SANTA CATARINA JUQUILA','20','364',21),(2260,'SANTA CATARINA LACHATAO','20','365',21),(2261,'SANTA CATARINA LOXICHA','20','366',21),(2262,'SANTA CATARINA MECHOACAN','20','367',21),(2263,'SANTA CATARINA MINAS','20','368',21),(2264,'SANTA CATARINA QUIANE','20','369',21),(2265,'SANTA CATARINA TAYATA','20','370',21),(2266,'SANTA CATARINA TICUA','20','371',21),(2267,'SANTA CATARINA YOSONOTU','20','372',21),(2268,'SANTA CATARINA ZAPOQUILA','20','373',21),(2269,'SANTA CRUZ ACATEPEC','20','374',21),(2270,'SANTA CRUZ AMILPAS','20','375',21),(2271,'SANTA CRUZ DE BRAVO','20','376',21),(2272,'SANTA CRUZ ITUNDUJIA','20','377',21),(2273,'SANTA CRUZ MIXTEPEC','20','378',21),(2274,'SANTA CRUZ NUNDACO','20','379',21),(2275,'SANTA CRUZ PAPALUTLA','20','380',21),(2276,'SANTA CRUZ TACACHE DE MINA','20','381',21),(2277,'SANTA CRUZ TACAHUA','20','382',21),(2278,'SANTA CRUZ TAYATA','20','383',21),(2279,'SANTA CRUZ XITLA','20','384',21),(2280,'SANTA CRUZ XOXOCOTLAN','20','385',21),(2281,'SANTA CRUZ ZENZONTEPEC','20','386',21),(2282,'SANTA GERTRUDIS','20','387',21),(2283,'SANTA INES DEL MONTE','20','388',21),(2284,'SANTA INES YATZECHE','20','389',21),(2285,'SANTA LUCIA DEL CAMINO','20','390',21),(2286,'SANTA LUCIA MIAHUATLAN','20','391',21),(2287,'SANTA LUCIA MONTEVERDE','20','392',21),(2288,'SANTA LUCIA OCOTLAN','20','393',21),(2289,'SANTA MARIA ALOTEPEC','20','394',21),(2290,'SANTA MARIA APAZCO','20','395',21),(2291,'SANTA MARIA LA ASUNCION','20','396',21),(2292,'HEROICA CIUDAD DE TLAXIACO','20','397',21),(2293,'AYOQUEZCO DE ALDAMA','20','398',21),(2294,'SANTA MARIA ATZOMPA','20','399',21),(2295,'SANTA MARIA CAMOTLAN','20','400',21),(2296,'SANTA MARIA COLOTEPEC','20','401',21),(2297,'SANTA MARIA CORTIJO','20','402',21),(2298,'SANTA MARIA COYOTEPEC','20','403',21),(2299,'SANTA MARIA CHACHOAPAM','20','404',21),(2300,'VILLA DE CHILAPA DE DIAZ','20','405',21),(2301,'SANTA MARIA CHILCHOTLA','20','406',21),(2302,'SANTA MARIA CHIMALAPA','20','407',21),(2303,'SANTA MARIA DEL ROSARIO','20','408',21),(2304,'SANTA MARIA DEL TULE','20','409',21),(2305,'SANTA MARIA ECATEPEC','20','410',21),(2306,'SANTA MARIA GUELACE','20','411',21),(2307,'SANTA MARIA GUIENAGATI','20','412',21),(2308,'SANTA MARIA HUATULCO','20','413',21),(2309,'SANTA MARIA HUAZOLOTITLAN','20','414',21),(2310,'SANTA MARIA IPALAPA','20','415',21),(2311,'SANTA MARIA IXCATLAN','20','416',21),(2312,'SANTA MARIA JACATEPEC','20','417',21),(2313,'SANTA MARIA JALAPA DEL MARQUES','20','418',21),(2314,'SANTA MARIA JALTIANGUIS','20','419',21),(2315,'SANTA MARIA LACHIXIO','20','420',21),(2316,'SANTA MARIA MIXTEQUILLA','20','421',21),(2317,'SANTA MARIA NATIVITAS','20','422',21),(2318,'SANTA MARIA NDUAYACO','20','423',21),(2319,'SANTA MARIA OZOLOTEPEC','20','424',21),(2320,'SANTA MARIA PAPALO','20','425',21),(2321,'SANTA MARIA PEOLES','20','426',21),(2322,'SANTA MARIA PETAPA','20','427',21),(2323,'SANTA MARIA QUIEGOLANI','20','428',21),(2324,'SANTA MARIA SOLA','20','429',21),(2325,'SANTA MARIA TATALTEPEC','20','430',21),(2326,'SANTA MARIA TECOMAVACA','20','431',21),(2327,'SANTA MARIA TEMAXCALAPA','20','432',21),(2328,'SANTA MARIA TEMAXCALTEPEC','20','433',21),(2329,'SANTA MARIA TEOPOXCO','20','434',21),(2330,'SANTA MARIA TEPANTLALI','20','435',21),(2331,'SANTA MARIA TEXCATITLAN','20','436',21),(2332,'SANTA MARIA TLAHUITOLTEPEC','20','437',21),(2333,'SANTA MARIA TLALIXTAC','20','438',21),(2334,'SANTA MARIA TONAMECA','20','439',21),(2335,'SANTA MARIA TOTOLAPILLA','20','440',21),(2336,'SANTA MARIA XADANI','20','441',21),(2337,'SANTA MARIA YALINA','20','442',21),(2338,'SANTA MARIA YAVESIA','20','443',21),(2339,'SANTA MARIA YOLOTEPEC','20','444',21),(2340,'SANTA MARIA YOSOYUA','20','445',21),(2341,'SANTA MARIA YUCUHITI','20','446',21),(2342,'SANTA MARIA ZACATEPEC','20','447',21),(2343,'SANTA MARIA ZANIZA','20','448',21),(2344,'SANTA MARIA ZOQUITLAN','20','449',21),(2345,'SANTIAGO AMOLTEPEC','20','450',21),(2346,'SANTIAGO APOALA','20','451',21),(2347,'SANTIAGO APOSTOL','20','452',21),(2348,'SANTIAGO ASTATA','20','453',21),(2349,'SANTIAGO ATITLAN','20','454',21),(2350,'SANTIAGO AYUQUILILLA','20','455',21),(2351,'SANTIAGO CACALOXTEPEC','20','456',21),(2352,'SANTIAGO CAMOTLAN','20','457',21),(2353,'SANTIAGO COMALTEPEC','20','458',21),(2354,'VILLA DE SANTIAGO CHAZUMBA','20','459',21),(2355,'SANTIAGO CHOAPAM','20','460',21),(2356,'SANTIAGO DEL RIO','20','461',21),(2357,'SANTIAGO HUAJOLOTITLAN','20','462',21),(2358,'SANTIAGO HUAUCLILLA','20','463',21),(2359,'SANTIAGO IHUITLAN PLUMAS','20','464',21),(2360,'SANTIAGO IXCUINTEPEC','20','465',21),(2361,'SANTIAGO IXTAYUTLA','20','466',21),(2362,'SANTIAGO JAMILTEPEC','20','467',21),(2363,'SANTIAGO JOCOTEPEC','20','468',21),(2364,'SANTIAGO JUXTLAHUACA','20','469',21),(2365,'SANTIAGO LACHIGUIRI','20','470',21),(2366,'SANTIAGO LALOPA','20','471',21),(2367,'SANTIAGO LAOLLAGA','20','472',21),(2368,'SANTIAGO LAXOPA','20','473',21),(2369,'SANTIAGO LLANO GRANDE','20','474',21),(2370,'SANTIAGO MATATLAN','20','475',21),(2371,'SANTIAGO MILTEPEC','20','476',21),(2372,'SANTIAGO MINAS','20','477',21),(2373,'SANTIAGO NACALTEPEC','20','478',21),(2374,'SANTIAGO NEJAPILLA','20','479',21),(2375,'SANTIAGO NUNDICHE','20','480',21),(2376,'SANTIAGO NUYOO','20','481',21),(2377,'SANTIAGO PINOTEPA NACIONAL','20','482',21),(2378,'SANTIAGO SUCHILQUITONGO','20','483',21),(2379,'SANTIAGO TAMAZOLA','20','484',21),(2380,'SANTIAGO TAPEXTLA','20','485',21),(2381,'VILLA TEJUPAM DE LA UNION','20','486',21),(2382,'SANTIAGO TENANGO','20','487',21),(2383,'SANTIAGO TEPETLAPA','20','488',21),(2384,'SANTIAGO TETEPEC','20','489',21),(2385,'SANTIAGO TEXCALCINGO','20','490',21),(2386,'SANTIAGO TEXTITLAN','20','491',21),(2387,'SANTIAGO TILANTONGO','20','492',21),(2388,'SANTIAGO TILLO','20','493',21),(2389,'SANTIAGO TLAZOYALTEPEC','20','494',21),(2390,'SANTIAGO XANICA','20','495',21),(2391,'SANTIAGO XIACUI','20','496',21),(2392,'SANTIAGO YAITEPEC','20','497',21),(2393,'SANTIAGO YAVEO','20','498',21),(2394,'SANTIAGO YOLOMECATL','20','499',21),(2395,'SANTIAGO YOSONDUA','20','500',21),(2396,'SANTIAGO YUCUYACHI','20','501',21),(2397,'SANTIAGO ZACATEPEC','20','502',21),(2398,'SANTIAGO ZOOCHILA','20','503',21),(2399,'NUEVO ZOQUIAPAM','20','504',21),(2400,'SANTO DOMINGO INGENIO','20','505',21),(2401,'SANTO DOMINGO ALBARRADAS','20','506',21),(2402,'SANTO DOMINGO ARMENTA','20','507',21),(2403,'SANTO DOMINGO CHIHUITAN','20','508',21),(2404,'SANTO DOMINGO DE MORELOS','20','509',21),(2405,'SANTO DOMINGO IXCATLAN','20','510',21),(2406,'SANTO DOMINGO NUXAA','20','511',21),(2407,'SANTO DOMINGO OZOLOTEPEC','20','512',21),(2408,'SANTO DOMINGO PETAPA','20','513',21),(2409,'SANTO DOMINGO ROAYAGA','20','514',21),(2410,'SANTO DOMINGO TEHUANTEPEC','20','515',21),(2411,'SANTO DOMINGO TEOJOMULCO','20','516',21),(2412,'SANTO DOMINGO TEPUXTEPEC','20','517',21),(2413,'SANTO DOMINGO TLATAYAPAM','20','518',21),(2414,'SANTO DOMINGO TOMALTEPEC','20','519',21),(2415,'SANTO DOMINGO TONALA','20','520',21),(2416,'SANTO DOMINGO TONALTEPEC','20','521',21),(2417,'SANTO DOMINGO XAGACIA','20','522',21),(2418,'SANTO DOMINGO YANHUITLAN','20','523',21),(2419,'SANTO DOMINGO YODOHINO','20','524',21),(2420,'SANTO DOMINGO ZANATEPEC','20','525',21),(2421,'SANTOS REYES NOPALA','20','526',21),(2422,'SANTOS REYES PAPALO','20','527',21),(2423,'SANTOS REYES TEPEJILLO','20','528',21),(2424,'SANTOS REYES YUCUNA','20','529',21),(2425,'SANTO TOMAS JALIEZA','20','530',21),(2426,'SANTO TOMAS MAZALTEPEC','20','531',21),(2427,'SANTO TOMAS OCOTEPEC','20','532',21),(2428,'SANTO TOMAS TAMAZULAPAN','20','533',21),(2429,'SAN VICENTE COATLAN','20','534',21),(2430,'SAN VICENTE LACHIXIO','20','535',21),(2431,'SAN VICENTE NUU','20','536',21),(2432,'SILACAYOAPAM','20','537',21),(2433,'SITIO DE XITLAPEHUA','20','538',21),(2434,'SOLEDAD ETLA','20','539',21),(2435,'VILLA DE TAMAZULAPAM DEL PROGRESO','20','540',21),(2436,'TANETZE DE ZARAGOZA','20','541',21),(2437,'TANICHE','20','542',21),(2438,'TATALTEPEC DE VALDES','20','543',21),(2439,'TEOCOCUILCO DE MARCOS PEREZ','20','544',21),(2440,'TEOTITLAN DE FLORES MAGON','20','545',21),(2441,'TEOTITLAN DEL VALLE','20','546',21),(2442,'TEOTONGO','20','547',21),(2443,'TEPELMEME VILLA DE MORELOS','20','548',21),(2444,'HEROICA VILLA TEZOATLAN DE SEGURA Y LUNA, CUNA DE LA INDEPENDENCIA DE OAXACA','20','549',21),(2445,'SAN JERONIMO TLACOCHAHUAYA','20','550',21),(2446,'TLACOLULA DE MATAMOROS','20','551',21),(2447,'TLACOTEPEC PLUMAS','20','552',21),(2448,'TLALIXTAC DE CABRERA','20','553',21),(2449,'TOTONTEPEC VILLA DE MORELOS','20','554',21),(2450,'TRINIDAD ZAACHILA','20','555',21),(2451,'LA TRINIDAD VISTA HERMOSA','20','556',21),(2452,'UNION HIDALGO','20','557',21),(2453,'VALERIO TRUJANO','20','558',21),(2454,'SAN JUAN BAUTISTA VALLE NACIONAL','20','559',21),(2455,'VILLA DIAZ ORDAZ','20','560',21),(2456,'YAXE','20','561',21),(2457,'MAGDALENA YODOCONO DE PORFIRIO DIAZ','20','562',21),(2458,'YOGANA','20','563',21),(2459,'YUTANDUCHI DE GUERRERO','20','564',21),(2460,'VILLA DE ZAACHILA','20','565',21),(2461,'SAN MATEO YUCUTINDOO','20','566',21),(2462,'ZAPOTITLAN LAGUNAS','20','567',21),(2463,'ZAPOTITLAN PALMAS','20','568',21),(2464,'SANTA INES DE ZARAGOZA','20','569',21),(2465,'ZIMATLAN DE ALVAREZ','20','570',21),(2466,'NO APLICA','88','997',34),(2467,'SE IGNORA','98','998',35),(2468,'NO ESPECIFICADO','01','999',2),(2469,'NO ESPECIFICADO','02','999',3),(2470,'NO ESPECIFICADO','03','999',4),(2471,'NO ESPECIFICADO','04','999',5),(2472,'NO ESPECIFICADO','05','999',6),(2473,'NO ESPECIFICADO','06','999',7),(2474,'NO ESPECIFICADO','07','999',8),(2475,'NO ESPECIFICADO','08','999',9),(2476,'NO ESPECIFICADO','09','999',10),(2477,'NO ESPECIFICADO','10','999',11),(2478,'NO ESPECIFICADO','11','999',12),(2479,'NO ESPECIFICADO','12','999',13),(2480,'NO ESPECIFICADO','13','999',14),(2481,'NO ESPECIFICADO','14','999',15),(2482,'NO ESPECIFICADO','15','999',16),(2483,'NO ESPECIFICADO','16','999',17),(2484,'NO ESPECIFICADO','17','999',18),(2485,'NO ESPECIFICADO','18','999',19),(2486,'NO ESPECIFICADO','19','999',20),(2487,'NO ESPECIFICADO','20','999',21),(2488,'NO ESPECIFICADO','21','999',22),(2489,'NO ESPECIFICADO','22','999',23),(2490,'NO ESPECIFICADO','23','999',24),(2491,'NO ESPECIFICADO','24','999',25),(2492,'NO ESPECIFICADO','25','999',26),(2493,'NO ESPECIFICADO','26','999',27),(2494,'NO ESPECIFICADO','27','999',28),(2495,'NO ESPECIFICADO','28','999',29),(2496,'NO ESPECIFICADO','29','999',30),(2497,'NO ESPECIFICADO','30','999',31),(2498,'NO ESPECIFICADO','31','999',32),(2499,'NO ESPECIFICADO','32','999',33),(2500,'NO ESPECIFICADO','36','999',1),(2501,'NO ESPECIFICADO','36','999',1);
/*!40000 ALTER TABLE `municipio` ENABLE KEYS */;
UNLOCK TABLES;

--
-- Table structure for table `negocio`
--

DROP TABLE IF EXISTS `negocio`;
/*!40101 SET @saved_cs_client     = @@character_set_client */;
/*!40101 SET character_set_client = utf8 */;
CREATE TABLE `negocio` (
  `idnegocio` int(11) NOT NULL AUTO_INCREMENT,
  `codigo` varchar(90) NOT NULL DEFAULT '',
  `nombre` varchar(150) NOT NULL DEFAULT '',
  `descripcion` varchar(150) NOT NULL DEFAULT '',
  `aforo` int(11) DEFAULT '10',
  `tiempopermanencia` int(11) DEFAULT '10',
  `calle` varchar(90) NOT NULL DEFAULT '',
  `numero` varchar(10) NOT NULL DEFAULT '',
  `colonia` varchar(90) NOT NULL DEFAULT '',
  `cp` varchar(10) NOT NULL DEFAULT '',
  `latitud` varchar(20) NOT NULL DEFAULT '',
  `longitud` varchar(20) NOT NULL DEFAULT '',
  `fechacreacion` timestamp NOT NULL DEFAULT CURRENT_TIMESTAMP,
  `idmunicipio` int(11) DEFAULT '0',
  `idrubro` int(11) NOT NULL,
  `idusers` int(11) NOT NULL,
  `email` varchar(100) DEFAULT NULL,
  PRIMARY KEY (`idnegocio`) USING BTREE,
  UNIQUE KEY `idnegocio` (`idnegocio`) USING BTREE,
  UNIQUE KEY `codigo` (`codigo`) USING BTREE,
  KEY `FK_negocio_rubro` (`idrubro`),
  KEY `FK_negocio_users` (`idusers`),
  KEY `FK_negocio_municipio` (`idmunicipio`),
  CONSTRAINT `FK_negocio_rubro` FOREIGN KEY (`idrubro`) REFERENCES `rubro` (`idrubro`),
  CONSTRAINT `FK_negocio_users` FOREIGN KEY (`idusers`) REFERENCES `propietario` (`id`)
) ENGINE=InnoDB AUTO_INCREMENT=253 DEFAULT CHARSET=utf8;
/*!40101 SET character_set_client = @saved_cs_client */;

--
-- Dumping data for table `negocio`
--

LOCK TABLES `negocio` WRITE;
/*!40000 ALTER TABLE `negocio` DISABLE KEYS */;
INSERT INTO `negocio` VALUES (1,'$2y$13$ckOx4ZtG5Z6Li/EKSKCxN.Xz/5EA.5BCiFWiScCk2jcUNbx2imiE6','Cremeria la lupita','Cremeria la lupita',15,10,'Orfeon','1603','Guadalajara Oriente','44700','','','0000-00-00 00:00:00',944,1,6,'abelnevar@hotmail.com'),(2,'$2y$13$Pje5/VEPotgz1tkxFvHYsecahbAIvAwUVWRr7IF6qI8uzjHZJA6/O','Abarrotes Mary','Abarrotes Mary',50,15,'Hacienda la Calera','2700','Oblatos','44700','','','2020-11-07 18:24:01',944,1,2,'abelnevar@gmail.com'),(7,'$2y$13$KHMuFVXRUZva/BsEnStaA.1L4oEcRO.Mf3gczSERA4CXbGBMRDu6K','El toro quintaco','El toro quintaco',10,5,'Simon Moncayo','7106','Herores de la Revolucion','32696','','','2020-11-07 18:34:39',1096,3,2,'abel.garcia@cinvestav.mx'),(21,'0205','updated','Packing of Right Upper Extremity using Packing Material',11,20,'Leroy','4','Kovernino','606570','111.7859','4.18837','2020-07-17 09:36:16',23,13,25,'hlammiman2@purevolume.com'),(22,'7728','updated','Dilation of Left Common Iliac Artery with Two Drug-eluting Intraluminal Devices, Percutaneous Approach',19,20,'Rusk','9','Doroslovo','','145.40193','-105.29286','2020-06-22 10:32:33',42,13,25,'dsteeden3@uol.com.br'),(23,'1639','Williamson-Gulgowski','Revision of Neurostimulator Lead in Left Innominate Vein, Open Approach',12,20,'Arapahoe','43','Pandakan','7402','91.31779','-34.02228','2020-08-13 04:55:31',75,18,25,'dmartill4@blogs.com'),(24,'5143','Morar and Sons','Division of Left Abdomen Muscle, Open Approach',31,20,'Hintze','865','Tumbi','','144.10272','91.41055','2020-10-29 15:48:17',54,16,25,'hdamsell5@deviantart.com'),(25,'436','Schinner, Stroman and Lueilwitz','Supplement of Abdomen Subcutaneous Tissue and Fascia with Nonautologous Tissue Substitute, Percutaneous Approach',36,20,'Carioca','97796','Sofiyivka','','14.93416','142.63203','2019-12-13 00:24:59',61,18,25,'mnorvel6@europa.eu'),(26,'8896','Shanahan, Kerluke and Lehner','Dilation of Transverse Colon, Percutaneous Endoscopic Approach',17,20,'Eagan','50','Ghazni','','34.87573','-56.38954','2020-08-14 04:43:05',52,19,25,'hmalpass7@discuz.net'),(27,'1911','Collier and Sons','Supplement Bilateral Spermatic Cords with Nonautologous Tissue Substitute, Open Approach',63,20,'Texas','185','D Qalah','','3.32621','-88.81737','2020-06-11 20:46:16',17,17,25,'mcoleman8@businessweek.com'),(28,'1251','Reichel LLC','Dilation of Mitral Valve with Intraluminal Device, Percutaneous Approach',15,20,'Armistice','06111','Strezhevoy','636785','90.03833','90.89907','2020-09-08 23:01:11',85,16,25,'ngilligan9@blog.com'),(37,'5640','Russel, Schmitt and Bradtke','Removal of Synthetic Substitute from Right Fibula, Percutaneous Endoscopic Approach',56,20,'Stuart','7731','Doba','26241','-115.63935','43.15588','2020-06-20 13:38:38',47,17,25,'bniese8@list-manage.com'),(38,'3864','Wisoky LLC','Restriction of Innominate Artery with Extraluminal Device, Open Approach',49,20,'Mesta','167','Jiantianjie','','-112.03882','-36.59374','2019-12-07 11:53:03',38,14,25,'bberardt9@odnoklassniki.ru'),(42,'9094','Morissette, Hessel and Bergnaum (UPDATED)','Magnetic Resonance Imaging (MRI) of Intracranial Arteries using Other Contrast',51,20,'Hoepker','992','Sharkawshchyna','','24.34412','-109.40018','2020-12-01 23:14:12',82,12,25,'srenault3@hibu.com'),(43,'3144','Mills-Heaney (UPDATED)','Occlusion of Left Internal Iliac Artery with Intraluminal Device, Open Approach',43,20,'Pankratz','3832','Gayamsari','','-80.69903','-18.13843','2020-03-22 19:55:21',3,15,25,'abelnevar@hotmail.com'),(46,'2630','Reichert-Moore','Reposition Left Metacarpocarpal Joint with External Fixation Device, Percutaneous Endoscopic Approach',52,20,'Del Sol','36821','Shangyang','','128.87728','86.87855','2020-06-04 00:15:07',74,16,25,'ibenez7@vinaora.com'),(47,'8966','Denesik Group','Range of Motion and Joint Mobility Treatment of Neurological System - Head and Neck using Orthosis',40,20,'Mcbride','2936','Jiehu','','-68.81888','56.0186','2020-02-10 09:35:06',84,11,25,'cdries8@sakura.ne.jp'),(48,'6018','Kemmer, Murray and Gleason','Introduction of Oxazolidinones into Cranial Cavity and Brain, Percutaneous Approach',33,20,'4th','816','Newark','07112','-115.10631','-70.58987','2020-08-26 22:18:24',44,16,25,'gsutworth9@xinhuanet.com'),(50,'9459','Becker, Raynor and Yundt','Dilation of Coronary Artery, Three Arteries, Bifurcation, with Four or More Intraluminal Devices, Open Approach',33,20,'Longview','1','Muyuzi','','13.21235','-65.74096','2020-04-24 09:15:53',36,19,25,'ppocklingtonb@odnoklassniki.ru'),(52,'0652','Zieme, Stokes and Ziemann','Supplement of Perineum Subcutaneous Tissue and Fascia with Autologous Tissue Substitute, Percutaneous Approach',99,20,'Tony','04','Khvastovichi','249360','61.97949','27.51565','2019-12-24 07:28:53',70,16,25,'ndillandd@amazon.co.jp'),(53,'100','Bogan, Stracke and Block (UPDATED)','Release Left Metacarpal, Percutaneous Endoscopic Approach',12,20,'Loomis','70037','Daveluyville','R3P','-15.7238','42.98323','2020-01-04 17:47:35',51,18,25,'vfetterse@sohu.com'),(54,'9601','Oberbrunner LLC','Resection of Tonsils, Open Approach',42,20,'Holmberg','66326','Chencun','','149.02042','19.94976','2020-07-31 16:42:23',77,20,25,'mmcenteef@acquirethisname.com'),(55,'3594','Treutel-Parker (UPDATED)','Reposition Upper Tooth, Single, with External Fixation Device, External Approach',6,20,'Utah','61466','Gijon','33204','22.88573','21.20202','2020-10-30 16:03:31',84,20,25,'idubbleg@google.cn'),(57,'9703','Gislason-Gerlach','Low Dose Rate (LDR) Brachytherapy of Urethra using Iridium 192 (Ir-192)',17,20,'Thackeray','30767','Sabnova','368670','-65.14848','68.31021','2020-08-06 01:42:10',85,16,25,'mfeari@netlog.com'),(58,'1369','Rippin-Goldner','Nuclear Medicine, Central Nervous System, Positron Emission Tomographic (PET) Imaging',81,20,'Amoth','261','Akureyri','603','-60.31945','15.72239','2020-08-04 17:54:52',73,20,25,'fmelbertj@printfriendly.com'),(59,'8004','Bode-Kertzmann','Inspection of Right Carpal Joint, External Approach',91,20,'Portage','46594','Castanheira do Campo','3025-511','123.11064','12.80202','2020-08-17 22:44:02',88,16,25,'cskaek@loc.gov'),(60,'4531','Steuber, Schmidt and Reynolds','Removal of Radioactive Element from Male Perineum, External Approach',81,20,'Bobwhite','121','Chicago','60630','139.18538','64.09153','2020-03-07 03:34:25',3,14,25,'rjoyl@dedecms.com'),(61,'6761','Heller-Shanahan','Destruction of Right Upper Leg Skin, Multiple, External Approach',46,20,'Aberg','94813','Baykit','648360','126.03115','79.1373','2020-07-10 04:20:44',21,15,25,'rweatherhoggm@slashdot.org'),(62,'3787','Beahan-Hayes','Computerized Tomography (CT Scan) of Chest, Abdomen and Pelvis using High Osmolar Contrast',4,20,'Utah','7','Fuwah','','52.78289','-38.06176','2020-05-10 11:31:02',43,17,25,'nfitzmauricen@yandex.ru'),(63,'7706','DuBuque, Hoppe and Gleason','Revision of Infusion Device in Genitourinary Tract, Open Approach',92,20,'Barnett','09','Brunssum','6444','-0.03872','59.58206','2020-02-16 13:36:26',52,15,25,'bolivero@netvibes.com'),(64,'3420','Haley, Stamm and Balistreri (UPDATED)','Insertion of Other Device into Female Perineum, Percutaneous Approach',33,20,'Harbort','87','Trs Coroas','95660-000','65.17846','-97.72932','2020-10-01 12:18:26',44,13,25,'kbrazenerp@cam.ac.uk'),(65,'1665','Stiedemann, Carter and Mann','Drainage of Fetal Blood from Products of Conception, Via Natural or Artificial Opening Endoscopic',19,20,'Bonner','183','Th Trn Cao Phong','','90.07987','117.26246','2020-02-19 16:46:33',3,15,25,'olinskeyq@disqus.com'),(66,'604','Mosciski Inc (UPDATED)','Dilation of Right Colic Artery, Bifurcation, with Two Drug-eluting Intraluminal Devices, Percutaneous Endoscopic Approach',8,20,'Lukken','39','San Agustn','418077','-2.26481','-86.16438','2020-06-20 03:26:04',56,12,25,'ldykinsr@nydailynews.com'),(67,'9645','Vandervort Group','Reattachment of Right Abdomen Tendon, Percutaneous Endoscopic Approach',3,20,'Independence','85376','Jma','','15.71351','118.58638','2020-08-31 15:30:08',61,11,25,'gcurnoks@tumblr.com'),(68,'9913','Heathcote and Sons','Monitoring of Arterial Pressure, Pulmonary, Open Approach',60,20,'Scott','520','San Ramon','1658','41.21022','-41.36951','2020-03-22 10:33:05',52,20,25,'cgrinint@youtu.be'),(69,'1244','Hilll Group','Excision of Prepuce, Percutaneous Endoscopic Approach',34,20,'Thackeray','1','Karangcombong','','140.12901','-56.22602','2020-03-23 21:13:54',93,11,25,'jungereru@rakuten.co.jp'),(70,'1162','Feil, Moore and Okuneva','Supplement Anal Sphincter with Synthetic Substitute, Open Approach',52,20,'Rusk','73','Shanghu','','-24.02017','-9.6845','2020-06-14 04:17:08',24,20,25,'cbromeheadv@buzzfeed.com'),(71,'6581','Keeling, Orn and Friesen','Supplement Vagina with Synthetic Substitute, Via Natural or Artificial Opening',55,20,'Towne','1399','Bafoussam','','-67.59474','20.79823','2020-09-11 17:28:37',21,17,25,'jbashfordw@liveinternet.ru'),(72,'5473','Marquardt-Jast','Extirpation of Matter from Left Ulna, Percutaneous Approach',22,20,'Schmedeman','407','Ares Tengah','','-79.91781','-15.72621','2020-06-28 15:35:42',43,10,25,'smorrisonx@multiply.com'),(73,'8255','Mraz Group','Lower Arteries, Extirpation',58,20,'Prairieview','91','Houxiang','','19.67108','142.93207','2020-10-09 13:28:04',9,13,25,'yzanettiniy@shareasale.com'),(75,'5029','Russel-Hilpert','Bypass Right Common Iliac Artery to Abdominal Aorta with Autologous Venous Tissue, Percutaneous Endoscopic Approach',66,20,'Sunnyside','75393','La Guata','','32.72936','0.03974','2020-10-02 21:53:44',75,14,25,'fokroy10@shutterfly.com'),(76,'0811','Fahey-Smitham (UPDATED)','Bypass Left Kidney Pelvis to Ileocutaneous with Autologous Tissue Substitute, Open Approach',47,20,'Springview','23','Daan','','76.81048','-88.79225','2020-05-29 12:28:35',19,16,25,'treveland11@cdbaby.com'),(77,'9822','Kuhlman, Harber and Kuvalis (UPDATED)','Removal of Drainage Device from Brain, Open Approach',81,20,'Kingsford','1','Odawara','259-0157','110.00218','93.07325','2020-11-26 23:44:41',9,13,25,'lmartina12@cbslocal.com'),(78,'4054','Jakubowski and Sons (UPDATED)','Destruction of Lung Lingula, Via Natural or Artificial Opening',1,20,'Oriole','47','Sumber','','-57.16076','-118.82285','2020-09-28 20:22:41',65,19,25,'rcuffley13@freewebs.com'),(79,'3869','Turcotte, Hackett and Swaniawski','Revision of Spacer in Left Metacarpophalangeal Joint, Open Approach',8,20,'Oakridge','9','Gira de Melena','','117.42784','-59.41227','2020-05-10 09:28:16',30,12,25,'bcollinge14@nymag.com'),(80,'7022','Beier-Stark (UPDATED)','Occlusion of Stomach with Extraluminal Device, Percutaneous Approach',94,20,'Westridge','16','Nadezhda','658160','-77.74764','129.19782','2020-06-28 16:49:55',13,18,25,'cmewes15@answers.com'),(81,'3925','Fahey, MacGyver and Yundt','Reposition Right Sphenoid Bone, Percutaneous Approach',5,20,'Lotheville','9','Strasbourg','67080 CEDE','59.85784','-88.3419','2020-07-27 18:40:54',5,18,25,'vhutable16@mediafire.com'),(82,'7671','Kuphal Inc (UPDATED)','Removal of Drainage Device from Right Metacarpophalangeal Joint, Percutaneous Approach',86,20,'Jenna','6806','Bonanza','','102.50339','50.5909','2020-07-16 10:30:38',36,19,25,'kdaber17@dailymail.co.uk'),(83,'0765','Stiedemann-Schroeder','Fluoroscopy of Abdomen and Pelvis using Low Osmolar Contrast',72,20,'Golf Course','8020','Nov Maln','788 03','-72.11661','77.75106','2020-09-20 11:46:19',83,17,25,'gmckenney18@fc2.com'),(84,'3473','Lind, Goldner and Effertz','Removal of Stimulator Lead from Stomach, Percutaneous Endoscopic Approach',65,20,'Valley Edge','945','Bantilan','','-101.76683','112.99477','2020-02-10 17:27:22',72,18,25,'ntallach19@merriam-webster.com'),(85,'5219','Bernier and Sons (UPDATED)','Bypass Middle Esophagus to Duodenum with Synthetic Substitute, Open Approach',55,20,'Lake View','437','Lyubech','','-102.03314','0.47601','2020-02-16 13:48:41',73,11,25,'cwalework1a@360.cn'),(86,'9219','Weimann, Goodwin and Towne (UPDATED)','Bypass Left Hepatic Duct to Common Bile Duct, Percutaneous Endoscopic Approach',8,20,'Harper','382','Senglea','ZTN','37.79673','-61.63794','2020-10-31 15:49:46',73,15,25,'kbradley1b@aboutads.info'),(87,'8910','Strosin-Cruickshank','Revision of Infusion Device in Cervicothoracic Vertebral Joint, External Approach',87,20,'Bunting','9','Novi Sad','','-3.08086','-77.40861','2020-08-30 06:57:10',22,16,25,'cworstall1c@foxnews.com'),(88,'8342','Grant, Bins and Smith','Introduction of Nonautologous Pancreatic Islet Cells into Biliary and Pancreatic Tract, Via Natural or Artificial Opening',2,20,'Sherman','53867','Holon','','-59.26224','-18.18359','2020-10-11 23:45:14',58,17,25,'ncammoile1d@ycombinator.com'),(89,'8361','Padberg-Weimann','Insertion of Infusion Device into Right Upper Arm, Open Approach',60,20,'Park Meadow','44458','Ban Na Muang','71150','-115.58942','10.59125','2020-01-28 19:49:49',51,17,25,'cizsak1e@nydailynews.com'),(90,'0029','Beatty-Huel','Excision of Left External Auditory Canal, Percutaneous Approach, Diagnostic',1,20,'Del Mar','42','Oslo','0102','106.17254','-7.85166','2020-07-20 20:29:05',71,17,25,'ewilkenson1f@wikia.com'),(91,'7869','Cruickshank LLC','Excision of Sacral Plexus, Percutaneous Approach, Diagnostic',97,20,'Forest Dale','0556','Manzanares','173028','30.3004','40.89972','2020-02-22 12:43:29',92,18,25,'kreason1g@who.int'),(92,'7666','Conroy-Sanford','Dilation of Left Anterior Tibial Artery with Four or More Intraluminal Devices, Percutaneous Approach',21,20,'Pond','3107','Santa Catalina - Dique Lujan','1623','98.56633','-115.71103','2020-06-27 01:41:57',26,20,25,'okeld1h@tinyurl.com'),(93,'9011','Weber Inc','Repair Median Nerve, Percutaneous Approach',45,20,'Sunfield','591','Surkhet','','22.86786','-108.81439','2020-10-01 00:03:07',60,17,25,'criche1i@sakura.ne.jp'),(94,'8302','Hermann, Gottlieb and Weissnat','Repair Hyoid Bone, Percutaneous Endoscopic Approach',72,20,'Carey','0479','Uva','427265','22.69807','52.61811','2019-12-20 10:04:23',61,10,25,'sbirden1j@bloglines.com'),(95,'7391','Champlin-Braun','Monitoring of Venous Flow, Pulmonary, Percutaneous Approach',98,20,'Vera','16','Al Qanir al Khayryah','','34.81406','-75.64549','2020-08-19 21:44:32',82,12,25,'njaquiss1k@globo.com'),(96,'2262','Effertz Group','Insertion of Infusion Device into Right Upper Leg, Open Approach',99,20,'Hoard','2','Carromeu','3070-024','128.10304','-81.40141','2020-06-25 23:01:02',65,19,25,'jpittoli1l@fastcompany.com'),(97,'8221','Kris, Emard and Legros','Repair Left Ankle Bursa and Ligament, Percutaneous Endoscopic Approach',85,20,'Trailsway','7','Preserje pri Radomljah','1241','113.86638','-91.14702','2020-06-09 17:40:36',92,10,25,'mtuxill1m@delicious.com'),(98,'9338','Yost Group','Insertion of Internal Fixation Device into Left Carpal Joint, Open Approach',83,20,'Fisk','52','Santa Cruz','92733','-93.19058','-109.77612','2020-07-31 23:23:20',100,14,25,'clistone1n@senate.gov'),(99,'594','Smith-Kuvalis','Insertion of Infusion Device into Vas Deferens, Percutaneous Endoscopic Approach',3,20,'Swallow','39','Lopandino','243365','119.74155','-34.81411','2020-05-07 00:38:15',70,19,25,'alodford1o@comsenz.com'),(100,'2101','Frami-Goyette','Removal of Synthetic Substitute from Left Shoulder Joint, Open Approach',25,20,'Huxley','34','San Mateo','3318','-24.92255','-10.7693','2020-03-27 13:43:10',86,19,25,'vrolf1p@addtoany.com'),(101,'7770','Beier Inc','Removal of External Fixation Device from Left Hip Joint, External Approach',72,20,'Marquette','556','Petropavlovsk','','-24.89273','-4.2107','2020-03-14 22:36:04',2,16,25,'jbloggett1q@fema.gov'),(102,'6495','Abbott Group','Insertion of Tissue Expander into Right Breast, Percutaneous Approach',7,20,'Melody','45389','Khrebtovaya','665683','147.34507','-95.53994','2019-12-18 11:12:00',40,11,25,'cmcdougal1r@yale.edu'),(103,'3804','Howell and Sons','Insertion of Pedicle-Based Spinal Stabilization Device into Cervical Vertebral Joint, Percutaneous Approach',14,20,'Drewry','5','Tn Chu','','-73.66063','-8.67839','2020-06-03 11:47:11',74,12,25,'wcattlemull1s@webmd.com'),(104,'8121','Friesen, Jenkins and Ruecker','Replacement of Right Hand Tendon with Autologous Tissue Substitute, Percutaneous Endoscopic Approach',84,20,'Veith','15','Merefa','','69.00633','4.32888','2020-09-04 09:33:26',74,10,25,'ureggiani1t@buzzfeed.com'),(105,'4533','Rippin Inc','Drainage of Left External Ear, Percutaneous Endoscopic Approach, Diagnostic',14,20,'Dryden','7','Kutasari','','-118.30352','-114.14692','2020-08-20 01:08:20',93,11,25,'yleborgne1u@newsvine.com'),(106,'8252','Maggio-Fisher','Dilation of Right Ulnar Artery, Bifurcation, with Three Drug-eluting Intraluminal Devices, Percutaneous Approach',95,20,'Hayes','163','opuszno','26-070','-9.12772','-58.63197','2020-09-27 18:14:46',45,15,25,'smckomb1v@spiegel.de'),(107,'0441','Stracke-Pouros','Supplement Thoracic Aorta, Ascending/Arch with Synthetic Substitute, Percutaneous Endoscopic Approach',84,20,'American Ash','930','Ban Talat Bueng','20170','-40.61644','33.33709','2020-02-01 21:09:08',3,20,25,'rchaytor1w@jugem.jp'),(108,'8844','Douglas-Beer (UPDATED)','Excision of Cystic Duct, Percutaneous Endoscopic Approach, Diagnostic',49,20,'Forest','3433','Tyres','135 50','-1.60673','-36.5966','2020-04-17 17:22:19',53,20,25,'astaning1x@usa.gov'),(109,'3762','Conroy and Sons','Removal of Autologous Tissue Substitute from Right Metacarpocarpal Joint, Percutaneous Endoscopic Approach',55,20,'Harper','63161','vry','91044 CEDE','42.78398','-14.22205','2020-03-28 01:11:31',76,14,25,'hhiers1y@goo.ne.jp'),(110,'0885','Ernser LLC','Bypass Esophagus to Cutaneous with Autologous Tissue Substitute, Percutaneous Endoscopic Approach',22,20,'Hudson','13778','Birtnagar','','87.31083','88.78079','2020-03-23 19:56:33',56,17,25,'tpally1z@eepurl.com'),(111,'2099','Kulas LLC','Supplement Left Internal Iliac Artery with Autologous Tissue Substitute, Open Approach',26,20,'Kedzie','7278','Besah','','59.4218','68.29543','2020-01-11 08:58:20',33,16,25,'esink21@tiny.cc'),(112,'4944','Satterfield Group','Inspection of Right Finger Phalangeal Joint, External Approach',63,20,'Pawling','006','Baisha','','31.24178','-103.82252','2020-10-27 19:16:59',42,20,25,'dreadie22@utexas.edu'),(113,'0745','Rice, Stanton and Yundt','Excision of Colic Vein, Percutaneous Endoscopic Approach, Diagnostic',97,20,'Memorial','39','Xihe','','107.92449','76.16721','2019-12-14 03:32:38',23,18,25,'meckersall23@washingtonpost.com'),(114,'3169','Moen-Collins','Insertion of Monoplanar External Fixation Device into Right Tibia, Percutaneous Approach',6,20,'Bunker Hill','3','Caxambu','37440-000','5.10118','75.5097','2020-11-11 18:14:13',36,14,25,'pbirkenshaw24@springer.com'),(115,'8596','Stehr Group','Introduction of Other Therapeutic Substance into Eye, Percutaneous Approach',62,20,'Eastwood','0','Frei Paulo','49514-000','-71.68848','-20.55502','2020-04-11 02:48:12',64,10,25,'ncorteney25@tmall.com'),(116,'586','Kshlerin and Sons','Drainage of Portal Vein, Percutaneous Approach, Diagnostic',17,20,'Dixon','94','Lijia','','-27.6629','43.35266','2020-07-06 19:06:38',2,14,25,'colivas26@geocities.jp'),(117,'7733','Champlin, Quigley and Hand (UPDATED)','Restriction of Sigmoid Colon, Open Approach',95,20,'Carey','3','Novaya Tavolzhanka','309255','107.88505','27.74912','2020-07-08 02:37:43',17,15,25,'skumar27@state.tx.us'),(118,'5298','Blick, Blanda and Dare','Revision of Extraluminal Device in Stomach, Via Natural or Artificial Opening',43,20,'Jay','1159','Lmerd','','-55.85468','140.89664','2020-04-16 11:30:12',80,14,25,'sfarrow28@twitter.com'),(119,'8081','Orn-Koepp','Drainage of Right Ureter, Via Natural or Artificial Opening Endoscopic, Diagnostic',7,20,'Linden','8087','Yalkhoy-Mokhk','366913','-29.22148','134.22998','2019-12-09 14:52:26',3,15,25,'ymartinetto29@yellowpages.com'),(120,'9451','Hilpert-Greenholt','Insertion of Intraluminal Device into Right External Iliac Vein, Percutaneous Approach',60,20,'Oxford','8728','Vranje','','60.39236','-78.60447','2020-08-22 12:50:39',92,19,25,'mmountlow2a@bing.com'),(121,'8866','O\'Connell and Sons','Repair Right Lower Leg Muscle, Open Approach',57,20,'Shopko','36313','Vstra Frlunda','421 10','-68.65459','30.24225','2020-12-03 06:52:26',56,16,25,'bskittreal2b@rakuten.co.jp'),(122,'7966','Pfeffer, Larkin and Lindgren','Bypass Thoracic Aorta, Ascending/Arch to Carotid with Synthetic Substitute, Open Approach',65,20,'Kenwood','35','Jovellanos','','32.89401','-17.59028','2020-10-30 19:08:30',44,15,25,'adennis2c@gmpg.org'),(123,'4831','Murphy, Jacobs and Daugherty','Dilation of Lower Artery with Intraluminal Device, Percutaneous Endoscopic Approach',5,20,'Sachtjen','887','Luodian','','93.10563','15.84518','2020-04-21 11:03:16',25,19,25,'aschleicher2d@livejournal.com'),(124,'4233','Kassulke-Olson','Supplement Right Common Iliac Vein with Autologous Tissue Substitute, Open Approach',72,20,'Hanover','28132','Douma','','65.11011','-2.37906','2020-12-04 03:46:44',67,13,25,'nquick2e@topsy.com'),(125,'8622','Bruen Inc','Occlusion of Cecum with Intraluminal Device, Percutaneous Approach',32,20,'Mockingbird','85','Shixiang','','88.59701','30.17366','2019-12-19 04:34:27',89,11,25,'chelis2f@senate.gov'),(126,'6554','Lindgren and Sons','Reposition Left Radius with External Fixation Device, Percutaneous Approach',62,20,'Green','325','Baiyun','','-97.28083','26.4399','2020-01-30 22:07:06',50,19,25,'hpealing2g@shinystat.com'),(127,'7171','Orn-Kihn','Supplement Right Tarsal Joint with Autologous Tissue Substitute, Percutaneous Approach',24,20,'Hanover','740','Guantian','','-106.58867','-19.59924','2020-01-24 04:40:51',69,15,25,'ipimblotte2h@yahoo.com'),(128,'3526','Adams LLC','Female Reproductive System, Release',6,20,'Debs','2','Fuhai','','-104.3351','-25.12823','2020-02-17 09:00:56',87,20,25,'lboulton2i@nytimes.com'),(129,'4469','Lakin-Predovic (UPDATED)','Revision of Synthetic Substitute in Right Elbow Joint, Open Approach',99,20,'Roxbury','1574','Pojok','','-93.57591','14.02669','2020-05-01 15:01:54',98,11,25,'pdevon2k@ifeng.com'),(131,'7829','Ankunding LLC','Bypass Cerebral Ventricle to Intestine with Nonautologous Tissue Substitute, Percutaneous Approach',84,20,'Oneill','855','Lopar','51281','76.35529','-27.51281','2020-07-09 11:51:25',63,18,25,'mkells2m@nhs.uk'),(132,'3989','Kozey-Christiansen','Fusion of Right Knee Joint with External Fixation Device, Percutaneous Approach',27,20,'Elmside','19','Jiangkou','','-114.23946','32.17205','2020-11-16 15:40:34',69,19,25,'cceaplen2n@prnewswire.com'),(133,'0096','Greenholt-Funk','Inspection of Vas Deferens, Percutaneous Approach',78,20,'Victoria','4','Balingoan','6534','101.63071','60.56178','2020-03-09 11:57:46',19,19,25,'ygonsalvo2o@wikia.com'),(134,'1483','Buckridge-Bogisich','Dilation of Left Temporal Artery, Percutaneous Approach',25,20,'Petterle','3521','Nicolas Bravo','40030','50.92235','143.17447','2020-07-30 16:48:46',100,18,25,'bgault2p@merriam-webster.com'),(135,'8707','Eichmann-Howell','Division of Left Humeral Head, Open Approach',30,20,'Eastlawn','53','Hedian','','93.53974','-38.82271','2020-10-05 15:25:34',65,19,25,'swaggitt2q@wired.com'),(136,'0159','Kuhic, Fay and Mann (UPDATED)','Supplement Left Temporal Artery with Nonautologous Tissue Substitute, Percutaneous Endoscopic Approach',45,20,'Esker','80976','Severnyy','309060','94.66195','87.83126','2020-02-06 19:39:59',79,16,25,'gdegrey2r@omniture.com'),(137,'9604','Auer, Stark and Collier','Removal of Nonautologous Tissue Substitute from Abdominal Wall, Open Approach',23,20,'Toban','795','Anhai','','103.31953','118.34015','2020-01-09 15:40:27',54,19,25,'cqusklay0@google.ca'),(138,'9342','Haley-Grimes','Insertion of Internal Fixation Device into Right Metatarsal-Tarsal Joint, Percutaneous Endoscopic Approach',2,20,'Lawn','67','Frederico Westphalen','98400-000','-77.167','69.29247','2020-01-23 09:46:53',47,19,25,'ahoyles1@uiuc.edu'),(139,'9504','McDermott Inc','Replacement of Right Internal Mammary Artery with Autologous Tissue Substitute, Open Approach',66,20,'East','0023','Zayt','','-46.88081','86.57883','2020-06-09 22:47:22',93,17,25,'kchittim2@mapquest.com'),(140,'9627','Howell, Rice and Ratke','Replacement of Right Tarsal Joint with Synthetic Substitute, Open Approach',36,20,'Donald','91','Cunha','12530-000','125.96976','85.78154','2020-11-22 12:41:44',42,11,25,'kmyrie3@fc2.com'),(141,'4662','Farrell Inc (UPDATED)','Supplement Intracranial Artery with Autologous Tissue Substitute, Percutaneous Endoscopic Approach',26,20,'David','8153','Phuthaditjhaba','9869','-26.08384','-96.66623','2020-11-29 07:09:35',89,17,25,'tbeefon4@addtoany.com'),(142,'3329','Connelly, Fritsch and Hahn','Fragmentation in Uterus, Via Natural or Artificial Opening Endoscopic',26,20,'Stone Corner','675','Zhangjiaji','','101.65597','90.55583','2020-07-26 15:33:23',59,18,25,'mblare5@nyu.edu'),(143,'670','Blanda and Sons','Drainage of Lower Vein, Percutaneous Endoscopic Approach',52,20,'Pearson','782','Geldrop','5664','-109.64232','86.20005','2020-03-22 18:30:36',19,12,25,'aness6@seesaa.net'),(144,'110','Hessel Inc (UPDATED)','Fusion of 8 or more Thoracic Vertebral Joints with Nonautologous Tissue Substitute, Posterior Approach, Posterior Column, Percutaneous Endoscopic Appr',54,20,'Prairieview','886','Xiamazhuang','','-74.13626','-110.3378','2020-08-19 04:26:15',80,10,25,'dlongina7@adobe.com'),(145,'8463','Mann and Sons (UPDATED)','Replacement of Left Thyroid Artery with Nonautologous Tissue Substitute, Open Approach',14,20,'Nancy','9','Sokolovyy','410501','-117.6686','47.33944','2020-06-01 16:05:15',33,19,25,'pettritch8@issuu.com'),(146,'8003','Baumbach, Emmerich and McClure','Removal of Infusion Pump from Trunk Subcutaneous Tissue and Fascia, Percutaneous Approach',62,20,'Sundown','43449','Kranuan','40170','-117.88232','149.2385','2019-12-09 02:24:15',32,11,25,'kposten9@about.me'),(147,'8429','Mueller-Barrows','Supplement Right Hand Tendon with Synthetic Substitute, Open Approach',27,20,'Thierer','30387','Lang Suan','86110','-66.62377','-32.49334','2020-02-13 02:18:14',45,11,25,'rdecarolisa@nsw.gov.au'),(148,'1402','Marvin Inc','Insertion of Intraluminal Device into Left External Iliac Artery, Percutaneous Endoscopic Approach',2,20,'Buell','77634','Quc Oai','','-82.28263','39.49457','2020-10-01 01:27:47',65,13,25,'skenwayb@mayoclinic.com'),(149,'9004','Rau, Runolfsdottir and Rippin','Division of Basal Ganglia, Open Approach',15,20,'Mayfield','4293','Kariya','969-1619','-36.68721','47.91879','2020-06-03 21:50:32',69,12,25,'sastillc@wsj.com'),(150,'1756','Hauck LLC','Excision of Right Foot Artery, Open Approach, Diagnostic',23,20,'Pennsylvania','87831','Akordat','','98.32871','88.09786','2020-08-26 18:25:57',91,14,25,'ttinkerd@wufoo.com'),(151,'7789','Swaniawski, Prohaska and Stanton','Dilation of Left Ulnar Artery, Bifurcation, with Two Drug-eluting Intraluminal Devices, Percutaneous Approach',63,20,'Montana','6','Sunfang','','-53.95279','-47.16066','2020-01-31 05:18:11',30,13,25,'iweatherdone@boston.com'),(152,'8089','Strosin LLC (UPDATED)','Insertion of Hybrid External Fixation Device into Right Fibula, Open Approach',44,20,'Anhalt','544','Buliran','3100','121.08149','128.97028','2020-02-17 15:01:20',14,20,25,'gmorduef@sitemeter.com'),(153,'613','Corwin, Cummerata and Osinski','Revision of Synthetic Substitute in Right Knee Joint, Percutaneous Endoscopic Approach',3,20,'Gateway','405','Tsurusaki','870-0106','-75.23283','-104.73405','2020-06-24 12:59:05',1,13,25,'zobrogang@marketwatch.com'),(154,'8955','Armstrong, Terry and Carter','Removal of Drainage Device from Vagina and Cul-de-sac, Via Natural or Artificial Opening Endoscopic',69,20,'Banding','90','Gonayiv','','-18.02076','-28.83266','2020-07-17 21:55:28',21,18,25,'ocostelloh@slideshare.net'),(155,'8007','Cormier, Marquardt and Jacobson','Revision of Nonautologous Tissue Substitute in Lower Tendon, Open Approach',74,20,'Marquette','7','Puerto Colombia','941047','24.37532','47.7974','2020-06-03 00:20:40',8,13,25,'dziehmj@go.com'),(156,'7997','Wintheiser, Nikolaus and Oberbrunner (UPDATED)','Restriction of Right Main Bronchus with Intraluminal Device, Open Approach',95,20,'Oakridge','8','Whittier','90605','38.97181','128.16575','2020-08-19 07:07:21',41,14,25,'mfontanet0@homestead.com'),(157,'0321','Stokes-Homenick (UPDATED)','Repair Left Ulnar Artery, Open Approach',62,20,'Gerald','29219','Anchorage','99507','137.05454','-92.09528','2020-01-15 20:09:11',26,19,25,'dborel1@de.vu'),(158,'4462','Hamill Inc (UPDATED)','Revision of Internal Fixation Device in Left Toe Phalanx, Percutaneous Endoscopic Approach',31,20,'Comanche','34','Ramenki','141662','9.40092','101.02291','2020-01-03 04:40:52',61,14,25,'ebidewell2@columbia.edu'),(159,'2992','Koss, Flatley and Daniel','Bypass Ileum to Ileum with Autologous Tissue Substitute, Open Approach',48,20,'Loeprich','38900','Yunlong','','119.82035','5.80632','2020-04-23 00:08:40',18,20,25,'mpatriskson3@reddit.com'),(205,'8191','Lockman Group (UPDATED)','Bypass Abdominal Aorta to Bilateral Internal Iliac Arteries with Nonautologous Tissue Substitute, Open Approach',28,20,'Susan','386','Zhaogezhuang','','-54.37125','-93.37726','2020-12-03 17:02:06',25,14,25,'psamsin16@amazonaws.com'),(207,'9232','Christiansen Group (UPDATED)','Restriction of Sigmoid Colon, Percutaneous Approach',80,20,'Buhler','4','Shaft','','94.38905','-17.69147','2020-09-22 10:34:56',90,20,25,'hvicioso18@microsoft.com'),(212,'7911','Kozey-Bergstrom','Excision of Right Inferior Parathyroid Gland, Percutaneous Approach',38,20,'Delladonna','822','Shuimen','','63.24903','50.24203','2020-08-29 23:58:07',95,12,25,'kredish1d@addthis.com'),(233,'$2y$13$7xAXFxJk0XCFQPQSsjuWRuImZb0JGNKrKY0WOIXDJDpaCU8mLozL2','OXXO SUC 50H9D BOTURINI GDL','462112',20,10,'GUADALUPE','620','CHAPALITA','44500','20.6662984','-103.3984837','2020-12-12 19:05:23',944,28,2,'jbcamacho01@gmail.com'),(234,'$2y$13$CMWA.mwZhlrkiWI73UqFI./pUCSMXTPiSZqJr/W86SEgG7o0QZDkS','7 ELEVEN 489 CHAPALITA','462112',20,10,'GUADALUPE','360','CHAPALITA','44500','20.6665646','-103.3963748','2020-12-12 19:05:23',944,28,2,'jbcamacho01@gmail.com'),(246,'$2y$13$XKbjN7rG4jX.KX1GczAapOCqvS0pxtaR3Bm5r5/IjZGYs6yapk8rK','NIK MART CO DISTRIBUCION DE ALIMENTOS','431199',20,15,'INDUSTRIA NAVIERA','184','LA GLORIA DEL COLLI','45010','20.65614825','-103.4491796','2020-12-14 06:42:43',1808,14,100,'jbcamacho01@gmail.com'),(247,'$2y$13$OeZHs4IYXS3nh4aIyOGqA.xyuOVUPyuRhxsPAXxvnnyf4AvJ8ctUe','PRODUCTOS VERDE VALLE','431150',350,10,'VALLARTA EJE PONIENTE','5683','SANTA MARIA DEL PUEBLITO','44010','20.6822045','-103.4375853','2020-12-14 06:42:43',1808,10,100,'jbcamacho01@gmail.com'),(248,'$2y$13$TqDVxUFSmfcCJiSeKzDVE..InZOGbxb//5GiNL1HSEReIyPdmC.3W','COOPERATIVA COMERCIAL EN SERVICIOS Y BIENES NICTE','431150',20,20,'QUETZALCOATL','4368','JARDINES DEL SOL','45050','20.65043817','-103.4123399','2020-12-14 06:42:43',1808,10,100,'jbcamacho01@gmail.com'),(249,'$2y$13$RBmEBBEc0my/Rc5tvTEr3e4a0EE7iwEYjT8wgL7my2.Tz/usc2nTy','COMERCIALIZADORA DE FRUTOS DE OCCIDENTE','431211',110,10,'MANUEL J. CLOUTHIER','1060','JARDINES DEL SOL','45050','20.65082612','-103.4262861','2020-12-14 06:42:43',1808,15,100,'jbcamacho01@gmail.com'),(250,'$2y$13$hN5knoGHdlKc/bsc2lK4lu64qEQr4j6L6RPcTtBPjSeJc9OpTiiDq','LA PANERA','461190',10,10,'TCHAIKOVSKI','755','PLAZA GUADALUPE','45030','20.66326494','-103.4369812','2020-12-14 06:42:43',1808,24,100,'jbcamacho01@gmail.com');
/*!40000 ALTER TABLE `negocio` ENABLE KEYS */;
UNLOCK TABLES;

--
-- Table structure for table `negocioaux`
--

DROP TABLE IF EXISTS `negocioaux`;
/*!40101 SET @saved_cs_client     = @@character_set_client */;
/*!40101 SET character_set_client = utf8 */;
CREATE TABLE `negocioaux` (
  `idnegocioaux` int(11) NOT NULL AUTO_INCREMENT,
  `codigo` varchar(90) NOT NULL DEFAULT '',
  `nombre` varchar(150) NOT NULL DEFAULT '',
  `codigoactividad` varchar(150) NOT NULL DEFAULT '',
  `aforo` int(11) DEFAULT NULL,
  `tiempopermanencia` int(11) DEFAULT NULL,
  `calle` varchar(90) NOT NULL DEFAULT '',
  `numero` varchar(10) NOT NULL DEFAULT '',
  `colonia` varchar(90) NOT NULL DEFAULT '',
  `entidad` varchar(90) NOT NULL DEFAULT '',
  `municipio` varchar(90) NOT NULL DEFAULT '',
  `cp` varchar(10) NOT NULL DEFAULT '',
  `latitud` varchar(20) NOT NULL DEFAULT '',
  `longitud` varchar(20) NOT NULL DEFAULT '',
  `idmunicipio` int(11) DEFAULT '0',
  `idrubro` int(11) DEFAULT NULL,
  `idusers` int(11) DEFAULT NULL,
  `email` varchar(100) DEFAULT NULL,
  PRIMARY KEY (`idnegocioaux`) USING BTREE,
  UNIQUE KEY `idnegocioaux` (`idnegocioaux`) USING BTREE
) ENGINE=InnoDB AUTO_INCREMENT=35 DEFAULT CHARSET=utf8;
/*!40101 SET character_set_client = @saved_cs_client */;

--
-- Dumping data for table `negocioaux`
--

LOCK TABLES `negocioaux` WRITE;
/*!40000 ALTER TABLE `negocioaux` DISABLE KEYS */;
INSERT INTO `negocioaux` VALUES (13,'$2y$13$PY9Vn87omV1WKh/hBbkKe.aYXH3Hp2G8IlblHDDbqTx29ZO17rwSi','OXXO SUC 50H9D BOTURINI GDL','462112',20,10,'GUADALUPE','620','CHAPALITA','JALISCO','Guadalajara','44500','20.6662984','-103.3984837',944,28,97,'jbcamacho01@gmail.com'),(14,'$2y$13$kiaHPOHNNzYUQWnax30VV.5HhXAgjB2aRHw46l1lmx9Gz.tQMsNMu','7 ELEVEN 489 CHAPALITA','462112',20,10,'GUADALUPE','360','CHAPALITA','JALISCO','Guadalajara','44500','20.6665646','-103.3963748',944,28,97,'jbcamacho01@gmail.com'),(15,'$2y$13$J0cF0SblieXGMJL6uOrZQ.l7AOSInkXwr14a/wjNi7VGh2HLHJFDK','NIK MART CO DISTRIBUCION DE ALIMENTOS','431199',20,15,'INDUSTRIA NAVIERA','184','LA GLORIA DEL COLLI','JALISCO','Zapopan','45010','20.65614825','-103.4491796',1808,14,2,'jbcamacho01@gmail.com'),(16,'$2y$13$lOYawMxRKcCSRMNbMF192OS1KQaBA7Nru1rGGmtUfKI4t8O2uQCiS','PRODUCTOS VERDE VALLE','431150',350,10,'VALLARTA EJE PONIENTE','5683','SANTA MARIA DEL PUEBLITO','JALISCO','Zapopan','44010','20.6822045','-103.4375853',1808,10,2,'jbcamacho01@gmail.com'),(17,'$2y$13$6NHVquCExaKtacl1MQMeau1.5ZblvrKmqV7cjCzMV5/7QULwMPpxC','COOPERATIVA COMERCIAL EN SERVICIOS Y BIENES NICTE','431150',20,20,'QUETZALCOATL','4368','JARDINES DEL SOL','JALISCO','Zapopan','45050','20.65043817','-103.4123399',1808,10,2,'jbcamacho01@gmail.com'),(18,'$2y$13$t73xqe.yeZ3vSdLNdC05wO3iIzhRZJEGRqvlOOwUL9gIXyUrIIBsy','COMERCIALIZADORA DE FRUTOS DE OCCIDENTE','431211',110,10,'MANUEL J. CLOUTHIER','1060','JARDINES DEL SOL','JALISCO','Zapopan','45050','20.65082612','-103.4262861',1808,15,2,'jbcamacho01@gmail.com'),(19,'$2y$13$i0LM10VZmitLFengKF8d3ebFOJs0k6QtgbHZEJKSjN9akEaqNUUMC','LA PANERA','461190',10,10,'TCHAIKOVSKI','755','PLAZA GUADALUPE','JALISCO','Zapopan','45030','20.66326494','-103.4369812',1808,24,2,'jbcamacho01@gmail.com');
/*!40000 ALTER TABLE `negocioaux` ENABLE KEYS */;
UNLOCK TABLES;
/*!50003 SET @saved_cs_client      = @@character_set_client */ ;
/*!50003 SET @saved_cs_results     = @@character_set_results */ ;
/*!50003 SET @saved_col_connection = @@collation_connection */ ;
/*!50003 SET character_set_client  = utf8 */ ;
/*!50003 SET character_set_results = utf8 */ ;
/*!50003 SET collation_connection  = utf8_unicode_ci */ ;
/*!50003 SET @saved_sql_mode       = @@sql_mode */ ;
/*!50003 SET sql_mode              = '' */ ;
DELIMITER ;;
/*!50003 CREATE*/ /*DEFINER=`covid2020`@`localhost`*/ /*!50003 TRIGGER `negocio_aux_bi` BEFORE INSERT ON `negocioaux` FOR EACH ROW SET new.idmunicipio=(SELECT idmunicipio FROM municipio INNER JOIN estado
ON municipio.idestado=estado.idestado
WHERE UPPER(trim(municipio.nombre))=UPPER(TRIM(new.municipio))
AND UPPER(trim(estado.nombre))=UPPER(TRIM(new.entidad)) limit 1), new.idrubro=(SELECT idrubro from rubro where descripcion=new.codigoactividad) */;;
DELIMITER ;
/*!50003 SET sql_mode              = @saved_sql_mode */ ;
/*!50003 SET character_set_client  = @saved_cs_client */ ;
/*!50003 SET character_set_results = @saved_cs_results */ ;
/*!50003 SET collation_connection  = @saved_col_connection */ ;

--
-- Table structure for table `propietario`
--

DROP TABLE IF EXISTS `propietario`;
/*!40101 SET @saved_cs_client     = @@character_set_client */;
/*!40101 SET character_set_client = utf8 */;
CREATE TABLE `propietario` (
  `id` int(11) NOT NULL AUTO_INCREMENT,
  `username` varchar(50) NOT NULL,
  `email` varchar(80) DEFAULT NULL,
  `password` varchar(250) NOT NULL,
  `authKey` varchar(250) NOT NULL,
  `accessToken` varchar(250) NOT NULL,
  `activate` int(11) NOT NULL DEFAULT '0',
  `level` int(11) NOT NULL DEFAULT '0',
  `name` varchar(150) DEFAULT NULL,
  PRIMARY KEY (`id`),
  UNIQUE KEY `username` (`username`)
) ENGINE=InnoDB AUTO_INCREMENT=102 DEFAULT CHARSET=utf8mb4;
/*!40101 SET character_set_client = @saved_cs_client */;

--
-- Dumping data for table `propietario`
--

LOCK TABLES `propietario` WRITE;
/*!40000 ALTER TABLE `propietario` DISABLE KEYS */;
INSERT INTO `propietario` VALUES (1,'abelnevar','abelnevar@hotmail.com','fsbqobwqC.aMo','f4a490f8a3f7208abedb80d5f282448ef6f8ab1d4df3c05c3e45faeb9812d33905c98f22a6b31ef6c135f685726e4cce7c5f5bdff8daea4815a1817bf16bfd6f7aa97dfd67d29125afa92a7171df638ca739a8ca773a79b6e0facfb820590412e82d572d','99509722b26724e24335c5a2a4fd4867b232757c7f0f727cc5478635f2f428aca620162bc08d4372984da295d7a808ed4a8d3b84252a2e2d26ad3990c1e9ca13e579b89a47dcb52da879a5b6829f13451b8fcfbeab9bb62cd380c8e11ce9860328c5f557',1,1,NULL),(2,'abelnevar3','abelnevar@hotmail.com','fsc6x4nszMXog','fd2e80b56def9265db57ebccaccd6e2ad49ae64d817de86c47f13b28347b2b142599104624ee99a3ca096333b25b1f07e4c32c13ecd867e6c256bcab9a4e0333ecfe04b35a81876fbceb1969fc6a43e9d5901dc4dd58a83069a046b4cb573400f2f4f065','c9a8f66276a8f826f31464b48a856d5ebfbe795a03270fd70c17d94f5287dce2c4ec6e30cf0c5a7020d6327c695afeb532181f52ca6f5cb2c65ea48dfe288d514808f22481c0e9f459849bcac97d0f59a6677eba96905b12d7264cd2335b92378be680de',1,1,NULL),(3,'individuo','abelnevar@hotmail.com','fsi634JJf19us','f5d660975f4512ee0bb34c88f4f32b514e1c7b9e3f4f2fabc96b71c2bd2024eac7bf9bf261bd278206f10f775f24f8b94fcfc4f60f4784bca916cb17a03ea77bf8491405530ccba8f8e768ce6dbe18b0e135d89df7e892711c7b141e32b6977883c2edac','5935183401ca69606fdcf416f984d87bf37a8fc96c690b0f8f85b69736dac11121c4cedf2e92d6aa45cbc5d0fc4344caa3fa1041fa7078f25cb8e0014ed97865eb8dd4e12c066a39ca62b94cf4fcb38a9c70b4d55f99f1f1039544484e2728c01e5eff66',1,1,NULL),(4,'abelnevar4','abelnevar@g.com','fso2FfakiSB3.','2d1afa98c377505fb3b4cca6d1f4bd430b35b34dd1a876d80e2213f4a5eb895eafab94fcbfb8ce723faa9059bab997e9debc90fa6098561ec2fb8ab9ad99ad9d1a01151ec1d7d4b0c12a13916817b0a310b9c2df90cdae4d5cdc5c42bbfd207a78991df1','41556f811b4def501b3911ae0ae7d3f8ba37f1f72aa7f6d6876fe644682a2783811d86b16cfb9287f4c407fd58de5c733f72b9a8bfab888d3b8a8dd4b187361dbf6df7b0db2ba0f31d3017a3e81848c6e9936ba9c2ad8060307bd7425c10a3df2c8fd9f0',1,0,NULL),(5,'negocio','abel.garcia@cinvestav.mx','fsi634JJf19us','008c8eabd7d5397230e67e9edea72a6814bf9c1c947345becfa949e7ee56e156c7bb93e8db1763b99c83cc101cd649276485dd41eceb50a439e5c5c38003f80b3f7621e7338e99939dfb91587b1ca8e3eb06243cd20d20614b333e200a3087ac9191c33f','ca3410bb245c9d3fec5da6f9df0f8a5abf52573e1e012966c29cefc2537332447fc3c684beb4e811114566d2fbb94632c6be3a94fbe3a6b1d5d91126246c0042c676671b865826f51359ad52725e806bd47a1ebfa7e244ebd9aec66ae2ed9bec5ccc0e21',1,1,NULL),(6,'damr18','damr18@gmail.com','fsl6Xv1N5eRBY','7840ccc2396d4a7a5ed7237459fbe37b222445ce492eaff6433dc0780d95677fff9aace5c6accf8782ab97afa9a777ccdccde190d920e0dd9df8bfdbfe9ccbefe132829b122695a89f6a5acaebc1d06170a6897010d1bdfa3bbecde0e0817495b9199f01','53877e800942c890f78c28738f3749ff3ed02b68a01df034d27505eea7c472a06e6ff2e0953ebd9e56ac1f12d4dacd192de762e5d7aeb936649e916db9edd5c59135971c51161b3d52159e8bdcf071c6852829ae12a934ced49d87eca328b45a0d88d8d5',1,1,NULL),(7,'scae','scae@covidcinvestav.com','fsHk7vv6BHnMw','a43c78cb50180a79ae61f3219a064b855273095c0ca6d86dc242cd9cef89074cf1651177374660a8940c80ec5cbc96efdaa5273b5e7147042661cb48d5ad2f2503181aace8495a4e716a2086c994e205c743846d20de172eeee65d27c211b7dd47631269','99e0665bba76d0308b8a8bd38ac038f383a5056264faa909af990d2fe4573b1251dbca494a94a04a54ab720bdc97d0f883ab35ad5985f26bc6caf3c25c083571e72723bd299826953c586812a7142eb7b454d686675e359c75b432c4f3f7815ab04fc2c8',1,1,NULL),(8,'JuliaAbud','juliarabud@gmail.com','fsefbb8XXk/xI','6653c631f5f12a2bc1b320b4c3a0d82a4e37acff84714f26640fa1adba3f8cf30901b66a132b9b855fb66b98b3da534c2b34704ead09ef59466176f9f39bd3e557f2da6dedd2282c4e41b9013026a62548d89abdde55dd8722e324acb38b006ae99daa1d','fc930809143af3c0db141e56e4ae512b424a0aa8538adb10c9b3d601015b8ec3673d74b2da30bb7da87d4e5b51d350c1d65b06346db8e8bf7922de385621c59024191b3ee4c33d80d18051e1e791287a3faa03e5e0e74dd74be0338807095eae3af93357',1,0,NULL),(17,'abelnevar14','abelnevar@hotmail.com','fsc6x4nszMXog','b98c1692c416c7ca601fd76a0226c161d0a6b56d0ba295c5177d744ff2bb50e60eae4f0c6526e10f9d73769b22fc2181cd2ca09421e903ff280336445743bd39ad010a64d90073b5a12fd845ea199282fe43f75768b0e9842ae83683b2bc52fa3fbc41cb','7c2507590da8c9ee9b876eab6657aee77be1c0219d7dd2fe703708e2609232446e3ab8c5d9d8405cfbfea80072a4f5d5e4280436a516be5dfa8a293a1dcf71d14f802865aec41667a2768cf69ba20f779f586a505fbf9d129c41e16eb4a2402bb889c994',1,0,NULL),(18,'abelnevar5','abelnevar@hotmail.com','fsc6x4nszMXog','f4c7e0cf2f746bdbb92681e46447678c738a2405e12f0bdc879f7b36758c94ffad74798b3af329fbfcf0eb8e8ee6fb3b660145fb4936adf1dc75fb4122f98947531f8774b01e9cae3b2533dcebc529b72ff2ff811e372cd55bc43331b6ad01244987c16c','e465b9082f81bdccf0772194e71c4217e5f355b71ace970ea86115d8888a0b6da9db6deaae4fba55729337e29fee8840703b8a0f14fdab44d869baec1cafa148b12f177f4cc5eb41359969f702431b61622d4caa28f88b114aecac38f985f7fae60a5033',1,0,NULL),(19,'abelnevar6','abelnevar@hotmail.com','fsc6x4nszMXog','0f6182038e698cbb9946cae341b0234cda397cb2484b11da419f45f48da52db422d1b42bbe5c7455196ff47e8803dcd68084688fa4c3aa0e7be32323b7d80a007d2aec90c5f0347656c95ec566d70de00e6f19f1c196d62c36fe407f96000428d3a46cb1','512d8e24bcee33f96568fda06f1285959dd072be36e5ae1c70961b9f1e7dd606ef8d3befe25dfd9a870579034e2f1fe53245991c2cbc43ae5a624ae30a8d92e5461d8f52f786a19e9f27aa09430788564292abdb4a3ca0cf361e1573df4800e1c045a84f',1,0,NULL),(20,'abelnevar7','abelnevar@hotmail.com','fsc6x4nszMXog','fdea5d169654a0ebb9366097e635341106ab7b952422cbaa014bace28250292c500ebc51a79bf11249f588a07ca5c5b06f37e031bddd23c139f443212b9bf619a0bd08e6babcf8871d2cd1b469c8abed6d0b2fb410a4caf1275a76acf24275ff790fd7b1','588f9d454add16c661b43c0da10f1d2792aea829041ed3999e828b43f9aeede61670a3fbfeea8891dff98c4be7506110c5d4a1d34a65bbec0e1146987d64878ae62a2d7fd509fae523ba4cb3ee60aedf19c29a694ae8b99ead2101fa2e8fa703ca3d4548',0,0,NULL),(21,'abelnevar8','abelnevar@hotmail.com','fsc6x4nszMXog','7341cca79765796bf3b5e9faf898a2beb82e4f3001bd6ff861f4c4e1ff2ff65b1ad312bd039cb05696bf269f24e56b929fd89c08693b4a378d709bb6e74d3e570ebf4e84127efe103089e0db9a07029a7052701459b4c5a6ca522cc0643178b10a47f0b5','a92c2fa6b45e658dd29f3c1aba9ad80e4458ca6e09ca7457517c2a42483c5b9c926a01d7b56806b2b85d9804c1106fca4e846ca5d3093538dbde5914228cf5ea82f28387008686a9c4c089305ca642cb5994ceafb104f0d953a5cdcdfd217c69f7fa5b74',0,0,NULL),(22,'abelnevar10','abelnevar@hotmail.com','fsc6x4nszMXog','4e5d9bcd6cfaea777e15c9bc782770d7e5c14d2ab75410177cca6cb36144b5c71ebfc2b399bfc1a0c6d6ddddeadc5d7e657f3e5d9e6475d31b9720b2f54259b66e22cfdee166ca14879786c591c12dec0154cad5c4a01bc43fa246e342cea9be7f49a134','234c691f378717a37e3f6a0e22d9df296d863722f45336de0aa47ed9f2ddec2402afdb96b4f959455a652eb691f4d9acd2dee7d2f8179616ef17e53d4591c97f10ddb8bc6af48ad6f3d77efadb71d92b30ddeb24cacb1ee41c0c0fda4fe338db0ae1f201',1,0,NULL),(23,'abelnevar9','abelnevar@hotmail.com','fsc6x4nszMXog','c524fbd69e0951d74b3ddaf935376ff975b03383799faad8d5de05ef0ca90c9806dca135301fe3598b942507348cf88c487da3f54ec1b75d9d6a3ec4bc9c6b11c02fe45ce40dbe4b32554f1486859673c76dcdeea38a80ffb26056b9c431411f79e2466b','3e66ad1db9b6ac81a72e1a36bc0899bc6787ffa4a3668d2b80d0197330255b6dc7b4b0e3ca428b477a2e189652d87fc7807b98b17e320387bc7af9b65410cc3da3ae3e7703ccbd867a17179d2d0d00b1f47bff0ebe0f5ab248e01e43b825a41e8c7863ef',1,0,NULL),(24,'jbcamacho','jbcamacho01@gmail.com','$1$S3wHD4eO$UTdlUO6/aRaazawzmBG601','c3c866d94723d942d0b36c4b286b7a93b8ebfe09a5f25e9ac83e2597bf5330298281b382a0b831fda758dad2026aa654cd9f850c02c1ef14e275dd668b43f650c1293322b7613642b5e3e26dd5912472c25ccad69315c044fadf9a97337c30451da94411','cc2c5eb79fe539e23835310649bd52364aec57700eddb97d7a8fc110b8a1a29089de498d0bce894e8e53e0dc2a4f2f3315ff1110e859382cef5a78d85594407c4e99c58e3db049b48a6f9c04d6a2f571e0746aa7c0601cfec2c4e7eb18db062c87fb518b',1,0,NULL),(25,'jbcamacho01','jbcamacho01@gmail.com','$1$G0uTQOes$vxZFUMH3ITFe6otQ8HN4l0','61d332861a62184bb34ae4b068e2d21756ccda1ffa518000d383e751dd27a6029300e56e8c1fc04eb380034d4785f41396998c88b2c681845b681cb614f6e50725d64076a4cb52d4f605360d2f14cfb6ff54b41898d483b6f666c504f60b2cf0a088c291','873acc6c1626e6c770c9cb719ece625f2abb1e6324938a77cb20ba3f0bb66b6324e70565c67847ca1ad3f593b8315d3174e89bfc1ce4fcec80869220c1e360d45b49126e31b2ff2379522fead50abdcffc22ea2091c75f0ef49258ce18bc0ce534a142bf',1,0,NULL),(26,'skyfish','jbcamacho01@gmail.com','$1$Tah7sEQ0$ruGKuqPRiAQP8stQ106.3.','50caa192e9cef6b6e37bf4ae661cb4771ccbd37a384a1a9b750060c76bebb46fddac95dab5f4d6c9c87eadfa39d727fe96fe4e9eb4dd86bf6087ff5cd8b365e21d11127332e8ffebf2763b3aa726ddb96b4b0310983849007ab11c2a165909ff73c2c959','ee9708fb1126940d8fe655d94970c233a511ad67071fcc046c47c7fd4cb9a2d4aab95069ce9aa89e262c66d17393eefb7a1f52819480887fdf9ac3182e0fa10ea519326b31e3584ce9a11e68ef7b2cfc412e37f6ffeaaa29a0138f6542d4cd5d3e2720d0',1,0,NULL),(27,'pedro','jbcamacho01@gmail.com','$1$lGHXTLly$kymj.RMzdNgEbUyHxVXSX1','6219f87e0c5e8bfad1b5b7035c1b3f6490e9e53170b9d8317ee2e5cf5ff5c5537ac0973e64d93db1f7a5cac877913bffbfb381cc7354cc65b872fb1faf1373596f395bf920d0ff1b3c160a6a329cae957f96e18c47f1b23bd332a7df284e156b6bf0f5af','7577828a1d46e468920bf76ce476b998a2213dae1d9d5a47eef05d99cde021e5bb49b0c61d9b79293e26da5056a043e4458fae4e51ed2dde005129c0da3316f2469dd3da235e0e455ae6f63f20382109dedadbee142d325129bd2740168d10a3462fb98a',1,0,NULL),(28,'pcoughtrey0','pcoughtrey0@twitter.com','$1$SUJBMlxF$HgdTuSrN1a9ZwB7d9I.yF1','e7acb6af6fc5d9a9f3b11f6eca9652b8e242369d7297cafb74c9609aa9ce842cbaadb13fcdaf4de1476cfc204b21c126cce6d48316a2d87b9b9c4b2e4119dc0379ac69dbb795608149c982b10cf158f4fa9f4c0051c297099c79c896140070380e812b22','aac955ea8791d4c8f749f1c6194ef95c365a0b28f1f3c05723c3c2537551747f9e475bee79a2539458c50f2707e3f35a7a6d993c9194658f539febe93552dbbe2b07a8157d618cf32adfddb920e148e41c44c859affbbd41ab1e34e92928a9618c481216',1,0,NULL),(29,'gharder2','gharder2@who.int','$1$0trXUX1N$LEPVC.z1oGUFPweewMEC7.','5fe3e5921357491d719b3b6a3c41722a2474463edbe4481cbcd3b0a0a749ec7b3bce44811c8f51d7af3ff1fe2ee93edcf0e931b84059e22d29f75861b441bb71885de2a820dd1bb94a4caaea144be20b33523fc245dcb5e29db4e695129578687dfe0663','2a96510107b5269e10945787dfa7d1a998b2732610247f13a625324df16afcb1e2687607f9060fc0c0b0017b5c50c9ab85ec0456f4229784b28005dc9910be521fceae59f289a932773ca24c799af923da478c9454f3f31b41909ec1d1ebdd691f35a8b3',1,0,NULL),(30,'cmcelvogue0','cmcelvogue0@washingtonpost.com','$1$pqdMK5Q3$2GuAJtrZkXZLbZBkQXF1m0','4b4769fcdd8e133888b5285afb2506fff68e7e3607f531625f3727ac09eaf6edc2769a830e7b3096082b2dfe99f07ff461fe4ed764369af763b70114d361c75b5f8e3b94c21fb69e4d43a1317ba894906bc3d405763a8ab690516d830b2fe5e3d9398eb5','52e1484c5923c2c252453d54b0662c95a44524d51954c6c705b3ec81702fa6eb858b534e2958d16cfdf60df4db0655bb16c1f63eaf0e2f288f609a2cf389e8ba2d01521700d290ad076a278e70f2f1b4e7ae0d474489ea93a41b23421c403f7fde678a5b',1,0,NULL),(31,'rdumbreck1','rdumbreck1@php.net','$1$ljlrApto$99tfK2n6cwfgwgCKnFQQj1','90c755136e5880bf301a6058543b7fdef5288a7afb42166406a9136c910e22614883bf26234f3e3a1d97ecbc977aa2bfd1f878503a3675a56b92330ea786416fb69e179120ef0cad199fcda5fe0a9501a9e3970cd02237a34da19e4faf3b0a995a454b51','4ad3966a94458f9eef70b2f5978e78e8206b9d230512d7bf7f8b4197fe57199c9b246671f60c9cce964509641651651789f811295f5f2391a062585203b421da57a268d742345f5b6a16adf9594000306b3748e051febf18ffb6c5682531196528cfac12',1,0,NULL),(32,'hoflaherty0','hoflaherty0@51.la','$1$uF7eVb2H$B8LhRW77RVKpfGeeEIT0f/','9e229494f15128fa7bdcda20aa5de6373c949aca01840549f8035b9ac7ef9667609ae0d1ebcd1197ee6b782922f8b2689606fd1a577aac8b25e51f25f749ead7e1cd2738eae7781ac609ada512bbbceb4ad587bfaecff700834046c67f40b2ee93bb55c4','a9bec0312a2e01715252561913ec2030bdc0791caa4ea85753489c367782a8f0c56a942ba6fa53c8799b870010cae2d9efd817efecfe26377e4b9e72c3596b9168f33047857ae518232ac742451504e0f051e301a2983e8386ef448b4d3123f5b2cf8256',1,0,NULL),(33,'jcastlake1','jcastlake1@amazon.com','$1$8psG36ky$Mt5c/Fz/ciJFx72jx6bMV0','83d6b1397c1a69b06c8077717b6821d281673b8436c45174a76c013d777650a7ad3d4b49221a57d402862f7fb8d060e5d6926965a25387324a2d0f22573ca1494840773348273716960b6c5f1cfcf09d2af34337062cfd5fd74002fd45c5a819b41164b4','9723e34bb66781a583b7495c83edf349f89305fd29171f4c751af599737e9be4205763348f0fd660ab6d5373fcb4ace12371d5f6af86005b144a983a7d9a92107054e3cd0e6e6ca34f9b865dbb34a360be7f5e4fe4f9c8c227460caa17579994d024d971',1,0,NULL),(34,'ckitchingham1','ckitchingham1@wp.com','$1$FCXZz4kR$mDKVlGeXHTcuRxHSDTPWe0','0d8d1e61d70f81e3938af765ec5d11264766e60cbdfba32a93ea5865ee63beea9b89cf3fd014a3ba4acdbfc512c52b06865ce4a417ce65a72a2223a631f80178b26f3a81f9d0368de9a63ad096050ceb5cf7400f05565c57522cd8380bbb2ec6d755bdab','ead69b04d15fbafff90edc88dd1afc010859de3f8c486f0a788c09863de0768b73a04d4c1d34ca260a12c4f9fbb82cb95fe20918a065850e8b58b8b0ff44daa10e2e37ba3a9ee3a9a8d567f843e86c59022f6cc97b2097193bb86fe905d8d00a1bfb17eb',1,0,NULL),(35,'iwindless2','iwindless2@squidoo.com','$1$YP9BSZh/$7zBJqU3eSO7dx91fhS2i.1','05372a587fb0241c74093b8add4d8a91c9180431662d2752656150c1ba3437f2a92077036b2fc047824b85d74289f32cae714fb2da7a75f958207d6ca68a68bd9a254de16b748c383f199e044019b531c2577fbaaf4c1ab91095afd889b5da507aef0f12','0abaf620e3fba64e6c7b080a02719aeacff2164c5effa621cb06cbe75e8d02ee951db6dce5b4831cd8f0ddc5edc69e59341fe9368ab0014db95a634575c1dcec1d216186a608a680ee121d95d98137c51fc2e7ce8112452858bfea8e9066fd816aa2c1a1',1,0,NULL),(36,'sky4','sky@gmail.com','$1$.8hWDoBC$eO227zEgaiN4Jwi7fBAWM1','ab2e543139d1fdb69baadbba88a3db56778cc0b2c204dcbba5bd4958df869b44d98bc4eab87ac246cd7fb0ee747251d50c6f38612235ee338e92d79e833a3a513055f4c2339b4004d6fece2e31e812c4ab39333481d9c31f2da5f983e6c26ea3e3bcaef9','aa61cce42ffe2dd829a80dfc3b920a47d7bea54a2f955734aa4c5698b693acac89a663e4ad9d81b581e4aa18c922dcc8de13a92af15fe914f162117ad7f7333a140fc60cb816f7fc8aaf9f3357f05e09275c3eae1f62659e7df9a7707f253f4e980ec4d6',1,0,NULL),(37,'jbanghe0','jbanghe0@washingtonpost.com','$1$B4qj.RrN$5xoRMb7V5PML6i5z/gZFH.','9943e65cee137ddcc12b927de43ccc77067c939ca15a03a5e8d3fe0e6e0cc1acd7fd9ced9aba1fb9a05fb428ec2f7d8cf9a8a4f71fe671e870155e3c32fe91e07df62c9fa67d0feb1c4cd389a556591bf95d35add467794f650d75484416b3b7157a6210','97216b8ca97105d96d24be2e4a81bc500042aa8a98b5d97af36271afd10a2b6cb845ae2d725dd3a0b632f045746160c2a7d4bd85e44cf2879d93984365385a4b2e39812198a58121fe873613413481637ac67c93f20f3d033802e696afca977c4e782d97',1,0,NULL),(38,'ghalahan0','ghalahan0@barnesandnoble.com','$1$aBG34Ghi$rjPRqqG5BtZggmiNqFmn11','ea3c2df962c029fdfa4fbcb41ebc77b4a8b1c5a25434d3e7b59102495f7ccd77b2b597f089b51ee2f30a3a67b23d95688eb3f117525abb488e023fc3df96cf2d86786d912ced0f20e8b8868059011bed0abe281093335330dc295bc59e02bfa4b6926b18','2d97d9adb31f857e102191f5c3d67e0efad0db4f4ada46fa9dbddf4c8463ad3669e11b132cc57853f55b28ab64ea5d3de7cb00a5c47412955428f22526ea7cf714dc0b7818db7900847e8f983fdcbd44c17943582d61ea14f2017f80bbfaf3b6b37bd3b5',1,0,NULL),(39,'dcandwell1','dcandwell1@dion.ne.jp','$1$x1ibJDAd$ye7.EdY5K4S1U2m5iPuem.','448e8c51cda8d9d6e1d3829ba85644b77b2c01e89586dca1e4ff66114c677d7f472743efa26997e4a4525ddeaba9612f2fa857612ccf65296fb7036b41bf81f6f7e70a69f27adfb2b6954927d08049d44a6ed4c9abefb6bfbe0497b6e571207345a28bf0','2bd3771b70d1bda403b10e76f176f08a9f4e93847969a6ea38a4840ffa20879b6375c2240f592bf89846af81f927f1a55c37254de8af50ac0488a2a9ab461330014b2734579379e050a7eb9494ca4ef4b289690b0855b4775cb2818974ced8f2228c929b',1,0,NULL),(40,'bbenninger2','bbenninger2@irs.gov','$1$cRjVN9zc$NkCktwknScZI7/blXObLZ/','6065b45b93610e6afabc01f9427c4fa356d9d0c9c477ca704937039f9cf4a39ff237525fdcd0a5ca70d68306ff8c083812292ef0972e00a65ee7f7c9c1535e078d60684b63b0dfd4837492c4b79279dd6e3aa8839793a6731aaeb54491e203143cf5a9e6','22a9bda58323bea2858a2ca623c22278b03bed85092fc676bdef47e1517de8356652360ace9c9b3e631b12d2a5e8c69f573859757616e9189dc6d15c942315c575293c61d0e3c4fa39c575792aa7e3e3cffd2acc398d2076ae8cd40ec073e7fca3f0d200',1,0,NULL),(41,'kfere0','kfere0@google.de','$1$61aqGUQ2$e2PQ2FWOTTlLOmEworNDq0','aa77781c99bf1f0e810e61314d30247fd333f04348c8ef081dfb349e9905e36ac1949d4d42147fc02a12173bf6b6fd21f0b0286248f879d6e15a9f46148bd98791150497e037a6827f0196a91ba4e34b4e632bb4cba9642620496f764e1155a3754212ca','528a8df2d3c826f586e45a9561cabd90b35e5eb93dfcb0eb367ae484c01cf3d92ce41f84b0a0df7613b94f72cada3aaaf08b828105f81bc1943e23f0e5321a0c0f87169217959acca3f34c503f62f00e4cb1cb90b1d2e0cfff65346ead79c5e9b9e38a5b',1,0,NULL),(42,'mdun1','mdun1@apache.org','$1$kyfPeTM7$WxcClP23mSg3S11mynOiu.','9e05323bdb2243ab44743e731e99f8df97c1076b27d105858ecbe573eda6126fad561e26f942c64a52bdf21829077c0eca9447bf22dfe94c82e3d50429738d21389d6693be996beffd72b0a223fe6544908020822ec8c0982d1ba8c51c8e9b6e382ac5ec','0fe20f31c1599e089da6b9cdfae8d3080d1465f7ebec6ec41c0541ab641476e069c2628cccbb860b716bc8af60305360fcd428fe9f08b3797f14f5739322cb80c17f734e28aa23d18cf11f48e35d0e13709728f11708933d22eb9e65d1961940dbd83a34',1,0,NULL),(43,'ederrick2','ederrick2@sogou.com','$1$vqfibk7U$suApOGOBbugGDJSYd/TEz/','f271914fe043118f7df9028e7f3aed80e95feb3e2a2fca3c84c6397e23615165545bea2081c108169b207d1078fea3e3238920dbbc049c4ede74210aaa0a7476dd79f72f2e4119743f32a9a1b879dcc89824b26d8bba5f8a0cb990bedad97ccad3161cd7','4e3ad5e0b60ad6dccb9f9f2ff823b5dc45343ba3ac7397ed4fdbd7bca3fcb643e319b256bcd452b28d686d1cdc3bd6866fe9c1c4f175a8a1eaba9f2f79e7e71ee0942f8426f88fd57030b6217e71ec8dcdf556c4eaadd8473e7ce37f8279143c70cf2e9f',1,0,NULL),(44,'fchappelle3','fchappelle3@creativecommons.org','$1$MABf8Jud$oF2i6gMVNdweSfIcUQLCj/','2a285e6a215c6f4d597b720ec17fcfbb33454ff443c78f7cc4b1a7a8f752fc8bafdde7466069409af8104a0255250c2b812e747652b24e9e8755ff78cd7507a7f8d9870271eb2b403c1451be3e313693f6374d536b167b7410a486a646a45f45208bf4b8','65babfd7fc6df1002ea5e97b8e239fb12d8fef1add6b2d6fdd669cdb866a5e9c2981b74545c652e59bac9bf8cd9cc955bc3d88427994cb775f39652d8ee7d4a94ef47b2cda4e490c80db88d93a2471978820545603b50e5af48aa8db55bf36b7919241a0',1,0,NULL),(45,'eshuxsmith4','eshuxsmith4@usatoday.com','$1$VypYZkIM$imSNDEoBnpS7M6S2DfZGI/','648bd7a22b9035292b861a592194067b2d0d89eb57613d3cb7e3f76b05e60caf0d5c94cdd59c1a9b84d664fdfc52a5bfd42b0f7c49823489c7190145b7fa5501522b87271c5287d62f52075519bbfb9f2068cdeef573fbc5966c2d1151f0a0a0fb24eb2a','fc79d4fe1a82762313c74a8e359d47bac8bed4672869a4e00bcaa6b7d357c7f0191963fbd12439d19f0092ef350575e2046d7b1d2df35e94d5bf66457c37c068bdcc47b4170047c96cce0e3a3dfda05c24f6a344b583f3fb070508ecde312b895c44523d',1,0,NULL),(46,'lcage1','lcage1@slideshare.net','$1$i9Eu1P1H$MgplZCInB8jgfPEprp5X61','2ebc75be1b015b40cf443ae639c4b1ef2c6515d9e507cb2162f8e831d71d6b5196506f6740a335f177b938b7793d7b0d4183143e9d6b700c49135f5d1cc476c668dff26dec999bb3168596409d488a8aa78143c9fb7c79eb6ee59f4a3d9841154c9a6b1e','38e60d2d5a94ca434b07181bf161498916c09289392b6080438a14acd19ae1c32bad4a97ee9da6bdb7e34efe797ee6b8902fca922280c8a3ae5eba902c3a99e03ebb910a9d4852a748c6f800cb4e4bdd6ba98f9c03665830213e4914db1651451921aadd',1,0,NULL),(47,'awerner2','awerner2@patch.com','$1$VjSiBBnR$86LBZc7BoLC.IxVJxj2y/1','eb778d7695d5f0daeea8c7e0d12751fb80ce31dfc5db25585d9d56441bbd2245ee4d2e215e41e1c19f90967cf689799b1c6a35945a6af8abd2f626f95cb6e87326858ac632a6e45ebeede8d3551bdbcb76fee0867e7df4ba768947775785b2d596be5e01','ea9f3c3b336c5843fa95c92a0d4012a39a6fadd5b5eed616ad2f0560dfec42f61ce885a8e071ba713df908725eeacb20d72a5c93bbcde189187bc2b57a62b745754c89e59fe9592140e68416d81922c095d130dbd97be9296c6aabc123bdd031942a9ebc',1,0,NULL),(48,'pbratley3','pbratley3@usda.gov','$1$92Hcy8xH$aNk7D7WYHJ0IUKHUxanUD/','aebacd65634f17d72227eea5f02863625010432613b4eef2a857c476c07b9fe2e83c2e60a0fe9e98a791f95138c1e99920d4b061095954b10d1f64317b1e63e5a980ece37e51d22e2760b5b1bd918c08b6c580855dbd99d1946654c4ab19b8d00d18cb36','059cd0fca7d17a78c8782bef980eebce8e160bf84bfcb3545547b07772eb25bab9e39b6b3037f33c309314ae3d479df22f6990eb5a540e7313927d9108ef5fa6a7d9046613c133e2e9bf89d08a792c08bc3a569249804b3461a9caf9d5358d4b064790a8',1,0,NULL),(49,'griquet5','griquet5@nytimes.com','$1$xV22wr68$adbh30ZqhXGOMYnho2WrM1','b0c99ac415ed05f6e8a73e566ada9f7b2cc25fcfc5ffa6348433bd40eb72aa4cb3d7417d007963ae9b507ed347d741356d0d918608c4a486f9562cdfa0ba8e78fffab92c04b649cd663bd77281e1a9ecac4028dfeea738e4b790262b0559c7702e9fe8a9','da6a216a445d28056c1012776672ed5e84365e19f20140e3262ef2a6c6cd74edfe00e2157ac2a6e9095b13db40dfb4ab5712f9d76ab2232212449cae9aaa894c8bcf3419f42113bf255c3517db1fd1d0c3c13a55c3d3ab7c33f7d847acc6684fdf9be43f',1,0,NULL),(50,'llees6','llees6@newyorker.com','$1$bwGESl.M$nNtCHh7SZfmO2eQLJQhVc0','3de87acbb9de281c484485f2c669566803c83201e148ec78da636739a2cc593aeb37b7e76ae2f33e9724a30b64a9ce917c7642ce66d41af4bdd0b913dfde2eb0bb7e31af0f1c39104556be302d610c2d51be1f372febaf4b0435a28656fe00c1590eeefc','5ca2ff37f14ca8693aa40d20e76c02b866a2bc055ae144cbd16bdaf5a48475450a3cc659c4f6c8e48bab8cac672496b8770ead225f809b2b63a95f4dad6251cead24bf7460761e67ea037ae0dfd23104c9287792ceccc9ec5d42c803212cf530d521d4a5',1,0,NULL),(51,'lseligson7','lseligson7@xinhuanet.com','$1$ucUscyR3$1jTGgszlYI95.cmvQs/9C/','6b128109bdb1bf7335c03949a8e24092dac6f2e59f72eddd6b9d792eede20a3337c0a1a6d9134d3e66817587f2a1cd8b02f30e5bf899cd432fa3caff84115351db38fbe90572f159834b638d70891ee18100dced08598b89bb7fe9e7ebcc509a2613389e','e98ac31a106899762ae5bf1248a1a35604698d3182fadf48ac4a7ac09708427c789c21dda7d4b918fc0f1b3b37394ea63316ef52c92d40f6521f630468a3d1236d1c97de4092a11c1ec97faa02912cb30744744067687185abb27beff86b57af1463d2e8',1,0,NULL),(52,'jmcclymond8','jmcclymond8@g.co','$1$zbZpBMB4$L1S4.Ek4/ZeDiyqYeVjjy1','86ef012998f93e9f83d3cfea37acc6f54c16a70a5348406240edab3ae7630c173349b68607fab8ac79650904393413af76f1a09603ae66eda072bd137fd0ffd28d17bbd9bd08518454d109602076efb45e5ab98d2fc13b0ec955e8c90e48debcf0b488a2','3a5c5140599abb174e76bcd1644ef1c7a118b4da6ee55bc68837b82e030e07a681e14b7c901cb0105ba8340b24fcc7da37381b8707b51fdc44b0dbdd44468d227307ee1a4306e76ebdcd53357e2761aa244463f48d2e934f326ad35c725b5091d46a0ccc',1,0,NULL),(53,'hshearmur9','hshearmur9@51.la','$1$I/qxqLli$539RDHDCUJDkfc0N0EOAR0','84a3eb0a31eb5c4b1f5b5db529f12ecc1ef88696f8f01c989b187af0da2a8b431a1b01dcf2c2a90d96b2231b37ff8e1adc8eedfb14c9042a71cd4b60708665e1bb926d5638b461a4ca6e453eac496d781575d003f7a4b58400e8fda7b46f1f361368a3d2','442be4f0b8b284840b4e45550db1b1b8b8cd437d0d695cdf2b536fbc9831a9b8b920112e3dcea4269110acae4fb90477e542e55b4b55af3bd1895bf6a78c44c7e38b4f7e8f16dbc567d09f7fceac762945e1cdc708c174485fdcc241ade59768253fcb24',1,0,NULL),(54,'kbachmanna','kbachmanna@epa.gov','$1$FsV3vUOR$NEuuNF14kQYZg3l3hrbDD0','f463e3031d17be8cef81851735aee778ed06534bb6f9bd92a1a3916fd3d6c553793175fd650d4ea37a539054573d08ecd2c538318acb606644871fec14623a1d352bd8e5c3395cd45ba1bb68ccea2c923deb06270d5e96dc3c89721dfc721c1bc866c5f9','370865dc2708c9c5935088a68a321169f3ef259a708092a8d22ba07d06f8cc2a621fcbea96b85195cb4520ea923d72060c9cd58b07528bc37d0abb00fa320fff9912e92637aea86d114902c172e4d6e9d7ec6d427660c40a18c0fa90d0794bd831a2df5e',1,0,NULL),(55,'aannwylb','aannwylb@whitehouse.gov','$1$sT0yF2ZM$adQJqyIt0UQ6v14dy1QAX0','f0a3e32d6d882e4e59f2c17baae039207b20c171ede2cc2b7ee4ee8435cc417c19859347f64d525569b0abf95d9753332e6604cae052c4a97ed8b36f817061c5f631e9fe0f8b41d11fef8d62296d6b402b4147084a4148d933fd67c4dc8789dee8e80862','3127e51af632ee71044d51b46c3816916af430b75128b15a0fd8d07ea16d930869971df79468d9f80fcde3a9df240ae0dd7c7e41f2c28e7726a415f0e163e6df23384b24710b28f190dad835f825f10f221199b1c54653fc747c772982ad0184c94f5da6',1,0,NULL),(56,'nglowachac','nglowachac@unesco.org','$1$uJpDgYnn$xwxwFw1MvZlYEm9XIQi4r1','b79acd3aff5e32aaf5adb9327cb096e09f0986917ba7161ed948a6e34b2f12e486d27d2498610c218248bbed7dce46c96a16a3b2b79a28938ac5e15ffda45161116e5abe0135f16ffa9d3bed08ed023d4b8eb16bf452ab58aa5645762118c39672b9ef6d','e93395c6e5ff66099f3a668c1b5983f997f38b25c34799fe6247f7ca6d57ed9bd1760cb5ac15c1ed6e36e5ebe58e8a63b165855829b98e960665a342dd2a636c4c8312f959ae8e51ff1c950acf1399aa3a8216714e3a28a1e800928bc50b53907d4a8c48',1,0,NULL),(57,'kpipworthd','kpipworthd@pbs.org','$1$wMpIZ1kl$TNacWs.CbPT9CHF3yO3G4.','e8ce46cdc97efbf93f4d70d88c85bee9680cb34323951f2798d04b7b24a200314b1da9b4f6214fab2b50455e1ad5b55ab5972571d01a2576b5ddd77eb148fbefa4ca58603fb7628a8034cc234ae9686bb0ada76de4dc9fcde75c8839031fe3f485981fd5','9c7af9dc5d7ecd71f43a27d3ae3fffe41d7076d02c1b859b6fd3e36b91166ab4c5620ef28efd35f6a8885adcf7848915fe5a6a865c5d19078693042d195937c4cdebc2d753568cc23e62e135cf3d4a5e0b392cff5ba460fde8e77f04311041dff373ebdc',1,0,NULL),(58,'fandreolettie','fandreolettie@nsw.gov.au','$1$mXIxZD6C$XOUTNa7nBHMW9IHih0HJB0','afecf943bcd1a4603920c6144f2c81c1b354d2c4f78a69dc068badbda6897fdc41c1e22a25f88979344c005a042f484744c7774791d2acbe2976884f0301ee60ab7610d21398024391239241e2c98d98de0c1f2ff7a5c7e8a4c524375bf310f2724db04b','d938559e6064e945813520d13e319722339bbc9ee84b1215f30c6be5c9f54667b4b5c0fd6948ba53f3bac57af6dea2c215c12dd878c21525fbde732fc04d8b2f54bf6ac28f042a8e8bf135ec4764ada43760480cc5140d5c645da7b6758250b7d28451c3',1,0,NULL),(59,'amarsdenf','amarsdenf@independent.co.uk','$1$LM6UbgJN$B2iKjwZ5SWlDB0Cwonpzi.','9e7204681381f63202554238b0e461492b73829914ec921f05763cf6b483f2aa9eda8cd36d8745dc770fcd7016079e5e0446fdab4d118b6df89463a3fa8d970d78a823a741adad8a2ce2e760459639af9f336f5e6d5be67cad274d13293a02ac0818305a','576ac4325502f4fb4564117c409277dea468da6162d049c7948154bcc59460ef4e3e5ef8ebd8efa5b4c3e345caa342c3f686e43c430416ccb45672370a0d8e2d2ea4f7e888ec7b12bd6109b2f8509bde0687f2e209f2046d1e861f55121b3cb08fab7af3',1,0,NULL),(60,'vfirpog','vfirpog@squidoo.com','$1$1TbeaYzH$VS50elUBQVri9QtKnJzHS0','cbab0d21ba4b091878e682959025c86b532b20a7273a815f4463e2fae9cdfffbe0af5537ad3e0bdec5c5204d3ad81156f7f58a0f7ecde5fb2adee0ad7ed53ab67fb56e5e6d21222c1a7a2bc97fb66ca55eb4c5349947897bc10a3ce5d09890281d46d465','2de84701b7e3198cad7b572903da2454abc7343f474ae856f701c2959c869cf5782dc5a252fd8d865148ca8aef7bb2967bb54b8dd74fe5cca455bb48bf54eedc273b9e2aa13615abce3c04f09678a6d0f74aee6f7c08f7c797fe4621a4c502e66b02e1bd',1,0,NULL),(61,'gpowdrillh','gpowdrillh@cpanel.net','$1$MSKSbx1E$OmZ0bYgFMmvtt20TbWonM/','34cf377486b429eb31d36c41f3e65c1492d7039374051044a6d802aafd16c0bac31d89db53ff31550051c1045b8334cbc74d5bb30e12bdd1763e48b5c8259e08b452193547cdee6003a6fb630fcd84756d1dd415dc1f96ebbd6dd41272b8df0130a48693','5cf85ad10f515a0e6f12a7fbd264442fcf5d45c196514a781183e4c2188cfa953acb02eb3548302b7f471aab2a2a2d3f47faedf213803533868eede8071e66ce8c860b8bbd8e2023083edbd1273958c0d10204a4fa3ee8c10224a5560e1a6547efbde13b',1,0,NULL),(62,'eadamowiczi','eadamowiczi@twitpic.com','$1$oPMWfGqC$jKjXKQWXe7aE9BfGguEMV.','8d63424d44e0d35bc9b98e569bd9d93e368b62dd848ffc29a6a1ab9c98fab97bd06319126d40e2fb13663861b0c2e7b136221b7b48be2752981a9a6b7e2877cd4e3b40942002752e263aae8c037c5c0c9b25a9460702bc91d5c64441de9abaf33a631467','161a4f530c9f96932b6f4c56e02f445c6a1906dd6011d2416634d575b945d2d13787a98f511739ff56ec013b9ee9ec1552b2740d9d991c7e1a07e19708fee078ab0d290d0dbe9a6f3d42829e1b6e49890799323082b4bac1dcbe1c926d8c1b478e5a5fb9',1,0,NULL),(63,'sstenningsj','sstenningsj@so-net.ne.jp','$1$2MSaJjpx$fuflsByWE6hEzkgEIDbsk1','0b8db42ddd568c96600edf7043ebbc32440f0ec6472a153e9ff5a1c34087c29e3c9dcea9ccf6f56966eed39aa3b044f021512123c850e5a29ef0c0f024c62ff8ddd752afe0b9e96a476751f1e129b04c2ee1c7924033f5d60bcaf56544a9b11d6b140296','acf182c10a742ac15c75913ab2013c00262815bc51d574f6bc18ddbff9e4d203d9dc51f7edd5e04f247f0f557c9b0b19f7f4ee6c9976b6ddac1c9195874d9791f55aa49d7287b1d82db9b0d19468152257bdc9d3c69ab8930ba0d76010f7e83bc6dcb627',1,0,NULL),(64,'evesquek','evesquek@msu.edu','$1$SvRWRmYp$/YDFNlzlLpSAAzEjhPdrB/','83def8608d9ace5ed536c9822e44122812209848fd37a22a9be5a4e69775b45438c8aa561734e77331b02ddebd983166ae2e2a87aa9c810b1f85d08b245b8779a1a47b3a9dc9bea01a61e2b4ab5807c4b7aa99c69af6b5db7100b129d621f0394bd69609','1c931501f39280790966597ba55bc85c89f662cd6a13b9f17457eeddcb72600b07915bf6e085f82865ffd6412329a7f4b54ddc4e67d09bccebeb646fb8bbc374c77e56c654c21be8f09923fb9e6c91b50e1daca5d3c3cb761e47f3a09f7718d87336f489',1,0,NULL),(65,'ivasishchevl','ivasishchevl@blogtalkradio.com','$1$2tL7uNxM$08MqkCO28Xx25uUzjqRVy1','b34ff8807217995104290d3153330524b6f94bcd80f0a9d22a30b5c7e640f925fdbfcb3686a2f51a03d24d0d76b226ea98f69d601d687741f39fe228448bb095e04c4c0b1185910da67e1eb1df7846c7c2da0c2cb93a89cae6dd523b439e2361e2d62504','56abd04dfa8a743cee053aab4c0d905c4764f8da92cc20a2d167e60a9e3e95ac354c5884e5aa01536dd86d55b308daedd7f7a203cd0f6bc46b18162d75b944d10d2b4b8027893444c93345077a24a26b717f3d59cbd6eb639dfccbc7c55117c7130d63b3',1,0,NULL),(66,'jjelleym','jjelleym@dedecms.com','$1$JMiFbW61$0LE8T7ZFsxBHOK8Xneaka.','f676ac9ef1f28b72fa765a4d4364b3e9b46df4f83760fcdc10cf6019f4dd4286d647bb09ee143f44a931414d5d3c94d9d7d37dd21cc669843b33d494342e10ed0cebc7bcde45c6566bcb29a4f3c4dc2fef9df5dbd4352a43902940b9093931aee1aba381','2ff2fdfd5701d42097a5b7529f4e01798231e802b7ba3e90bc943c00ad5156cad60dc039121df2e29f828efe0d7276d7cdb6366c6e9d00bd917cc6ccd801171d12d0cfb4ae6fa3193a78056abf860e6a727f28ca025d1c4a00917df0761b9ed8458149d7',1,0,NULL),(67,'crolfen','crolfen@smugmug.com','$1$WvgWXvvF$gZjZEoBWbfVta4bu/QqaF0','8830bf565d6ce8b64b977878aff7064bffefe0896affee760edbe55fc92a84aecb6ed0a807b1017e2eafe923dc3793006f342f3b2ea9debb19b5723b14ab4c83a70e270c18287cde8fb9bd6709a13bf798518026e1d04a3ce11e6bdf80b69489f873c53e','b0513f55cd500baabafca80f9f6a11847b986d9155da7d13fbf54698b2f0d9f476d1cc4a5a014b792ae8c8dc9e21a8a5c5030241b18c811454b0a08370bead0b7d1eae5051f3faa3af04104cf5be79f6736e18830665f344c1049776d508e489928b2863',1,0,NULL),(68,'dicko','dicko@go.com','$1$5uX9VhWd$53itu9jfhNrmMYkMEeNOL.','a15166264b5b92753d4b7b68156f8a5c1d6f12bed0b41433863366620b2ef08839e75ccb3455ebcfb9f3187c1c5c2856703f3a10dd8e75fbb5b518eb12a497aee66d825c945f6b49ad5d63ccf853ed891e24b437d207f2ccf43d1c25ecbca0217c3b695c','74a9ee583178257b71e2d99b6b23fe1847ed0ba4bba64e5f008469db1b24cfdf2fa7bc58c2667a7665a1f0c8e1f65e7dd4718b3dda5f39ae5f1e6b7c65d234dcd2e6323a48301e37230cccb9063f95b9fcecb209f95b461b1302911ceadbab44315a5453',1,0,NULL),(69,'rkittmanp','rkittmanp@about.com','$1$FQV4dSAd$O8EZdfGMiNnXokMisP1KD.','ae2590ac05ad8d28413258ac80139e073910be6a1786c22d328700a23064d811757a511c0027bb0ddf1128b387a898be2ce527a47e32487cfa44fe94e0f5da99540ed4dd9f3f72cc05b467af9b0d238c7a1e80fca879eaa60a2593a13c89a9b0baa76623','f8a533733fa95296341304efb8113c47e54cb4afe467f37216e43bd5198c668d9025777c26173a7ed4a1cb5445a410f210e8040a93e7198d5be25893c39d5d3e9df7e349c3fa379272eb68f5b12b34c26e7ee7f4fa37ac5c87947a277675d3b356120705',1,0,NULL),(70,'spapeq','spapeq@google.pl','$1$MjghiZJo$E6B4UGH1zeNm.3mBpvl2J1','1a634751c61d52652488cfa8b8662a5f47c251e3ccd191623d09ff8e3ba7163fd3777fbc3f9c3988897ac003636bce96a5ae1a4caed417655b51d7aa4992e646aee0c69c8e209474e7b8dfd7c5f7d949dff3b089c2172dd255502b04a913490575987788','b603704f18fad6ed5072be7b5fd193258517889dc7f829e178bac88d47ae19efa0e8423188ea5bc49e60d5b97f3d4aa95859c4d0dd0d45cf3563c85da4319e9e74a2ce66ee080d66d98e1fedd9ebaf9a9406acb968dd92a34d4efa03b1a05bcf0d6a21a2',1,0,NULL),(71,'estangerr','estangerr@wunderground.com','$1$XBU/jBmZ$2z79souQXMTiTQTXAqz1d1','7ba5ff56f20620b9d64a51001634796680fd03106197d86212ecef0bb09c66ee08ccb692d8dcbfa067cfc57187276fa4c7c26bb22faed5dd61a360ab999d3e08da0896f2132368efc39408667c760086be53c01de0b4a841c45d5372570271eca8ce7914','f1aca36ed51d677e9c33243327a64bda312e8d023696130156e20c9d26268d55889714e5e36bde87105c754c7b0774585493f0dc755233420eea48d6a49e7590a782b17fc7c812453a644959792d5099b71be85762303c513c68aa524ccf50ad4e9855b1',1,0,NULL),(72,'cedwardss','cedwardss@yale.edu','$1$njIp6wM9$gP8LLlfQTyjhUN81v3hvS.','4336b4d851ca3176879b0c6e93480d4cc879d537a237f1fc205e57b7e044b648bae4961350dd8b18ac04ebadacc6e3bffe764cce10903ebbe0e60f818a431462edf2828f661f420ef92ea656f2e8e38505ffa13b7399fd1693a1aa74f4382566edcac459','cbc19099873fb9a9ba2e78403cb851662e4611679d0075ff8f083888331ff091f758fc7bb7b82050bf393458c06f96a90d616b9f43feebd6107734d4309f0f6655f31229de4b16b69d0441ab5b05f13466e1dab754c30f242b960cfcf8a9940e36f6d271',1,0,NULL),(73,'mpridmoret','mpridmoret@diigo.com','$1$V7ZxNJLG$4RbRhmixy59Fg9/9WmKBD.','ba29bebc33bd520d38b84cbdafd1c2486c61caf4c086bc4f3847105951082de257819668d1060241de114a8aebc614526cdf4f0e100ca912bfa2b0f5c2975ce7ffbfa008bf93f3c8bd6a4928be6a1cebb7b015fd12ac885a69d405b9f4411390f28fff4b','5a4a53eb23b16aae78e0dc218b3d62c300050d94f293f5b93ace3ace8b681288c15bbcafaa24663ea9d1bfad83414efa25421c4146a8cf482e179402b0cd327d985840ffdc2b1ef7409ca9dd42047c2ca332de2a2ce04eba477f0cc902bc85e2e508836f',1,0,NULL),(74,'mcapeu','mcapeu@pagesperso-orange.fr','$1$FvQ.YZ2g$6s6Qov3uZUVTXFmhx/W6u1','d11ebd307e098432312b2e88f8b016970c4601bcee9c6d45f63fc075bbedd313cc2273149e7c183f7080eced1da64b09b78b7caffcbd14da581f616d4376f438e5ef4497c0a93a8dbc905ce4e743b847b51b464331a5310aef4bd14b5cdce40b1c92cb94','bc32ad7a0671019c4d7ff3e43762abc5ff9518f41d7b3a02161a6e9a18e3980816440246c382109c7645afd6f418764a4eaef6a724d4f549a11c539636a51149a12d9d261cf1eddc17185d6e24c5121c03897bc0c462c9d28c01ec798382e24b034282d3',1,0,NULL),(75,'dgallearv','dgallearv@twitpic.com','$1$ibPyOez5$kNNVjeWVyZdiF3QJckMLj0','0fc147c544f0224f3891e86e172554294f6a38c6b13c6dad4b610edb2ff079cb7e2fd4a83c5bad8f61fb012c78ac785081a4768200a1427aaa36737b80c2ae41178c97caacf2728c8c7feac43aad4728df4daff27be8783621e715644cb1fff747e2d430','b62f5708eea77ec6f4778bec91e629800363e4d1298b6f771c0c20d9bcffd69943615846f66dacbcec7837c59959f54506388c3e82178fe55ee3fb9e08dc17d5587e079aafe0876a496360df8c91efea1b1634ba2e589998297110d4bc497b3a1ece967f',1,0,NULL),(76,'gmcneillw','gmcneillw@webeden.co.uk','$1$IXnzVu.C$G3x5lc9NOM.PEKuLL9B7E/','a585d20c2b2a904c5396ba885a439a1e176d2934626312f2bdbf50f0b571ee291544f75409ca06b7a1c8b7cf7ee76471a8b0dd99a07932344f96241fd3c030a117957364e35593e060f5981a0685865f2205a0e9afe4c167532df52c8ff58d9d637b6a86','f17ffaa575d5d9a4b47075f151970d9dbcdcb995dfc0e046c25948be0a7b189cf1c63177aa706f008000f4ac9ee013d33489cdb22e02956c4a3eb237f77b1ab6212698b41f7fc87560cb694b10a63f6931ca0ee34fd3859bd8cb6f5305a42a452b718b58',1,0,NULL),(77,'jvereckerx','jvereckerx@wsj.com','$1$UCFA5hQh$9Kp21sUv8RJOlY/Oq.8Y5.','37eb2d9006fed31b66457a74f7c74f544a7410a394419cb7bbcbc5240522010877720ae34436eb2bc9eea505113133f885e58c01e79008e076bbd795ce78541503b3227cd19e3f84328757497e306dd0b54dd36173dcde45618df489c367499f461554d3','a906bf7be0a2a9e6c7ae98e62e6d077d66ff2555833ae6f7ef6e26033f51b840e2f809ffb559307f9052c66cf659b656c0e7b8509db68b77ec0662d96ea0452d75a9c00db72a47c5fce60c2c30dab61c26d1fa16e33860644172bb8f480b5f7eb3ac751f',1,0,NULL),(78,'eabrahamoffy','eabrahamoffy@psu.edu','$1$Ncbb8Rd7$hcAY1o3igevN3CDTPhwrw/','e68091314b40ca4076400baca8a7020153fd1edb4431c7d5e909385c40debb6f402ec9bdf7b3f05ef03e95cfed27799c4ab988e774287f94587a29d19db3ae44f9da7de59a4290c369f9e48421a779f6afdf26d26ce28a128a8499fcb566bb3736d2be50','834cd6a8599dbac72beb29497082d856d998eae9fb681a07fa49134684225ca038bfe3b8725178b3f11c55472df03124a686f3ce6caf5426f528dda09d85016e241be468d11d2f363cf15303a35ceba505ec85786883eae50dd5fd9b2a82da5aaec495ec',1,0,NULL),(79,'ckeld10','ckeld10@telegraph.co.uk','$1$MwDJmNsi$Y8ak6T6HCWys.NtnbxVvP1','e8f7a13a0ed6ab2dcb285aa1dfd95b005d3e1033dd17820e3a24d0eb2a809c8efc4c8774d136ca1fd28869539e00d6cc58c87200c0c1056f1dc0d12fc31e22cda3c434ef16749f00012f18b1b60e9852d7e7c6d707f6f822fb357bdbcdce38d83c279878','7829d5530bb29c18083d0909bb7bae701b9553af1f1588abd80348835860b266c76b11f9367bc9466bb75ff5d687a5628a5c57abde6e036cee4a81935cda436dc66723aa795ba7850f2836e2178a75b51bc395f5f061ea57c69e0d1112b1041099b643ea',1,0,NULL),(80,'smeere11','smeere11@fotki.com','$1$UQTSNwvR$7w7G/jlvUXyODPwZdN000.','136bdcdcaf0425f80ffc6581b5f98700cda9dd46aa01fe24928ab58ef0ff7a1eb5fe4a77a0ce8b3c6bfc7c45fc1c73223e958d811fc86b9cab84b38f54d49890c49c780a9b81b62e07132272be4d1da5b0d166dfa1f41a09fdc11d4aba7d1fdf19fa3ce2','d98f404f6d88aec70783390cb31a87d7c0aed3c11b573bcb50a15e6184c4e76b4083737b58f33c448f1cdfcaaefb0fb1f474b0a73568209802669264c5d076c20fb43af876451d51a9f77944d78b70586720bc907689948a3b827592d04b40601362d085',1,0,NULL),(81,'mpirt12','mpirt12@arizona.edu','$1$LaGAqZGu$J3CMRPkFgVlWZhgEewLXF1','e6c45cae53dbd955ad3c758722fbf5c8d45513e39931f796bba4de4a9a69d005a8759f6852fad9514b42e4a4a54bcfbe2752df55587d2aa0a14995e7c5721630c4dfc00893e663175e0b9359ae22b6528cca9eb1af8d4a113cda3770d73dd0a1592da8ce','d3d75855b831045861631dd053cc482f5498f3e9aad7e68e2a3286d78583e433ca0221249d00db7680fcaf180ec0b7eebdfbfe45bbf385f3b3c9120204be5aaad7e0e6d8bd8c887987b58bd4e32c001c9bba22e11207229de76f2269bf8d37afca7082e3',1,0,NULL),(82,'lhayward13','lhayward13@yahoo.co.jp','$1$kWpTP31C$k0/dGlrmAJlTFAv1WhDun0','e043ab92b79c9147db9060c81ef35e6134987b521ef4f3eb9c02461415f5ae0e209fdeb5abde7341e403e87f9d960c59c0288321596ea69ce2dbf3e03eabfe556e6a41d51bd5883d25c86101172473398b3be8c6b64d655ae18b47f9de28a306f0edee0e','b77343ba4b350fa359beee80a3d172a3933ab608cccf47e3c0b524f3eaaa2c625e7924146318f6721f8aa37fe8605d3de7a60f5dead8943694cfd5f2bfd918d3b4571157a69f0ce73c75753166335b402bf9307df7c158b43bcdad4dbdcbda44ca79af2c',1,0,NULL),(83,'ocatt14','ocatt14@mtv.com','$1$cEzPLPIY$E.ToC8VnjBBSsWrysQG41/','27f67e04ba1f573ce0d70774f54ba95004b118a740b9be38d7492bf7712963f2ada9272388b43ed185a8b1061ced2a78161940565991cc58b2debcb3981f4b8751bc435286d51b29afaafd80268c88e05f288754bc9c379ebb046c7058dca795eb17e25d','3f5e9ebe159ec7119ca1d321d6858f3efce67b622749daf509cfba33e8cbec410abe200bdb6f9a89deb31ee507246291a7bac53e5e01c2ecc6cd2549cb96414ebc1c2070ea79356a25c432111a304be8177f6be3ed477b027e2f7de6bf6450f55401e7c7',1,0,NULL),(84,'ukuban15','ukuban15@w3.org','$1$lgch2gnP$gsnnn3VIIy536HUqR1OV51','275290972bafcd35828a5c5c987136827f399137aa30a8e18cc82bbfd4817c676706f18355c9f0a957d41367cd243596e19ef81bdf7d5e62a19d047dce2ac57f51241201be6488a37e20ba93e2853f0c4ca29bea53675035fea512c9df017c2d37aaa61c','3f4c1961ce8f6ec1d78d1c7ee01b2804fcc3f737a357d4e0624afeb37406657ba7c62e1b49fd66d2a64b6ee71de1534034a0bde78ccffa33d4067d8054803e78e9481ccfa09486b430ee03f7a0a7166c19055081e19462d8406b6f03ba16093fc912afe4',1,0,NULL),(85,'rgaitone16','rgaitone16@godaddy.com','$1$MVCbUyX8$sP2AdJJN8GhqUP2JV6pPf0','6996708a25ae6614c402b62f8748f4ba90d723d4d7de706cb1c0044ce2c055f4c233d090fa1c8a6b7a1fa793d4d1430bc31f8d0ec132fcb124b494167eddd15e54d173c2a25a02b395cd6eefe2be344f33b20fc4d7b8bde66e34f1735e30a9aa1f69cc46','018087a34fa60b4b863ce56217d189c1d4a6d361f6475d97ca758f428e1e07561eb4dec02d5edd2357a777103d6649c1a6d5115e5f06e56b46042ef4a93e134378c153abdc474c77fcdcfda92f3f82d1816b3c35e9af4eb7460a2313ab6c2425ad67f969',1,0,NULL),(86,'gtregaskis17','gtregaskis17@ucla.edu','$1$DVy.Elag$SOGhsFWVcqi5ZM.hYRC.x1','7f00f44c307ee0aae360d5b98efbdb1059d304ac47efb448ca2af0e30a37a57d110c5134c3e35b9ad826ab5d08ed200acc158114f6b264eb57b44588799fbb4ee37965bf6fad540743b1e0c53978efa0ebbba22ef22dee89980102a504003b85dc9ea7ae','7ed55afbaa2ff75d0643c0fbde814775bc7f7ad813f0a1c41292ca5f059fdb0c27346e59b3b1479ed3ca0493dcf7180f2ebdcd9bca7454de6ed2480bb37306fac065554242dbc4712a4a6013202a242749474552ab6e52813564bd1b2763cd9c8081a0c0',1,0,NULL),(87,'hborsi18','hborsi18@myspace.com','$1$vf4Wwb8e$rzVGQvJ93Iqvp15yxAg.U0','b8b7898d33cf92660d4392fa8e054176761c377d07b7a161cd606102a13dfeae944ce2c5fb31d65577766c075ae11c5ce90d55199ad6c4faa3940a49faf8a84d09a5597e0ef6ffcb26773f980b5e5f9f80da1cb589ef4ed4888ecd9ff51cff07ed4ac1e1','7e0e860a16b5237820a0ef218b349cffe0821535c1adf2babe5724cc4d26aa27381dda42df789707276a4ee5f1b327977b7af4875fb43c46e64a718c182e1d3ad35c708a5ceee416ad186f674be702cad0d4cdd95fc6fd0ec014268df138c79a848c8014',1,0,NULL),(88,'lhartnup19','lhartnup19@scribd.com','$1$q1c1v2HC$cMx2ZT0/BeRHOrFdhwa.5/','c93b02d6ac093aef51be935a69ba92492ee543e626f644dbe145bf0c4dadda3f9be538fd4869bc13e8337036717093d5ff3de42f1ed381d774b34e08ad9e29f7da030b5cce2391d2942926236d7bec62b41095d12426e0b07dec34e6b05e0e3bb79dc942','daf7b1c248c6c433783e3a21ed505417d66538e5e33a4bdc972f093b15bda76b666da76f7b9e02a0524d441f213baf1c916b3fb4f81012a62ac70abd034535afb9864171f19499ef58e41c985a4f6f84df3eeab15e9591738a2fd2ee95dbedc928d10308',1,0,NULL),(89,'rpayne1a','rpayne1a@nydailynews.com','$1$RUhxkAXx$pribL1f9UC9tsyae2ML841','dfa3ba208594cd8fd658b30e72009787d80c336f4658471bce3e0a3dc303c41585342948747945ceb9e72ba9c8713f3a611252e968e5ce05d5d38860b406d610da3994936e1584322c4780b63d6ba786bbed82c32635496bd24a8c02c79ae7e2f1767395','2cba2e54bac939f3e320e203b786acd35aff910fc8c0643530991a94b10efcda2f19865efa8c0609c2341b690f68706df28b08c477c2b7f76a099a91496a1693285016aa6e5f637417c99f86e0f4ac2b19c10c01538065b46389e5ed1717555b3db5a222',1,0,NULL),(90,'csilburn1b','csilburn1b@myspace.com','$1$n3/I1Fli$GL9mg4JT.mxq828ChL8Wb.','5e9034441d650ef133bbd1c59740a1c6c6103292c590abfe8921b819f10f46b30dbe35b31d4d95769ac043f8d27b440b81284882505cda1b218aab2fe9cc3844999a5d00a2b32e9413fe179a00404e91ca45e39ee822ff43ed007045d508c8390c9414c4','33b091702a19d41dcd4b729e66dbb528abbf2a015df28ef483ee660c846b6aaca42402526ce4e217e17096f7ded694700fb26f7b0ff470017cd73d714b1bf73e46d333f493d2d210ffddb0f1d3cf80dbe7d2268233c2111cec0775bcfa230b31e36ce34b',1,0,NULL),(91,'ereece1c','ereece1c@dedecms.com','$1$.fGhfCro$j56qN4GVwIoUH9IIn9.Jy/','88cbc3ba7a9741f5e2e4f6c41dcd3e6dd1e05fe76054f95f2f6e6cd4e79eea07188a503f5be6196f94438d35e4ae31693af565960e940d6e33dc0704f45c68fe5bc8b241f730da77c776a2c71c9f107597c29fe578e843d63f58ccb3d8df3b5034e6cf22','156bb25bc9243aa28729045b634e076ab8665fa5057553e3ee30f0ebd3ce709ccc643491c50732956a706f0fb3616b87d1aa5bb4fc37a01b1d1d91ee6c33878dd393a0b385f52c74b1163958e64f558bf2217035f9dc96c716ea6e585887a6debb48297b',1,0,NULL),(92,'nmcclinton1d','nmcclinton1d@51.la','$1$Yl.EBgrx$vuGE4K6X37k3q7i.1dwp8.','f4f27f6f92c33f6d1fee9eefa92df744724dbf213a57d04c27e4eb22d1d7aa624f9ddfa46eacd0322b36943341b026a283a7c13aead67d6c5499361a5b0ce272017c90227dc71d72e24bbe601592af09f720947738ba0763b4710da0f6e244b7deea1ddc','06a15e0f4c7ef03f317b399e0e99e7a2b1305e740b46adc796560a884e06c4b3b4daa76b509f868dbe2125c3499b3492c19c73d3493844bf2a88e24cfdbc71acb3c83d23a1cdafe896cbf9c4291e57c0b0bc2afe37e81a748492a400199144e0ee84de11',1,0,NULL),(93,'abelnevar19','abelnevar@hotmail.com','fsc6x4nszMXog','0397fd4dcd7590a1e38e30511185b75c2457485df2fdef399d034d40e4debc622d89e633ef978c62e83fc99b15d578a589312799f255095f515593a2ac217c67217b0b8a281180d2f9510a0cb318fb7ed5ba09bae52d6603fa1dedb63293761649a1947e','8b6aeb3c93444488d153e6144d8bd7986fa2a7c86679d9d5663797100b42089eafe7f693668328e7345181725bca5181ccccfd1b60f6cd74de76cfcdc465be68932644952f4274778f7301c99a2d6c09e39182f8aa0c1a0545bd445ecabcc061da7b3c56',0,0,NULL),(94,'abelnevar18','abelnevar@hotmail.com','fsc6x4nszMXog','286b9f12ef0c83c34142eb4a95220c5b1564193cebf56edd643be72e16bf4a66880983fa66b77b16dc8c17894919e41c09448202ac11d3fc7b3f7492f2e30145aea41ee0875c4edacc860f5eba6a7a892ccecbf93baec7758e26cb0f767b7068e47cd8d5','9d1a0edc04333f16ccc47df95df15b4e62e2966f699e06e572753d0793fe9c980459de2d18d4921d5c257985df0e566e312f86217416446df66524094fa22d2272727219df3e5b76ce36b0b28c9a01be145b3107b2a844de3f7966b32598b95501065f85',1,0,NULL),(95,'abelnevar17','abelnevar@hotmail.com','fsc6x4nszMXog','91cf915acca6f04140fb0c34072719e497f5f58e61952b4c83325110e61df2d11879ee8f5b488f245f27913feb807400d17deed32d80b70008bb72d39485500fd883e59bae5f96e777009e3ffec8248728b3a27b2583a70dedd8e31f5bb4f0d932bdf409','a3789bee57fa4b3439e58955139b322670ab33a7762342239b81e70462ea2d0cdcab924bc6d4656499fa12af37d16b00bde6d27bae6809a8d11352baa9086eb89b69ee0ffb33f7e30969b239d5f182dc9415f0b2972d85357e817b7510ce91195c15d234',1,0,NULL),(96,'abelnevar33','abelnevar@hotmail.com','fs2KJuG8owuZg','bcb9a6f32cbebc0cb1f704eb0780fb0f738c0ddac943058ed7a40f8ade91064c9507980c9b553ed7d8983b12aff61ff42d5aac056a6697ad432a1b998c4d0ac3bb233fb4e19f88a8112e6e5387db4cd316d1f97d16cbc704a16c1f23ac6f3101dd5e6ffe','4d07f0096863b8838b6fb911ee77d9bbbb8c31b7c1bdb6f78ddabff2ea6c2c97c81fd3e0b62ca16b1da60c35c6d23ed532dd6c6a67bdc31978b4c5b13e0064a53a1b070a535727658278c86812b4df424031bc90f2ff356baa142ce28d0e052501510904',1,0,'Abel David Garcia Nevarez'),(97,'abelnevar35','abelnevar@hotmail.com','mas23241','3ee524e00c6e54779c3c5d857fc36d095445e883bfc88b17a3ba13d3889f0ff12ca04835187b5c7aed3197e2d57d2067c092a858aeb8301e03d35b7adbbf3d4a87b4c14a304894e7919c401e25c80a27dbd7eefa29348104a647e7707bf4fb066f209667','9b5004a29c74769bb77fe2d0797c5d3b38ca2f1d6b15414e91133487f98780719e3e2bfd70a0267b47f0f288915cab902671c14d61731d75ad0e51211a5b351a61df17dc756bf4247ef528fe4df786a624ad6e26f4c9f40e259ce509503e81fe4bb14e33',1,0,'Abel David Garcia Nevarez'),(98,'JuliaAbud2','julia.rodriguez@cinvestav.mx','fsefbb8XXk/xI','99dc2968a4d385b8b9145d6aed6a70c6e01e81a3040e689a6803ed6f3808296f6d1e4ec6620d457f0aaf6155572ef4bb59d53302306a61556e21f62bd3990376abe93d6ff5ff977ce815084fb28242ab71bf06e5416abd80f64dc0ba80e12eb7fa4f3b4d','5eef70f701b39c70278f7e7d22ee8b3b1517bfc6aab673538e51df855cac0dbc8af3527fd0ad4dd7b580fdd59181432bb862e394c7f489813fc07d2755d947f79b652f949d7b71c2f60db82ec8f50115cfeef5827958124874099e55bac2ddb68be8ce90',0,0,'Julia '),(99,'abelnevar333','abelnevar@hotmail.com','fs2KJuG8owuZg','16ee326bd0d015417f28959df5aba065791499ae7585f2ae98fae9e1c1bacf8d57ad015437b9411cc727bb4ca5045bb65980b16d7a3e28cef9d3183c0e54b0d8a99cb9aecbd85d5517d88b201aaf29451fc91c3cc3a6774859e0baf351aeb5baa6c0fdff','4b9e32240744c9927813db1d420914073d94128181784ee2491a12d9a37a551d9f1977e295d5c8512ce6c375b55d1360309f851f5a2dd6171671845016f94118fc99b89089c24aa70cbbd2a0931233f192fa0db92ea3d18bd4c99df31a145902acf990e1',0,0,'Abel David Garcia Nevarez'),(100,'JuliaAbud3','julia@virtualtea.net','fsV6YfBmrBq1k','df53f03b294cacb0f8d1bf79dd9c75cd4254dec97606974930e51bf97fb4ee207de25bdac5b599dae4be732705aff137311e86d14a6332977da33ec337578052c235d7e27bc06bbc596310afc2ba36a04fd69b7c97b3ec6905a4e355cd634765c4133033','3eb47197ebba1ce3742ef9627bc59155d290457fddd7191cfe2f663d0f7089450b61ad904d36317f586d99411ef7b112d416b8c0414bf4e425d592195ece26971370abfc71f73a27658acfd5708193964bc95e34545c70024694bd871b74d83720dd21d8',1,0,'Julia '),(101,'VirtualTea','admin@virtualtea.net','fsefbb8XXk/xI','db156139e474c4e36fae0d540d63ea0b54b92fa419f1d78ab6e68f18f9b4c0e0f51d4974abc83acff6eab69fd453cf2fc77c7f27df93fa33f6305a916ce24063fd7cd3758b051a45a5ae97be326cdd490e395882f8de2b3c854702584985f7487ddfa890','2a850a577aba3227fb7f25e04f1ce6858e22e433a0c0defe0ac2861a8c9ea907b53ac69dd0bf62f755911dff0322be7c854f595d991ca79622dc50b4a10f5408ebad0382fb60e9418d96f5a52696a5c4f8204d7dbee3314382849412591cebc6b75c0f72',0,0,'Julia');
/*!40000 ALTER TABLE `propietario` ENABLE KEYS */;
UNLOCK TABLES;

--
-- Table structure for table `rubro`
--

DROP TABLE IF EXISTS `rubro`;
/*!40101 SET @saved_cs_client     = @@character_set_client */;
/*!40101 SET character_set_client = utf8 */;
CREATE TABLE `rubro` (
  `idrubro` int(11) NOT NULL AUTO_INCREMENT,
  `nombre` varchar(90) NOT NULL DEFAULT '',
  `descripcion` varchar(90) NOT NULL DEFAULT '',
  PRIMARY KEY (`idrubro`) USING BTREE,
  UNIQUE KEY `idrubro` (`idrubro`) USING BTREE
) ENGINE=InnoDB AUTO_INCREMENT=31 DEFAULT CHARSET=utf8;
/*!40101 SET character_set_client = @saved_cs_client */;

--
-- Dumping data for table `rubro`
--

LOCK TABLES `rubro` WRITE;
/*!40000 ALTER TABLE `rubro` DISABLE KEYS */;
INSERT INTO `rubro` VALUES (1,'abarrotes','abarrotes'),(3,'restaurantes','restaurantes'),(5,'Panificacion tradicional','311812'),(6,'Comercio al por mayor de abarrotes','431110'),(7,'Comercio al por mayor de carne de aves','431122'),(8,'Comercio al por mayor de pescados y mariscos','431123'),(9,'Comercio al por mayor de frutas y verduras frescas','431130'),(10,'Comercio al por mayor de semillas y granos alimenticios, especias y chiles secos','431150'),(11,'Comercio al por mayor de leche y otros productos lcteos','431160'),(12,'Comercio al por mayor de dulces y materias primas para reposteria','431180'),(13,'Comercio al por mayor de pan y pasteles','431191'),(14,'Comercio al por mayor de otros alimentos','431199'),(15,'Comercio al por mayor de bebidas no alcoholicas y hielo','431211'),(16,'Comercio al por menor de carnes rojas','461121'),(17,'Comercio al por menor de carne de aves','461122'),(18,'Comercio al por menor de pescados y mariscos','461123'),(19,'Comercio al por menor de frutas y verduras frescas','461130'),(20,'Comercio al por menor de semillas y granos alimenticios, especias y chiles secos','461140'),(21,'Comercio al por menor de leche, otros productos lcteos y embutidos','461150'),(22,'Comercio al por menor de dulces y materias primas para reposteria','461160'),(23,'Comercio al por menor de paletas de hielo y helados','461170'),(24,'Comercio al por menor de otros alimentos','461190'),(25,'Comercio al por menor de vinos y licores','461211'),(26,'Comercio al por menor de bebidas no alcoholicas y hielo','461213'),(27,'Comercio al por menor en supermercados','462111'),(28,'Comercio al por menor en minisupers','462112'),(29,'Comercio al por menor de electrodomsticos menores y aparatos de linea blanca','466112'),(30,'Comercio al por menor de articulos para la limpieza','467115');
/*!40000 ALTER TABLE `rubro` ENABLE KEYS */;
UNLOCK TABLES;

--
-- Table structure for table `visita`
--

DROP TABLE IF EXISTS `visita`;
/*!40101 SET @saved_cs_client     = @@character_set_client */;
/*!40101 SET character_set_client = utf8 */;
CREATE TABLE `visita` (
  `idvisita` int(11) NOT NULL AUTO_INCREMENT,
  `codigoindividuo` varchar(90) NOT NULL DEFAULT '',
  `idnegocio` int(11) NOT NULL,
  `fechavisita` timestamp NOT NULL DEFAULT CURRENT_TIMESTAMP,
  `temperatura` varchar(5) DEFAULT NULL,
  PRIMARY KEY (`idvisita`) USING BTREE,
  KEY `FK_visita_individuo` (`codigoindividuo`),
  KEY `FK_visita_negocio` (`idnegocio`),
  CONSTRAINT `FK_visita_individuo` FOREIGN KEY (`codigoindividuo`) REFERENCES `individuo` (`codigo`),
  CONSTRAINT `FK_visita_negocio` FOREIGN KEY (`idnegocio`) REFERENCES `negocio` (`idnegocio`)
) ENGINE=InnoDB AUTO_INCREMENT=2030 DEFAULT CHARSET=utf8;
/*!40101 SET character_set_client = @saved_cs_client */;

--
-- Dumping data for table `visita`
--

LOCK TABLES `visita` WRITE;
/*!40000 ALTER TABLE `visita` DISABLE KEYS */;
INSERT INTO `visita` VALUES (857,'no identificado',7,'2020-11-30 12:47:30',NULL),(858,'no identificado',7,'2020-11-30 12:47:31',NULL),(859,'no identificado',7,'2020-11-30 12:47:32',NULL),(860,'no identificado',7,'2020-11-30 12:47:33',NULL),(861,'$2y$13$UWu48GMfiO.ekAFFAikjh.aA1YrqeeQBfwQa.yBNot2.j1L6Cpc.S',7,'2020-11-30 12:47:43',NULL),(862,'$2y$13$UWu48GMfiO.ekAFFAikjh.aA1YrqeeQBfwQa.yBNot2.j1L6Cpc.S',7,'2020-11-30 12:47:55',NULL),(863,'no identificado',7,'2020-11-30 12:47:57',NULL),(864,'no identificado',7,'2020-11-30 12:47:58',NULL),(865,'no identificado',7,'2020-11-30 12:47:58',NULL),(866,'no identificado',7,'2020-11-30 12:47:59',NULL),(867,'no identificado',7,'2020-11-30 12:48:01',NULL),(868,'no identificado',7,'2020-11-30 12:54:50',NULL),(869,'no identificado',7,'2020-11-30 12:54:52',NULL),(870,'no identificado',7,'2020-11-30 12:54:54',NULL),(871,'no identificado',1,'2020-11-30 12:56:02',NULL),(872,'no identificado',1,'2020-11-30 12:56:03',NULL),(873,'no identificado',1,'2020-11-30 12:56:04',NULL),(874,'$2y$13$UWu48GMfiO.ekAFFAikjh.aA1YrqeeQBfwQa.yBNot2.j1L6Cpc.S',1,'2020-11-30 12:56:22',NULL),(875,'no identificado',1,'2020-11-30 12:56:23',NULL),(876,'no identificado',1,'2020-11-30 13:09:16',NULL),(877,'$2y$13$UWu48GMfiO.ekAFFAikjh.aA1YrqeeQBfwQa.yBNot2.j1L6Cpc.S',1,'2020-11-30 13:09:31',NULL),(878,'no identificado',1,'2020-11-30 13:09:41',NULL),(879,'no identificado',1,'2020-11-30 13:09:42',NULL),(880,'no identificado',1,'2020-11-30 13:09:42',NULL),(881,'no identificado',1,'2020-11-30 13:09:43',NULL),(882,'no identificado',1,'2020-11-30 13:09:44',NULL),(883,'no identificado',1,'2020-11-30 13:09:44',NULL),(884,'no identificado',1,'2020-11-30 13:09:45',NULL),(885,'no identificado',1,'2020-11-30 13:09:46',NULL),(886,'no identificado',1,'2020-11-30 13:09:46',NULL),(887,'no identificado',1,'2020-11-30 13:09:47',NULL),(888,'no identificado',1,'2020-11-30 13:09:48',NULL),(889,'no identificado',1,'2020-11-30 13:09:49',NULL),(890,'no identificado',1,'2020-11-30 13:09:49',NULL),(891,'no identificado',1,'2020-11-30 13:13:06',NULL),(892,'no identificado',1,'2020-11-30 13:14:45',NULL),(893,'no identificado',1,'2020-11-30 13:19:14',NULL),(894,'no identificado',1,'2020-11-30 13:19:25',NULL),(895,'no identificado',1,'2020-11-30 13:19:29',NULL),(896,'no identificado',1,'2020-11-30 13:22:36',NULL),(897,'no identificado',1,'2020-11-30 13:22:39',NULL),(898,'$2y$13$iuN17UXMrKHSfROYqCa3fuEfeJ7fmVqCXEY0Dm6VB6uXWipjf5P8y',7,'2020-11-30 22:43:27',NULL),(899,'$2y$13$iuN17UXMrKHSfROYqCa3fuEfeJ7fmVqCXEY0Dm6VB6uXWipjf5P8y',7,'2020-11-30 22:43:27',NULL),(900,'$2y$13$iuN17UXMrKHSfROYqCa3fuEfeJ7fmVqCXEY0Dm6VB6uXWipjf5P8y',7,'2020-11-30 22:43:27',NULL),(901,'$2y$13$iuN17UXMrKHSfROYqCa3fuEfeJ7fmVqCXEY0Dm6VB6uXWipjf5P8y',7,'2020-11-30 22:43:27',NULL),(902,'$2y$13$iuN17UXMrKHSfROYqCa3fuEfeJ7fmVqCXEY0Dm6VB6uXWipjf5P8y',7,'2020-11-30 22:43:27',NULL),(903,'$2y$13$iuN17UXMrKHSfROYqCa3fuEfeJ7fmVqCXEY0Dm6VB6uXWipjf5P8y',7,'2020-11-30 22:50:27',NULL),(904,'$2y$13$iuN17UXMrKHSfROYqCa3fuEfeJ7fmVqCXEY0Dm6VB6uXWipjf5P8y',7,'2020-11-30 22:50:27',NULL),(905,'$2y$13$iuN17UXMrKHSfROYqCa3fuEfeJ7fmVqCXEY0Dm6VB6uXWipjf5P8y',7,'2020-11-30 22:50:27',NULL),(906,'$2y$13$iuN17UXMrKHSfROYqCa3fuEfeJ7fmVqCXEY0Dm6VB6uXWipjf5P8y',7,'2020-11-30 22:50:27',NULL),(907,'$2y$13$iuN17UXMrKHSfROYqCa3fuEfeJ7fmVqCXEY0Dm6VB6uXWipjf5P8y',7,'2020-11-30 22:50:27',NULL),(908,'$2y$13$iuN17UXMrKHSfROYqCa3fuEfeJ7fmVqCXEY0Dm6VB6uXWipjf5P8y',7,'2020-11-30 22:50:27',NULL),(909,'$2y$13$iuN17UXMrKHSfROYqCa3fuEfeJ7fmVqCXEY0Dm6VB6uXWipjf5P8y',7,'2020-11-30 22:50:27',NULL),(910,'$2y$13$iuN17UXMrKHSfROYqCa3fuEfeJ7fmVqCXEY0Dm6VB6uXWipjf5P8y',7,'2020-11-30 22:50:27',NULL),(911,'$2y$13$iuN17UXMrKHSfROYqCa3fuEfeJ7fmVqCXEY0Dm6VB6uXWipjf5P8y',7,'2020-11-30 22:50:27',NULL),(912,'$2y$13$iuN17UXMrKHSfROYqCa3fuEfeJ7fmVqCXEY0Dm6VB6uXWipjf5P8y',7,'2020-11-30 22:50:27',NULL),(913,'$2y$13$iuN17UXMrKHSfROYqCa3fuEfeJ7fmVqCXEY0Dm6VB6uXWipjf5P8y',7,'2020-11-30 22:52:27',NULL),(914,'$2y$13$iuN17UXMrKHSfROYqCa3fuEfeJ7fmVqCXEY0Dm6VB6uXWipjf5P8y',7,'2020-11-30 22:52:27',NULL),(915,'$2y$13$iuN17UXMrKHSfROYqCa3fuEfeJ7fmVqCXEY0Dm6VB6uXWipjf5P8y',7,'2020-11-30 23:12:27',NULL),(917,'$2y$13$iuN17UXMrKHSfROYqCa3fuEfeJ7fmVqCXEY0Dm6VB6uXWipjf5P8y',7,'2020-12-01 03:07:27',NULL),(918,'$2y$13$iuN17UXMrKHSfROYqCa3fuEfeJ7fmVqCXEY0Dm6VB6uXWipjf5P8y',7,'2020-12-01 03:07:27',NULL),(919,'$2y$13$iuN17UXMrKHSfROYqCa3fuEfeJ7fmVqCXEY0Dm6VB6uXWipjf5P8y',7,'2020-12-01 03:07:27',NULL),(920,'$2y$13$iuN17UXMrKHSfROYqCa3fuEfeJ7fmVqCXEY0Dm6VB6uXWipjf5P8y',7,'2020-12-01 03:07:27',NULL),(921,'$2y$13$iuN17UXMrKHSfROYqCa3fuEfeJ7fmVqCXEY0Dm6VB6uXWipjf5P8y',7,'2020-12-01 03:07:27',NULL),(922,'$2y$13$iuN17UXMrKHSfROYqCa3fuEfeJ7fmVqCXEY0Dm6VB6uXWipjf5P8y',7,'2020-12-01 03:07:27',NULL),(923,'$2y$13$iuN17UXMrKHSfROYqCa3fuEfeJ7fmVqCXEY0Dm6VB6uXWipjf5P8y',7,'2020-12-01 03:07:27',NULL),(924,'$2y$13$iuN17UXMrKHSfROYqCa3fuEfeJ7fmVqCXEY0Dm6VB6uXWipjf5P8y',7,'2020-12-01 03:07:27',NULL),(925,'$2y$13$iuN17UXMrKHSfROYqCa3fuEfeJ7fmVqCXEY0Dm6VB6uXWipjf5P8y',7,'2020-12-01 03:07:27',NULL),(926,'$2y$13$iuN17UXMrKHSfROYqCa3fuEfeJ7fmVqCXEY0Dm6VB6uXWipjf5P8y',7,'2020-12-01 03:07:27',NULL),(927,'$2y$13$iuN17UXMrKHSfROYqCa3fuEfeJ7fmVqCXEY0Dm6VB6uXWipjf5P8y',7,'2020-12-01 03:07:27',NULL),(928,'$2y$13$iuN17UXMrKHSfROYqCa3fuEfeJ7fmVqCXEY0Dm6VB6uXWipjf5P8y',7,'2020-12-01 05:12:45',NULL),(929,'$2y$13$XEIi7/16O7gY9.g4yn/CtutuadkvGwDDhCmieiKOqe2NGGL5Kxt4O',7,'2020-12-01 05:13:19',NULL),(930,'no identificado',1,'2020-12-01 16:59:05',NULL),(931,'no identificado',1,'2020-12-01 16:59:06',NULL),(932,'$2y$13$XEIi7/16O7gY9.g4yn/CtutuadkvGwDDhCmieiKOqe2NGGL5Kxt4O',1,'2020-12-01 16:59:20',NULL),(933,'no identificado',1,'2020-12-01 16:59:23',NULL),(934,'no identificado',1,'2020-12-01 16:59:24',NULL),(935,'$2y$13$XEIi7/16O7gY9.g4yn/CtutuadkvGwDDhCmieiKOqe2NGGL5Kxt4O',1,'2020-12-01 16:59:31',NULL),(936,'no identificado',1,'2020-12-01 16:59:32',NULL),(937,'no identificado',1,'2020-12-01 16:59:33',NULL),(938,'no identificado',1,'2020-12-01 16:59:34',NULL),(939,'no identificado',1,'2020-12-01 16:59:34',NULL),(940,'no identificado',1,'2020-12-01 16:59:35',NULL),(941,'no identificado',1,'2020-12-01 16:59:36',NULL),(942,'no identificado',1,'2020-12-01 16:59:37',NULL),(943,'no identificado',1,'2020-12-01 16:59:37',NULL),(944,'no identificado',1,'2020-12-01 16:59:38',NULL),(945,'$2y$13$XEIi7/16O7gY9.g4yn/CtutuadkvGwDDhCmieiKOqe2NGGL5Kxt4O',7,'2020-12-01 23:34:36',NULL),(946,'$2y$13$XEIi7/16O7gY9.g4yn/CtutuadkvGwDDhCmieiKOqe2NGGL5Kxt4O',7,'2020-12-01 23:34:41',NULL),(947,'no identificado',7,'2020-12-01 23:34:45',NULL),(948,'no identificado',7,'2020-12-01 23:34:47',NULL),(949,'no identificado',7,'2020-12-01 23:34:47',NULL),(950,'no identificado',7,'2020-12-01 23:34:47',NULL),(951,'no identificado',7,'2020-12-01 23:34:47',NULL),(952,'no identificado',7,'2020-12-01 23:34:47',NULL),(953,'no identificado',7,'2020-12-01 23:34:51',NULL),(954,'no identificado',7,'2020-12-01 23:34:51',NULL),(955,'no identificado',7,'2020-12-01 23:34:59',NULL),(956,'no identificado',7,'2020-12-01 23:35:00',NULL),(957,'$2y$13$XEIi7/16O7gY9.g4yn/CtutuadkvGwDDhCmieiKOqe2NGGL5Kxt4O',7,'2020-12-01 23:42:04',NULL),(958,'$2y$13$XEIi7/16O7gY9.g4yn/CtutuadkvGwDDhCmieiKOqe2NGGL5Kxt4O',7,'2020-12-01 23:42:09',NULL),(959,'$2y$13$XEIi7/16O7gY9.g4yn/CtutuadkvGwDDhCmieiKOqe2NGGL5Kxt4O',7,'2020-12-01 23:42:14',NULL),(960,'$2y$13$XEIi7/16O7gY9.g4yn/CtutuadkvGwDDhCmieiKOqe2NGGL5Kxt4O',7,'2020-12-01 23:42:19',NULL),(961,'no identificado',7,'2020-12-01 23:42:53',NULL),(962,'no identificado',7,'2020-12-01 23:42:58',NULL),(963,'no identificado',7,'2020-12-01 23:42:58',NULL),(964,'no identificado',7,'2020-12-01 23:42:58',NULL),(965,'no identificado',7,'2020-12-01 23:42:58',NULL),(966,'no identificado',7,'2020-12-01 23:42:58',NULL),(967,'no identificado',7,'2020-12-01 23:42:58',NULL),(968,'no identificado',7,'2020-12-01 23:43:00',NULL),(969,'no identificado',7,'2020-12-01 23:43:00',NULL),(970,'no identificado',7,'2020-12-01 23:43:00',NULL),(971,'no identificado',7,'2020-12-01 23:43:00',NULL),(972,'$2y$13$iuN17UXMrKHSfROYqCa3fuEfeJ7fmVqCXEY0Dm6VB6uXWipjf5P8y',7,'2020-12-02 04:18:27',NULL),(973,'$2y$13$iuN17UXMrKHSfROYqCa3fuEfeJ7fmVqCXEY0Dm6VB6uXWipjf5P8y',7,'2020-12-02 04:18:27',NULL),(974,'$2y$13$iuN17UXMrKHSfROYqCa3fuEfeJ7fmVqCXEY0Dm6VB6uXWipjf5P8y',7,'2020-12-02 04:18:27',NULL),(975,'$2y$13$iuN17UXMrKHSfROYqCa3fuEfeJ7fmVqCXEY0Dm6VB6uXWipjf5P8y',7,'2020-12-02 04:18:27',NULL),(976,'$2y$13$iuN17UXMrKHSfROYqCa3fuEfeJ7fmVqCXEY0Dm6VB6uXWipjf5P8y',7,'2020-12-02 04:18:27',NULL),(977,'$2y$13$iuN17UXMrKHSfROYqCa3fuEfeJ7fmVqCXEY0Dm6VB6uXWipjf5P8y',7,'2020-12-02 04:18:27',NULL),(978,'$2y$13$iuN17UXMrKHSfROYqCa3fuEfeJ7fmVqCXEY0Dm6VB6uXWipjf5P8y',7,'2020-12-02 04:18:27',NULL),(979,'$2y$13$iuN17UXMrKHSfROYqCa3fuEfeJ7fmVqCXEY0Dm6VB6uXWipjf5P8y',7,'2020-12-02 04:30:00',NULL),(980,'$2y$13$iuN17UXMrKHSfROYqCa3fuEfeJ7fmVqCXEY0Dm6VB6uXWipjf5P8y',7,'2020-12-02 04:30:00',NULL),(981,'$2y$13$iuN17UXMrKHSfROYqCa3fuEfeJ7fmVqCXEY0Dm6VB6uXWipjf5P8y',7,'2020-12-02 04:37:00',NULL),(982,'$2y$13$iuN17UXMrKHSfROYqCa3fuEfeJ7fmVqCXEY0Dm6VB6uXWipjf5P8y',7,'2020-12-02 04:37:00',NULL),(983,'$2y$13$iuN17UXMrKHSfROYqCa3fuEfeJ7fmVqCXEY0Dm6VB6uXWipjf5P8y',7,'2020-12-02 04:37:00',NULL),(984,'$2y$13$iuN17UXMrKHSfROYqCa3fuEfeJ7fmVqCXEY0Dm6VB6uXWipjf5P8y',7,'2020-12-02 04:37:00',NULL),(985,'$2y$13$iuN17UXMrKHSfROYqCa3fuEfeJ7fmVqCXEY0Dm6VB6uXWipjf5P8y',7,'2020-12-02 04:37:00',NULL),(986,'$2y$13$iuN17UXMrKHSfROYqCa3fuEfeJ7fmVqCXEY0Dm6VB6uXWipjf5P8y',7,'2020-12-02 04:37:00',NULL),(987,'$2y$13$iuN17UXMrKHSfROYqCa3fuEfeJ7fmVqCXEY0Dm6VB6uXWipjf5P8y',7,'2020-12-02 04:37:00',NULL),(988,'$2y$13$iuN17UXMrKHSfROYqCa3fuEfeJ7fmVqCXEY0Dm6VB6uXWipjf5P8y',7,'2020-12-02 04:37:00',NULL),(989,'$2y$13$iuN17UXMrKHSfROYqCa3fuEfeJ7fmVqCXEY0Dm6VB6uXWipjf5P8y',7,'2020-12-02 04:37:00',NULL),(990,'$2y$13$iuN17UXMrKHSfROYqCa3fuEfeJ7fmVqCXEY0Dm6VB6uXWipjf5P8y',7,'2020-12-02 04:37:00',NULL),(991,'$2y$13$iuN17UXMrKHSfROYqCa3fuEfeJ7fmVqCXEY0Dm6VB6uXWipjf5P8y',7,'2020-12-02 04:37:00',NULL),(992,'no identificado',7,'2020-12-03 22:34:19',NULL),(993,'no identificado',7,'2020-12-03 22:34:32',NULL),(994,'$2y$13$XEIi7/16O7gY9.g4yn/CtutuadkvGwDDhCmieiKOqe2NGGL5Kxt4O',7,'2020-12-03 23:36:03',NULL),(995,'no identificado',7,'2020-12-03 23:36:04',NULL),(996,'no identificado',7,'2020-12-03 23:36:05',NULL),(997,'no identificado',7,'2020-12-03 23:36:05',NULL),(998,'no identificado',7,'2020-12-03 23:36:06',NULL),(999,'no identificado',7,'2020-12-03 23:36:06',NULL),(1000,'no identificado',7,'2020-12-03 23:36:06',NULL),(1001,'no identificado',7,'2020-12-03 23:36:06',NULL),(1002,'no identificado',7,'2020-12-03 23:36:07',NULL),(1003,'no identificado',7,'2020-12-03 23:36:07',NULL),(1004,'no identificado',7,'2020-12-03 23:36:07',NULL),(1005,'no identificado',7,'2020-12-03 23:36:07',NULL),(1006,'no identificado',7,'2020-12-03 23:54:58',NULL),(1007,'no identificado',7,'2020-12-03 23:55:13',NULL),(1008,'no identificado',7,'2020-12-04 21:37:58',NULL),(1009,'no identificado',7,'2020-12-04 21:37:59',NULL),(1010,'no identificado',7,'2020-12-04 21:38:00',NULL),(1011,'no identificado',7,'2020-12-04 21:38:01',NULL),(1012,'no identificado',7,'2020-12-04 21:38:01',NULL),(1013,'no identificado',7,'2020-12-04 21:38:02',NULL),(1014,'no identificado',7,'2020-12-04 21:38:02',NULL),(1015,'no identificado',7,'2020-12-04 21:38:03',NULL),(1016,'no identificado',7,'2020-12-05 16:56:01',NULL),(1017,'no identificado',7,'2020-12-05 16:56:02',NULL),(1018,'no identificado',7,'2020-12-05 16:56:02',NULL),(1019,'no identificado',7,'2020-12-05 16:56:02',NULL),(1020,'no identificado',7,'2020-12-05 16:56:03',NULL),(1021,'no identificado',7,'2020-12-05 16:56:03',NULL),(1022,'no identificado',7,'2020-12-05 16:56:03',NULL),(1023,'no identificado',7,'2020-12-05 16:56:04',NULL),(1024,'no identificado',7,'2020-12-05 16:56:04',NULL),(1025,'no identificado',7,'2020-12-05 16:56:04',NULL),(1026,'no identificado',7,'2020-12-05 16:56:04',NULL),(1027,'no identificado',7,'2020-12-05 16:56:05',NULL),(1028,'no identificado',7,'2020-12-05 16:56:05',NULL),(1029,'$2y$13$R2Bh6pN4vZ1Fe09QEOATTeuZfXHexUXqcEHPCgstKh5Q6FBOCkjcy',7,'2020-12-05 16:56:42',NULL),(1030,'no identificado',7,'2020-12-05 17:03:43',NULL),(1031,'no identificado',7,'2020-12-07 01:01:06',NULL),(1032,'no identificado',7,'2020-12-07 01:01:11',NULL),(1033,'no identificado',7,'2020-12-07 01:01:11',NULL),(1034,'no identificado',7,'2020-12-07 01:01:11',NULL),(1035,'no identificado',7,'2020-12-07 01:01:11',NULL),(1036,'no identificado',7,'2020-12-07 01:01:11',NULL),(1037,'no identificado',7,'2020-12-07 01:01:11',NULL),(1038,'no identificado',7,'2020-12-07 01:01:12',NULL),(1039,'no identificado',7,'2020-12-07 01:01:12',NULL),(1040,'no identificado',7,'2020-12-07 01:01:13',NULL),(1041,'no identificado',7,'2020-12-07 01:01:13',NULL),(1042,'no identificado',7,'2020-12-07 01:24:31',NULL),(1043,'no identificado',7,'2020-12-07 02:46:00',NULL),(1044,'no identificado',7,'2020-12-07 02:46:01',NULL),(1045,'no identificado',7,'2020-12-07 02:46:01',NULL),(1046,'no identificado',7,'2020-12-07 02:46:01',NULL),(1047,'no identificado',7,'2020-12-07 02:46:02',NULL),(1048,'no identificado',7,'2020-12-07 02:46:02',NULL),(1049,'no identificado',7,'2020-12-07 02:46:02',NULL),(1050,'no identificado',7,'2020-12-07 02:46:03',NULL),(1051,'no identificado',7,'2020-12-07 02:46:03',NULL),(1052,'no identificado',7,'2020-12-07 02:46:03',NULL),(1053,'$2y$13$GPslbP0Tzalg3bxfJ9PB2edl2RjLn2W/mfju1piYisk6WcMgTGD.i',7,'2020-12-07 02:46:09',NULL),(1054,'no identificado',7,'2020-12-07 02:46:10',NULL),(1055,'no identificado',7,'2020-12-07 02:46:10',NULL),(1056,'$2y$13$GPslbP0Tzalg3bxfJ9PB2edl2RjLn2W/mfju1piYisk6WcMgTGD.i',7,'2020-12-07 02:46:10',NULL),(1057,'no identificado',7,'2020-12-07 02:55:10',NULL),(1058,'no identificado',7,'2020-12-07 02:55:11',NULL),(1059,'no identificado',7,'2020-12-07 02:55:11',NULL),(1060,'no identificado',7,'2020-12-07 02:55:11',NULL),(1061,'no identificado',7,'2020-12-07 02:55:11',NULL),(1062,'no identificado',7,'2020-12-07 02:55:12',NULL),(1063,'no identificado',7,'2020-12-07 02:55:12',NULL),(1064,'no identificado',7,'2020-12-07 02:55:12',NULL),(1065,'no identificado',7,'2020-12-07 02:55:12',NULL),(1066,'no identificado',7,'2020-12-07 02:55:12',NULL),(1067,'$2y$13$GPslbP0Tzalg3bxfJ9PB2edl2RjLn2W/mfju1piYisk6WcMgTGD.i',7,'2020-12-07 02:55:47',NULL),(1068,'no identificado',7,'2020-12-07 02:55:50',NULL),(1069,'no identificado',7,'2020-12-07 04:02:27',NULL),(1070,'no identificado',7,'2020-12-07 04:02:29',NULL),(1071,'no identificado',7,'2020-12-07 04:02:39',NULL),(1072,'no identificado',7,'2020-12-07 04:02:44',NULL),(1073,'no identificado',7,'2020-12-07 04:02:51',NULL),(1074,'$2y$13$6tGoefA4BpDloucG4cloDOZTKWMRiBZFFlqGteVyefqWLW6yFZVmS',7,'2020-12-07 04:03:10',NULL),(1075,'no identificado',7,'2020-12-07 04:03:31',NULL),(1076,'$2y$13$6tGoefA4BpDloucG4cloDOZTKWMRiBZFFlqGteVyefqWLW6yFZVmS',7,'2020-12-07 04:03:53',NULL),(1077,'no identificado',7,'2020-12-07 04:04:55',NULL),(1078,'$2y$13$6tGoefA4BpDloucG4cloDOZTKWMRiBZFFlqGteVyefqWLW6yFZVmS',7,'2020-12-07 04:05:19',NULL),(1079,'$2y$13$6tGoefA4BpDloucG4cloDOZTKWMRiBZFFlqGteVyefqWLW6yFZVmS',7,'2020-12-07 04:05:19',NULL),(1080,'no identificado',7,'2020-12-07 04:06:05',NULL),(1081,'$2y$13$6tGoefA4BpDloucG4cloDOZTKWMRiBZFFlqGteVyefqWLW6yFZVmS',7,'2020-12-07 04:06:33',NULL),(1082,'no identificado',7,'2020-12-07 04:07:04',NULL),(1083,'$2y$13$6tGoefA4BpDloucG4cloDOZTKWMRiBZFFlqGteVyefqWLW6yFZVmS',7,'2020-12-07 04:08:13',NULL),(1084,'no identificado',7,'2020-12-07 04:08:58',NULL),(1085,'no identificado',7,'2020-12-07 04:08:59',NULL),(1086,'no identificado',7,'2020-12-07 04:08:59',NULL),(1087,'no identificado',7,'2020-12-07 04:09:00',NULL),(1088,'no identificado',7,'2020-12-07 04:09:01',NULL),(1089,'no identificado',7,'2020-12-07 04:09:02',NULL),(1090,'$2y$13$6tGoefA4BpDloucG4cloDOZTKWMRiBZFFlqGteVyefqWLW6yFZVmS',7,'2020-12-07 04:09:37',NULL),(1091,'no identificado',7,'2020-12-07 04:10:38',NULL),(1092,'no identificado',7,'2020-12-07 04:10:43',NULL),(1093,'no identificado',7,'2020-12-07 04:11:18',NULL),(1094,'no identificado',7,'2020-12-07 04:11:46',NULL),(1095,'$2y$13$6tGoefA4BpDloucG4cloDOZTKWMRiBZFFlqGteVyefqWLW6yFZVmS',7,'2020-12-07 04:12:03',NULL),(1096,'no identificado',7,'2020-12-07 04:13:14',NULL),(1097,'no identificado',7,'2020-12-07 04:13:24',NULL),(1098,'$2y$13$6tGoefA4BpDloucG4cloDOZTKWMRiBZFFlqGteVyefqWLW6yFZVmS',7,'2020-12-07 04:14:02',NULL),(1099,'no identificado',7,'2020-12-07 04:14:04',NULL),(1100,'no identificado',7,'2020-12-07 04:14:09',NULL),(1101,'no identificado',7,'2020-12-07 04:14:10',NULL),(1102,'no identificado',7,'2020-12-07 04:14:11',NULL),(1103,'no identificado',7,'2020-12-07 04:14:57',NULL),(1104,'no identificado',7,'2020-12-07 04:15:02',NULL),(1105,'no identificado',7,'2020-12-07 04:15:21',NULL),(1106,'no identificado',7,'2020-12-07 04:15:39',NULL),(1107,'no identificado',7,'2020-12-07 04:15:55',NULL),(1108,'no identificado',7,'2020-12-07 04:16:18',NULL),(1109,'no identificado',7,'2020-12-07 04:17:14',NULL),(1110,'no identificado',7,'2020-12-07 04:17:57',NULL),(1111,'no identificado',7,'2020-12-07 04:18:40',NULL),(1112,'no identificado',7,'2020-12-07 04:18:40',NULL),(1113,'no identificado',7,'2020-12-07 04:18:40',NULL),(1114,'no identificado',7,'2020-12-07 04:19:20',NULL),(1115,'no identificado',7,'2020-12-07 04:19:20',NULL),(1116,'no identificado',7,'2020-12-07 04:19:22',NULL),(1117,'$2y$13$6tGoefA4BpDloucG4cloDOZTKWMRiBZFFlqGteVyefqWLW6yFZVmS',7,'2020-12-07 04:19:36',NULL),(1118,'no identificado',7,'2020-12-07 04:20:11',NULL),(1119,'no identificado',7,'2020-12-07 04:20:14',NULL),(1120,'no identificado',7,'2020-12-07 04:20:33',NULL),(1121,'no identificado',7,'2020-12-07 04:20:34',NULL),(1122,'no identificado',7,'2020-12-07 04:20:36',NULL),(1123,'no identificado',7,'2020-12-07 04:20:36',NULL),(1124,'no identificado',7,'2020-12-07 04:21:16',NULL),(1125,'no identificado',7,'2020-12-07 04:21:45',NULL),(1126,'no identificado',7,'2020-12-07 04:22:22',NULL),(1127,'no identificado',7,'2020-12-07 04:22:25',NULL),(1128,'no identificado',7,'2020-12-07 04:23:33',NULL),(1129,'no identificado',7,'2020-12-07 04:23:46',NULL),(1130,'no identificado',7,'2020-12-07 04:24:43',NULL),(1131,'no identificado',7,'2020-12-07 04:24:50',NULL),(1132,'$2y$13$6tGoefA4BpDloucG4cloDOZTKWMRiBZFFlqGteVyefqWLW6yFZVmS',7,'2020-12-07 04:24:56',NULL),(1133,'no identificado',7,'2020-12-07 04:25:45',NULL),(1134,'no identificado',7,'2020-12-07 04:25:47',NULL),(1135,'no identificado',7,'2020-12-07 04:25:47',NULL),(1136,'no identificado',7,'2020-12-07 04:25:48',NULL),(1137,'no identificado',7,'2020-12-07 04:25:49',NULL),(1138,'no identificado',7,'2020-12-07 04:25:53',NULL),(1139,'no identificado',7,'2020-12-07 04:25:54',NULL),(1140,'no identificado',7,'2020-12-07 04:25:55',NULL),(1141,'no identificado',7,'2020-12-07 04:25:55',NULL),(1142,'no identificado',7,'2020-12-07 04:26:20',NULL),(1143,'no identificado',7,'2020-12-07 04:26:27',NULL),(1144,'no identificado',7,'2020-12-07 04:27:40',NULL),(1145,'no identificado',7,'2020-12-07 04:28:20',NULL),(1146,'no identificado',7,'2020-12-07 23:44:42',NULL),(1147,'no identificado',7,'2020-12-07 23:44:42',NULL),(1148,'no identificado',7,'2020-12-07 23:44:42',NULL),(1149,'$2y$13$6tGoefA4BpDloucG4cloDOZTKWMRiBZFFlqGteVyefqWLW6yFZVmS',7,'2020-12-07 23:44:49',NULL),(1150,'no identificado',7,'2020-12-07 23:44:50',NULL),(1151,'no identificado',7,'2020-12-07 23:44:51',NULL),(1152,'no identificado',7,'2020-12-07 23:44:52',NULL),(1153,'no identificado',7,'2020-12-07 23:45:53',NULL),(1154,'no identificado',7,'2020-12-07 23:45:54',NULL),(1155,'no identificado',7,'2020-12-07 23:45:55',NULL),(1156,'no identificado',7,'2020-12-07 23:45:56',NULL),(1157,'no identificado',7,'2020-12-07 23:49:07',NULL),(1158,'no identificado',7,'2020-12-08 03:06:03',NULL),(1159,'no identificado',7,'2020-12-08 03:06:06',NULL),(1160,'no identificado',7,'2020-12-08 03:06:18',NULL),(1161,'no identificado',7,'2020-12-08 03:06:18',NULL),(1162,'no identificado',7,'2020-12-08 03:06:18',NULL),(1163,'no identificado',7,'2020-12-08 03:06:18',NULL),(1164,'no identificado',7,'2020-12-08 03:06:19',NULL),(1165,'no identificado',7,'2020-12-08 03:06:19',NULL),(1166,'no identificado',7,'2020-12-08 03:06:28',NULL),(1167,'no identificado',7,'2020-12-08 03:06:28',NULL),(1168,'no identificado',7,'2020-12-08 03:06:28',NULL),(1169,'no identificado',7,'2020-12-09 23:57:03',NULL),(1170,'no identificado',7,'2020-12-09 23:56:23','36'),(1171,'no identificado',7,'2020-12-09 23:56:31','36'),(1172,'no identificado',7,'2020-12-09 23:56:33','36'),(1173,'no identificado',7,'2020-12-09 23:56:39','36'),(1174,'no identificado',7,'2020-12-09 23:56:28','36'),(1175,'no identificado',23,'2020-12-10 00:01:23',NULL),(1176,'no identificado',23,'2020-12-10 00:01:24',NULL),(1177,'no identificado',23,'2020-12-10 00:01:44',NULL),(1178,'no identificado',23,'2020-12-10 00:01:54',NULL),(1179,'no identificado',23,'2020-12-10 00:01:54',NULL),(1180,'no identificado',23,'2020-12-10 00:02:39',NULL),(1181,'no identificado',23,'2020-12-10 00:02:39',NULL),(1182,'no identificado',23,'2020-12-10 00:02:44',NULL),(1183,'no identificado',23,'2020-12-10 00:02:44',NULL),(1184,'no identificado',23,'2020-12-10 00:02:48',NULL),(1185,'no identificado',23,'2020-12-10 00:02:48',NULL),(1186,'no identificado',23,'2020-12-10 00:02:49',NULL),(1187,'no identificado',7,'2020-12-10 00:08:45',NULL),(1188,'no identificado',7,'2020-12-10 00:09:03',NULL),(1189,'no identificado',7,'2020-12-10 00:09:05',NULL),(1190,'no identificado',7,'2020-12-10 00:09:13',NULL),(1191,'no identificado',7,'2020-12-10 00:09:15',NULL),(1192,'no identificado',7,'2020-12-10 00:33:31',NULL),(1193,'no identificado',7,'2020-12-10 00:33:36',NULL),(1194,'no identificado',7,'2020-12-10 00:33:36',NULL),(1195,'no identificado',7,'2020-12-10 00:33:37',NULL),(1196,'no identificado',7,'2020-12-10 00:33:39',NULL),(1197,'no identificado',7,'2020-12-10 00:33:39',NULL),(1198,'no identificado',7,'2020-12-10 00:33:40',NULL),(1199,'no identificado',7,'2020-12-10 00:33:40',NULL),(1200,'no identificado',7,'2020-12-10 00:33:41',NULL),(1201,'no identificado',7,'2020-12-10 00:33:42',NULL),(1202,'no identificado',7,'2020-12-10 00:33:47',NULL),(1203,'no identificado',7,'2020-12-10 00:33:51',NULL),(1204,'no identificado',7,'2020-12-10 00:33:53',NULL),(1205,'no identificado',7,'2020-12-10 00:37:07',NULL),(1206,'no identificado',7,'2020-12-10 00:37:08',NULL),(1207,'no identificado',7,'2020-12-10 00:37:10',NULL),(1208,'no identificado',7,'2020-12-10 00:37:11',NULL),(1209,'no identificado',7,'2020-12-10 00:37:12',NULL),(1210,'no identificado',7,'2020-12-10 00:38:53',NULL),(1211,'no identificado',7,'2020-12-10 00:39:08',NULL),(1212,'no identificado',7,'2020-12-10 00:41:25',NULL),(1213,'no identificado',7,'2020-12-10 00:41:26',NULL),(1214,'no identificado',7,'2020-12-10 00:41:27',NULL),(1215,'no identificado',7,'2020-12-10 00:41:29',NULL),(1216,'no identificado',7,'2020-12-10 00:41:30',NULL),(1217,'no identificado',7,'2020-12-10 00:52:11',NULL),(1218,'no identificado',7,'2020-12-10 00:52:11',NULL),(1219,'no identificado',7,'2020-12-10 00:52:11',NULL),(1220,'no identificado',7,'2020-12-10 00:52:12',NULL),(1221,'no identificado',7,'2020-12-10 00:52:12',NULL),(1222,'no identificado',7,'2020-12-10 00:53:23',NULL),(1223,'no identificado',7,'2020-12-10 00:53:23',NULL),(1224,'no identificado',7,'2020-12-10 00:53:23',NULL),(1225,'no identificado',7,'2020-12-10 00:53:23',NULL),(1226,'no identificado',7,'2020-12-10 00:53:24',NULL),(1227,'no identificado',7,'2020-12-10 00:56:51',NULL),(1228,'no identificado',7,'2020-12-10 00:56:52',NULL),(1229,'no identificado',7,'2020-12-10 00:56:53',NULL),(1230,'no identificado',7,'2020-12-10 00:56:54',NULL),(1231,'no identificado',7,'2020-12-10 00:56:56',NULL),(1232,'no identificado',7,'2020-12-10 00:57:51',NULL),(1233,'no identificado',7,'2020-12-10 00:57:53',NULL),(1234,'no identificado',7,'2020-12-10 00:57:58',NULL),(1235,'no identificado',7,'2020-12-10 00:58:03',NULL),(1236,'no identificado',7,'2020-12-10 00:58:08',NULL),(1237,'no identificado',7,'2020-12-10 00:58:45',NULL),(1238,'no identificado',7,'2020-12-10 00:58:46',NULL),(1239,'no identificado',7,'2020-12-10 00:58:48',NULL),(1240,'no identificado',7,'2020-12-10 00:58:49',NULL),(1241,'no identificado',7,'2020-12-10 00:58:50',NULL),(1242,'no identificado',7,'2020-12-10 00:59:36',NULL),(1243,'no identificado',7,'2020-12-10 00:59:37',NULL),(1244,'no identificado',7,'2020-12-10 00:59:38',NULL),(1245,'no identificado',7,'2020-12-10 00:59:39',NULL),(1246,'no identificado',7,'2020-12-10 00:59:41',NULL),(1247,'no identificado',7,'2020-12-10 01:00:32',NULL),(1248,'no identificado',7,'2020-12-10 01:00:33',NULL),(1249,'no identificado',7,'2020-12-10 01:00:35',NULL),(1250,'no identificado',7,'2020-12-10 01:00:36',NULL),(1251,'no identificado',7,'2020-12-10 01:00:37',NULL),(1252,'no identificado',7,'2020-12-10 01:01:25',NULL),(1253,'no identificado',7,'2020-12-10 01:01:26',NULL),(1254,'no identificado',7,'2020-12-10 01:01:27',NULL),(1255,'no identificado',7,'2020-12-10 01:01:29',NULL),(1256,'no identificado',7,'2020-12-10 01:01:30',NULL),(1257,'no identificado',7,'2020-12-10 01:02:21',NULL),(1258,'no identificado',7,'2020-12-10 01:02:26',NULL),(1259,'no identificado',7,'2020-12-10 01:02:26',NULL),(1260,'no identificado',7,'2020-12-10 01:02:26',NULL),(1261,'no identificado',7,'2020-12-10 01:02:31',NULL),(1262,'no identificado',7,'2020-12-10 01:03:13',NULL),(1263,'no identificado',7,'2020-12-10 01:03:14',NULL),(1264,'no identificado',7,'2020-12-10 01:03:15',NULL),(1265,'no identificado',7,'2020-12-10 01:03:17',NULL),(1266,'no identificado',7,'2020-12-10 01:03:18',NULL),(1267,'no identificado',7,'2020-12-10 01:04:09',NULL),(1268,'no identificado',7,'2020-12-10 01:04:10',NULL),(1269,'no identificado',7,'2020-12-10 01:04:11',NULL),(1270,'no identificado',7,'2020-12-10 01:04:13',NULL),(1271,'no identificado',7,'2020-12-10 01:04:19',NULL),(1272,'no identificado',7,'2020-12-10 01:05:01',NULL),(1273,'no identificado',7,'2020-12-10 01:05:02',NULL),(1274,'no identificado',7,'2020-12-10 01:05:03',NULL),(1275,'no identificado',7,'2020-12-10 01:05:05',NULL),(1276,'no identificado',7,'2020-12-10 01:05:06',NULL),(1277,'no identificado',7,'2020-12-10 01:07:56',NULL),(1278,'no identificado',7,'2020-12-10 01:07:57',NULL),(1279,'no identificado',7,'2020-12-10 01:07:59',NULL),(1280,'no identificado',7,'2020-12-10 01:07:59',NULL),(1281,'no identificado',7,'2020-12-10 01:08:01',NULL),(1282,'no identificado',7,'2020-12-10 01:08:51',NULL),(1283,'no identificado',7,'2020-12-10 01:08:52',NULL),(1284,'no identificado',7,'2020-12-10 01:08:53',NULL),(1285,'no identificado',7,'2020-12-10 01:08:54',NULL),(1286,'no identificado',7,'2020-12-10 01:08:56',NULL),(1287,'no identificado',7,'2020-12-10 01:09:51',NULL),(1288,'no identificado',7,'2020-12-10 01:09:51',NULL),(1289,'no identificado',7,'2020-12-10 01:09:51',NULL),(1290,'no identificado',7,'2020-12-10 01:09:51',NULL),(1291,'no identificado',7,'2020-12-10 01:09:51',NULL),(1292,'no identificado',7,'2020-12-10 01:10:45',NULL),(1293,'no identificado',7,'2020-12-10 01:10:46',NULL),(1294,'no identificado',7,'2020-12-10 01:10:47',NULL),(1295,'no identificado',7,'2020-12-10 01:10:53',NULL),(1296,'no identificado',7,'2020-12-10 01:10:53',NULL),(1297,'no identificado',7,'2020-12-10 01:11:38',NULL),(1298,'no identificado',7,'2020-12-10 01:11:39',NULL),(1299,'no identificado',7,'2020-12-10 01:11:45',NULL),(1300,'no identificado',7,'2020-12-10 01:11:55',NULL),(1301,'no identificado',7,'2020-12-10 01:11:55',NULL),(1302,'no identificado',7,'2020-12-10 01:12:35',NULL),(1303,'no identificado',7,'2020-12-10 01:12:36',NULL),(1304,'no identificado',7,'2020-12-10 01:12:37',NULL),(1305,'no identificado',7,'2020-12-10 01:12:39',NULL),(1306,'no identificado',7,'2020-12-10 01:12:40',NULL),(1307,'no identificado',7,'2020-12-10 01:13:30',NULL),(1308,'no identificado',7,'2020-12-10 01:13:31',NULL),(1309,'no identificado',7,'2020-12-10 01:13:37',NULL),(1310,'no identificado',7,'2020-12-10 01:13:43',NULL),(1311,'no identificado',7,'2020-12-10 01:13:43',NULL),(1312,'no identificado',7,'2020-12-10 01:14:31',NULL),(1313,'no identificado',7,'2020-12-10 01:14:32',NULL),(1314,'no identificado',7,'2020-12-10 01:14:34',NULL),(1315,'no identificado',7,'2020-12-10 01:14:35',NULL),(1316,'no identificado',7,'2020-12-10 01:14:36',NULL),(1317,'no identificado',7,'2020-12-10 01:15:27',NULL),(1318,'no identificado',7,'2020-12-10 01:15:28',NULL),(1319,'no identificado',7,'2020-12-10 01:15:30',NULL),(1320,'no identificado',7,'2020-12-10 01:15:31',NULL),(1321,'no identificado',7,'2020-12-10 01:15:32',NULL),(1322,'no identificado',7,'2020-12-10 01:16:48',NULL),(1323,'no identificado',7,'2020-12-10 01:16:48',NULL),(1324,'no identificado',7,'2020-12-10 01:16:48',NULL),(1325,'no identificado',7,'2020-12-10 01:16:53',NULL),(1326,'no identificado',7,'2020-12-10 01:16:53',NULL),(1327,'no identificado',7,'2020-12-10 01:17:39',NULL),(1328,'no identificado',7,'2020-12-10 01:17:39',NULL),(1329,'no identificado',7,'2020-12-10 01:17:41',NULL),(1330,'no identificado',7,'2020-12-10 01:17:42',NULL),(1331,'no identificado',7,'2020-12-10 01:17:43',NULL),(1332,'no identificado',7,'2020-12-10 01:18:32',NULL),(1333,'no identificado',7,'2020-12-10 01:18:33',NULL),(1334,'no identificado',7,'2020-12-10 01:18:35',NULL),(1335,'no identificado',7,'2020-12-10 01:18:36',NULL),(1336,'no identificado',7,'2020-12-10 01:18:37',NULL),(1337,'no identificado',7,'2020-12-10 01:19:32',NULL),(1338,'no identificado',7,'2020-12-10 01:19:34',NULL),(1339,'no identificado',7,'2020-12-10 01:19:35',NULL),(1340,'no identificado',7,'2020-12-10 01:19:36',NULL),(1341,'no identificado',7,'2020-12-10 01:19:37',NULL),(1342,'no identificado',7,'2020-12-10 01:20:28',NULL),(1343,'no identificado',7,'2020-12-10 01:20:29',NULL),(1344,'no identificado',7,'2020-12-10 01:20:30',NULL),(1345,'no identificado',7,'2020-12-10 01:20:32',NULL),(1346,'no identificado',7,'2020-12-10 01:20:33',NULL),(1347,'no identificado',7,'2020-12-10 01:21:40',NULL),(1348,'no identificado',7,'2020-12-10 01:21:50',NULL),(1349,'no identificado',7,'2020-12-10 01:21:50',NULL),(1350,'no identificado',7,'2020-12-10 01:21:50',NULL),(1351,'no identificado',7,'2020-12-10 01:21:55',NULL),(1352,'no identificado',7,'2020-12-10 01:22:32',NULL),(1353,'no identificado',7,'2020-12-10 01:22:33',NULL),(1354,'no identificado',7,'2020-12-10 01:22:34',NULL),(1355,'no identificado',7,'2020-12-10 01:22:36',NULL),(1356,'no identificado',7,'2020-12-10 01:22:37',NULL),(1357,'no identificado',7,'2020-12-10 01:23:27',NULL),(1358,'no identificado',7,'2020-12-10 01:23:28',NULL),(1359,'no identificado',7,'2020-12-10 01:23:29',NULL),(1360,'no identificado',7,'2020-12-10 01:23:31',NULL),(1361,'no identificado',7,'2020-12-10 01:23:32',NULL),(1362,'no identificado',7,'2020-12-10 01:24:21',NULL),(1363,'no identificado',7,'2020-12-10 01:24:22',NULL),(1364,'no identificado',7,'2020-12-10 01:24:24',NULL),(1365,'no identificado',7,'2020-12-10 01:24:25',NULL),(1366,'no identificado',7,'2020-12-10 01:24:26',NULL),(1367,'no identificado',7,'2020-12-10 01:25:17',NULL),(1368,'no identificado',7,'2020-12-10 01:25:23',NULL),(1369,'no identificado',7,'2020-12-10 01:25:23',NULL),(1370,'no identificado',7,'2020-12-10 01:25:28',NULL),(1371,'no identificado',7,'2020-12-10 01:25:28',NULL),(1372,'no identificado',7,'2020-12-10 01:26:37',NULL),(1373,'no identificado',7,'2020-12-10 01:26:37',NULL),(1374,'no identificado',7,'2020-12-10 01:26:37',NULL),(1375,'no identificado',7,'2020-12-10 01:26:37',NULL),(1376,'no identificado',7,'2020-12-10 01:26:37',NULL),(1377,'no identificado',7,'2020-12-10 01:27:41',NULL),(1378,'no identificado',7,'2020-12-10 01:27:42',NULL),(1379,'no identificado',7,'2020-12-10 01:27:43',NULL),(1380,'no identificado',7,'2020-12-10 01:27:44',NULL),(1381,'no identificado',7,'2020-12-10 01:27:45',NULL),(1382,'no identificado',7,'2020-12-10 01:28:37',NULL),(1383,'no identificado',7,'2020-12-10 01:28:38',NULL),(1384,'no identificado',7,'2020-12-10 01:28:39',NULL),(1385,'no identificado',7,'2020-12-10 01:28:40',NULL),(1386,'no identificado',7,'2020-12-10 01:28:41',NULL),(1387,'no identificado',7,'2020-12-10 01:29:29',NULL),(1388,'no identificado',7,'2020-12-10 01:29:31',NULL),(1389,'no identificado',7,'2020-12-10 01:29:32',NULL),(1390,'no identificado',7,'2020-12-10 01:29:33',NULL),(1391,'no identificado',7,'2020-12-10 01:29:34',NULL),(1392,'no identificado',7,'2020-12-10 01:30:25',NULL),(1393,'no identificado',7,'2020-12-10 01:30:26',NULL),(1394,'no identificado',7,'2020-12-10 01:30:27',NULL),(1395,'no identificado',7,'2020-12-10 01:30:28',NULL),(1396,'no identificado',7,'2020-12-10 01:30:29',NULL),(1397,'no identificado',7,'2020-12-10 01:31:24',NULL),(1398,'no identificado',7,'2020-12-10 01:31:25',NULL),(1399,'no identificado',7,'2020-12-10 01:31:26',NULL),(1400,'no identificado',7,'2020-12-10 01:31:28',NULL),(1401,'no identificado',7,'2020-12-10 01:31:29',NULL),(1402,'no identificado',7,'2020-12-10 01:32:34',NULL),(1403,'no identificado',7,'2020-12-10 01:32:39',NULL),(1404,'no identificado',7,'2020-12-10 01:32:44',NULL),(1405,'no identificado',7,'2020-12-10 01:32:45',NULL),(1406,'no identificado',7,'2020-12-10 01:32:45',NULL),(1407,'no identificado',7,'2020-12-10 01:33:23',NULL),(1408,'no identificado',7,'2020-12-10 01:33:24',NULL),(1409,'no identificado',7,'2020-12-10 01:33:25',NULL),(1410,'no identificado',7,'2020-12-10 01:33:27',NULL),(1411,'no identificado',7,'2020-12-10 01:33:28',NULL),(1412,'no identificado',7,'2020-12-10 01:34:19',NULL),(1413,'no identificado',7,'2020-12-10 01:34:21',NULL),(1414,'no identificado',7,'2020-12-10 01:34:21',NULL),(1415,'no identificado',7,'2020-12-10 01:34:22',NULL),(1416,'no identificado',7,'2020-12-10 01:34:24',NULL),(1417,'no identificado',7,'2020-12-10 01:35:19',NULL),(1418,'no identificado',7,'2020-12-10 01:35:20',NULL),(1419,'no identificado',7,'2020-12-10 01:35:21',NULL),(1420,'no identificado',7,'2020-12-10 01:35:23',NULL),(1421,'no identificado',7,'2020-12-10 01:35:24',NULL),(1422,'no identificado',7,'2020-12-10 01:36:33',NULL),(1423,'no identificado',7,'2020-12-10 01:36:34',NULL),(1424,'no identificado',7,'2020-12-10 01:36:35',NULL),(1425,'no identificado',7,'2020-12-10 01:36:36',NULL),(1426,'no identificado',7,'2020-12-10 01:36:37',NULL),(1427,'no identificado',7,'2020-12-10 01:37:30',NULL),(1428,'no identificado',7,'2020-12-10 01:37:35',NULL),(1429,'no identificado',7,'2020-12-10 01:37:40',NULL),(1430,'no identificado',7,'2020-12-10 01:37:45',NULL),(1431,'no identificado',7,'2020-12-10 01:37:50',NULL),(1432,'no identificado',7,'2020-12-10 01:38:34',NULL),(1433,'no identificado',7,'2020-12-10 01:38:39',NULL),(1434,'no identificado',7,'2020-12-10 01:38:39',NULL),(1435,'no identificado',7,'2020-12-10 01:38:39',NULL),(1436,'no identificado',7,'2020-12-10 01:38:39',NULL),(1437,'no identificado',7,'2020-12-10 01:39:26',NULL),(1438,'no identificado',7,'2020-12-10 01:39:28',NULL),(1439,'no identificado',7,'2020-12-10 01:39:29',NULL),(1440,'no identificado',7,'2020-12-10 01:39:30',NULL),(1441,'no identificado',7,'2020-12-10 01:39:31',NULL),(1442,'no identificado',7,'2020-12-10 01:40:29',NULL),(1443,'no identificado',7,'2020-12-10 01:40:29',NULL),(1444,'no identificado',7,'2020-12-10 01:40:34',NULL),(1445,'no identificado',7,'2020-12-10 01:40:34',NULL),(1446,'no identificado',7,'2020-12-10 01:40:39',NULL),(1447,'no identificado',7,'2020-12-10 01:41:19',NULL),(1448,'no identificado',7,'2020-12-10 01:41:20',NULL),(1449,'no identificado',7,'2020-12-10 01:41:21',NULL),(1450,'no identificado',7,'2020-12-10 01:41:24',NULL),(1451,'no identificado',7,'2020-12-10 01:41:29',NULL),(1452,'no identificado',7,'2020-12-10 01:42:13',NULL),(1453,'no identificado',7,'2020-12-10 01:42:15',NULL),(1454,'no identificado',7,'2020-12-10 01:42:16',NULL),(1455,'no identificado',7,'2020-12-10 01:42:17',NULL),(1456,'no identificado',7,'2020-12-10 01:42:18',NULL),(1457,'no identificado',7,'2020-12-10 01:43:30',NULL),(1458,'no identificado',7,'2020-12-10 01:43:31',NULL),(1459,'no identificado',7,'2020-12-10 01:43:32',NULL),(1460,'no identificado',7,'2020-12-10 01:43:33',NULL),(1461,'no identificado',7,'2020-12-10 01:43:34',NULL),(1462,'no identificado',7,'2020-12-10 01:44:24',NULL),(1463,'no identificado',7,'2020-12-10 01:44:25',NULL),(1464,'no identificado',7,'2020-12-10 01:44:27',NULL),(1465,'no identificado',7,'2020-12-10 01:44:28',NULL),(1466,'no identificado',7,'2020-12-10 01:44:29',NULL),(1467,'no identificado',7,'2020-12-10 01:45:17',NULL),(1468,'no identificado',7,'2020-12-10 01:45:18',NULL),(1469,'no identificado',7,'2020-12-10 01:45:19',NULL),(1470,'no identificado',7,'2020-12-10 01:45:21',NULL),(1471,'no identificado',7,'2020-12-10 01:45:22',NULL),(1472,'no identificado',7,'2020-12-10 01:46:35',NULL),(1473,'no identificado',7,'2020-12-10 01:46:35',NULL),(1474,'no identificado',7,'2020-12-10 01:46:40',NULL),(1475,'no identificado',7,'2020-12-10 01:46:40',NULL),(1476,'no identificado',7,'2020-12-10 01:46:40',NULL),(1477,'no identificado',7,'2020-12-10 01:47:24',NULL),(1478,'no identificado',7,'2020-12-10 01:47:25',NULL),(1479,'no identificado',7,'2020-12-10 01:47:26',NULL),(1480,'no identificado',7,'2020-12-10 01:47:27',NULL),(1481,'no identificado',7,'2020-12-10 01:47:29',NULL),(1482,'no identificado',7,'2020-12-10 01:48:23',NULL),(1483,'no identificado',7,'2020-12-10 01:48:24',NULL),(1484,'no identificado',7,'2020-12-10 01:48:26',NULL),(1485,'no identificado',7,'2020-12-10 01:48:27',NULL),(1486,'no identificado',7,'2020-12-10 01:48:28',NULL),(1487,'no identificado',7,'2020-12-10 01:49:17',NULL),(1488,'no identificado',7,'2020-12-10 01:49:18',NULL),(1489,'no identificado',7,'2020-12-10 01:49:19',NULL),(1490,'no identificado',7,'2020-12-10 01:49:20',NULL),(1491,'no identificado',7,'2020-12-10 01:49:22',NULL),(1492,'no identificado',7,'2020-12-10 01:50:09',NULL),(1493,'no identificado',7,'2020-12-10 01:50:10',NULL),(1494,'no identificado',7,'2020-12-10 01:50:11',NULL),(1495,'no identificado',7,'2020-12-10 01:50:13',NULL),(1496,'no identificado',7,'2020-12-10 01:50:14',NULL),(1497,'no identificado',7,'2020-12-10 01:51:07',NULL),(1498,'no identificado',7,'2020-12-10 01:51:08',NULL),(1499,'no identificado',7,'2020-12-10 01:51:24',NULL),(1500,'no identificado',7,'2020-12-10 01:51:24',NULL),(1501,'no identificado',7,'2020-12-10 01:51:24',NULL),(1502,'no identificado',7,'2020-12-10 01:51:59',NULL),(1503,'no identificado',7,'2020-12-10 01:52:00',NULL),(1504,'no identificado',7,'2020-12-10 01:52:01',NULL),(1505,'no identificado',7,'2020-12-10 01:52:03',NULL),(1506,'no identificado',7,'2020-12-10 01:52:03',NULL),(1507,'no identificado',7,'2020-12-10 01:52:53',NULL),(1508,'no identificado',7,'2020-12-10 01:52:53',NULL),(1509,'no identificado',7,'2020-12-10 01:52:55',NULL),(1510,'no identificado',7,'2020-12-10 01:52:56',NULL),(1511,'no identificado',7,'2020-12-10 01:52:57',NULL),(1512,'no identificado',7,'2020-12-10 01:53:50',NULL),(1513,'no identificado',7,'2020-12-10 01:53:51',NULL),(1514,'no identificado',7,'2020-12-10 01:53:52',NULL),(1515,'no identificado',7,'2020-12-10 01:53:53',NULL),(1516,'no identificado',7,'2020-12-10 01:53:55',NULL),(1517,'no identificado',7,'2020-12-10 01:54:50',NULL),(1518,'no identificado',7,'2020-12-10 01:54:50',NULL),(1519,'no identificado',7,'2020-12-10 01:54:50',NULL),(1520,'no identificado',7,'2020-12-10 01:54:50',NULL),(1521,'no identificado',7,'2020-12-10 01:54:50',NULL),(1522,'no identificado',7,'2020-12-10 01:55:39',NULL),(1523,'no identificado',7,'2020-12-10 01:55:40',NULL),(1524,'no identificado',7,'2020-12-10 01:55:41',NULL),(1525,'no identificado',7,'2020-12-10 01:55:43',NULL),(1526,'no identificado',7,'2020-12-10 01:55:44',NULL),(1527,'no identificado',7,'2020-12-10 01:56:35',NULL),(1528,'no identificado',7,'2020-12-10 01:56:36',NULL),(1529,'no identificado',7,'2020-12-10 01:56:37',NULL),(1530,'no identificado',7,'2020-12-10 01:56:38',NULL),(1531,'no identificado',7,'2020-12-10 01:56:40',NULL),(1532,'no identificado',7,'2020-12-10 01:57:29',NULL),(1533,'no identificado',7,'2020-12-10 01:57:30',NULL),(1534,'no identificado',7,'2020-12-10 01:57:32',NULL),(1535,'no identificado',7,'2020-12-10 01:57:32',NULL),(1536,'no identificado',7,'2020-12-10 01:57:34',NULL),(1537,'no identificado',7,'2020-12-10 01:58:29',NULL),(1538,'no identificado',7,'2020-12-10 01:58:34',NULL),(1539,'no identificado',7,'2020-12-10 01:58:34',NULL),(1540,'no identificado',7,'2020-12-10 01:58:34',NULL),(1541,'no identificado',7,'2020-12-10 01:58:39',NULL),(1542,'no identificado',7,'2020-12-10 01:59:18',NULL),(1543,'no identificado',7,'2020-12-10 01:59:19',NULL),(1544,'no identificado',7,'2020-12-10 01:59:20',NULL),(1545,'no identificado',7,'2020-12-10 01:59:21',NULL),(1546,'no identificado',7,'2020-12-10 01:59:22',NULL),(1547,'no identificado',7,'2020-12-10 02:00:11',NULL),(1548,'no identificado',7,'2020-12-10 02:00:12',NULL),(1549,'no identificado',7,'2020-12-10 02:00:13',NULL),(1550,'no identificado',7,'2020-12-10 02:00:14',NULL),(1551,'no identificado',7,'2020-12-10 02:00:16',NULL),(1552,'no identificado',7,'2020-12-10 02:01:05',NULL),(1553,'no identificado',7,'2020-12-10 02:01:06',NULL),(1554,'no identificado',7,'2020-12-10 02:01:07',NULL),(1555,'no identificado',7,'2020-12-10 02:01:09',NULL),(1556,'no identificado',7,'2020-12-10 02:01:10',NULL),(1557,'no identificado',7,'2020-12-10 02:02:08',NULL),(1558,'no identificado',7,'2020-12-10 02:02:09',NULL),(1559,'no identificado',7,'2020-12-10 02:02:10',NULL),(1560,'no identificado',7,'2020-12-10 02:02:12',NULL),(1561,'no identificado',7,'2020-12-10 02:02:13',NULL),(1562,'no identificado',7,'2020-12-10 02:03:09',NULL),(1563,'no identificado',7,'2020-12-10 02:03:10',NULL),(1564,'no identificado',7,'2020-12-10 02:03:11',NULL),(1565,'no identificado',7,'2020-12-10 02:03:12',NULL),(1566,'no identificado',7,'2020-12-10 02:03:14',NULL),(1567,'no identificado',7,'2020-12-10 02:04:07',NULL),(1568,'no identificado',7,'2020-12-10 02:04:09',NULL),(1569,'no identificado',7,'2020-12-10 02:04:10',NULL),(1570,'no identificado',7,'2020-12-10 02:04:11',NULL),(1571,'no identificado',7,'2020-12-10 02:04:12',NULL),(1572,'no identificado',7,'2020-12-10 02:05:00',NULL),(1573,'no identificado',7,'2020-12-10 02:05:01',NULL),(1574,'no identificado',7,'2020-12-10 02:05:08',NULL),(1575,'no identificado',7,'2020-12-10 02:05:08',NULL),(1576,'no identificado',7,'2020-12-10 02:05:13',NULL),(1577,'no identificado',7,'2020-12-10 02:06:04',NULL),(1578,'no identificado',7,'2020-12-10 02:06:05',NULL),(1579,'no identificado',7,'2020-12-10 02:06:06',NULL),(1580,'no identificado',7,'2020-12-10 02:06:08',NULL),(1581,'no identificado',7,'2020-12-10 02:06:09',NULL),(1582,'no identificado',7,'2020-12-10 02:06:58',NULL),(1583,'no identificado',7,'2020-12-10 02:07:00',NULL),(1584,'no identificado',7,'2020-12-10 02:07:01',NULL),(1585,'no identificado',7,'2020-12-10 02:07:02',NULL),(1586,'no identificado',7,'2020-12-10 02:07:04',NULL),(1587,'no identificado',7,'2020-12-10 02:07:54',NULL),(1588,'no identificado',7,'2020-12-10 02:07:56',NULL),(1589,'no identificado',7,'2020-12-10 02:07:57',NULL),(1590,'no identificado',7,'2020-12-10 02:07:58',NULL),(1591,'no identificado',7,'2020-12-10 02:07:59',NULL),(1592,'no identificado',7,'2020-12-10 02:08:50',NULL),(1593,'no identificado',7,'2020-12-10 02:08:51',NULL),(1594,'no identificado',7,'2020-12-10 02:08:53',NULL),(1595,'no identificado',7,'2020-12-10 02:08:54',NULL),(1596,'no identificado',7,'2020-12-10 02:08:55',NULL),(1597,'no identificado',7,'2020-12-10 02:09:56',NULL),(1598,'no identificado',7,'2020-12-10 02:09:57',NULL),(1599,'no identificado',7,'2020-12-10 02:09:59',NULL),(1600,'no identificado',7,'2020-12-10 02:10:00',NULL),(1601,'no identificado',7,'2020-12-10 02:10:01',NULL),(1602,'no identificado',7,'2020-12-10 02:10:56',NULL),(1603,'no identificado',7,'2020-12-10 02:11:02',NULL),(1604,'no identificado',7,'2020-12-10 02:11:07',NULL),(1605,'no identificado',7,'2020-12-10 02:11:08',NULL),(1606,'no identificado',7,'2020-12-10 02:11:08',NULL),(1607,'no identificado',7,'2020-12-10 02:11:54',NULL),(1608,'no identificado',7,'2020-12-10 02:11:54',NULL),(1609,'no identificado',7,'2020-12-10 02:11:55',NULL),(1610,'no identificado',7,'2020-12-10 02:11:56',NULL),(1611,'no identificado',7,'2020-12-10 02:11:57',NULL),(1612,'no identificado',7,'2020-12-10 02:12:52',NULL),(1613,'no identificado',7,'2020-12-10 02:12:54',NULL),(1614,'no identificado',7,'2020-12-10 02:12:55',NULL),(1615,'no identificado',7,'2020-12-10 02:12:56',NULL),(1616,'no identificado',7,'2020-12-10 02:12:57',NULL),(1617,'no identificado',7,'2020-12-10 02:13:44',NULL),(1618,'no identificado',7,'2020-12-10 02:13:45',NULL),(1619,'no identificado',7,'2020-12-10 02:13:46',NULL),(1620,'no identificado',7,'2020-12-10 02:13:48',NULL),(1621,'no identificado',7,'2020-12-10 02:13:49',NULL),(1622,'no identificado',7,'2020-12-10 02:14:39',NULL),(1623,'no identificado',7,'2020-12-10 02:14:41',NULL),(1624,'no identificado',7,'2020-12-10 02:14:47',NULL),(1625,'no identificado',7,'2020-12-10 02:14:47',NULL),(1626,'no identificado',7,'2020-12-10 02:14:52',NULL),(1627,'no identificado',7,'2020-12-10 02:15:40',NULL),(1628,'no identificado',7,'2020-12-10 02:15:41',NULL),(1629,'no identificado',7,'2020-12-10 02:15:42',NULL),(1630,'no identificado',7,'2020-12-10 02:15:43',NULL),(1631,'no identificado',7,'2020-12-10 02:15:44',NULL),(1632,'no identificado',7,'2020-12-10 02:16:44',NULL),(1633,'no identificado',7,'2020-12-10 02:16:49',NULL),(1634,'no identificado',7,'2020-12-10 02:16:49',NULL),(1635,'no identificado',7,'2020-12-10 02:16:49',NULL),(1636,'no identificado',7,'2020-12-10 02:16:54',NULL),(1637,'no identificado',7,'2020-12-10 02:17:33',NULL),(1638,'no identificado',7,'2020-12-10 02:17:34',NULL),(1639,'no identificado',7,'2020-12-10 02:17:36',NULL),(1640,'no identificado',7,'2020-12-10 02:17:42',NULL),(1641,'no identificado',7,'2020-12-10 02:17:42',NULL),(1642,'no identificado',7,'2020-12-10 02:18:28',NULL),(1643,'no identificado',7,'2020-12-10 02:18:30',NULL),(1644,'no identificado',7,'2020-12-10 02:18:31',NULL),(1645,'no identificado',7,'2020-12-10 02:18:32',NULL),(1646,'no identificado',7,'2020-12-10 02:18:33',NULL),(1647,'no identificado',7,'2020-12-10 02:19:29',NULL),(1648,'no identificado',7,'2020-12-10 02:19:29',NULL),(1649,'no identificado',7,'2020-12-10 02:19:29',NULL),(1650,'no identificado',7,'2020-12-10 02:19:29',NULL),(1651,'no identificado',7,'2020-12-10 02:19:30',NULL),(1652,'no identificado',7,'2020-12-10 02:20:22',NULL),(1653,'no identificado',7,'2020-12-10 02:20:24',NULL),(1654,'no identificado',7,'2020-12-10 02:20:25',NULL),(1655,'no identificado',7,'2020-12-10 02:20:26',NULL),(1656,'no identificado',7,'2020-12-10 02:20:28',NULL),(1657,'no identificado',7,'2020-12-10 02:21:31',NULL),(1658,'no identificado',7,'2020-12-10 02:21:31',NULL),(1659,'no identificado',7,'2020-12-10 02:21:31',NULL),(1660,'no identificado',7,'2020-12-10 02:21:31',NULL),(1661,'no identificado',7,'2020-12-10 02:21:31',NULL),(1662,'no identificado',7,'2020-12-10 02:22:23',NULL),(1663,'no identificado',7,'2020-12-10 02:22:24',NULL),(1664,'no identificado',7,'2020-12-10 02:22:24',NULL),(1665,'no identificado',7,'2020-12-10 02:22:24',NULL),(1666,'no identificado',7,'2020-12-10 02:22:29',NULL),(1667,'no identificado',7,'2020-12-10 02:23:21',NULL),(1668,'no identificado',7,'2020-12-10 02:23:22',NULL),(1669,'no identificado',7,'2020-12-10 02:23:28',NULL),(1670,'no identificado',7,'2020-12-10 02:23:28',NULL),(1671,'no identificado',7,'2020-12-10 02:23:28',NULL),(1672,'no identificado',7,'2020-12-10 02:24:24',NULL),(1673,'no identificado',7,'2020-12-10 02:24:25',NULL),(1674,'no identificado',7,'2020-12-10 02:24:27',NULL),(1675,'no identificado',7,'2020-12-10 02:24:33',NULL),(1676,'no identificado',7,'2020-12-10 02:24:38',NULL),(1677,'no identificado',7,'2020-12-10 02:25:28',NULL),(1678,'no identificado',7,'2020-12-10 02:25:33',NULL),(1679,'no identificado',7,'2020-12-10 02:25:33',NULL),(1680,'no identificado',7,'2020-12-10 02:25:33',NULL),(1681,'no identificado',7,'2020-12-10 02:25:38',NULL),(1682,'no identificado',7,'2020-12-10 02:26:17',NULL),(1683,'no identificado',7,'2020-12-10 02:26:18',NULL),(1684,'no identificado',7,'2020-12-10 02:26:19',NULL),(1685,'no identificado',7,'2020-12-10 02:26:20',NULL),(1686,'no identificado',7,'2020-12-10 02:26:22',NULL),(1687,'no identificado',7,'2020-12-10 02:27:15',NULL),(1688,'no identificado',7,'2020-12-10 02:27:22',NULL),(1689,'no identificado',7,'2020-12-10 02:27:22',NULL),(1690,'no identificado',7,'2020-12-10 02:27:27',NULL),(1691,'no identificado',7,'2020-12-10 02:27:32',NULL),(1692,'no identificado',7,'2020-12-10 02:28:08',NULL),(1693,'no identificado',7,'2020-12-10 02:28:10',NULL),(1694,'no identificado',7,'2020-12-10 02:28:11',NULL),(1695,'no identificado',7,'2020-12-10 02:28:12',NULL),(1696,'no identificado',7,'2020-12-10 02:28:28',NULL),(1697,'no identificado',7,'2020-12-10 02:29:02',NULL),(1698,'no identificado',7,'2020-12-10 02:29:09',NULL),(1699,'no identificado',7,'2020-12-10 02:29:09',NULL),(1700,'no identificado',7,'2020-12-10 02:29:09',NULL),(1701,'no identificado',7,'2020-12-10 02:29:09',NULL),(1702,'no identificado',7,'2020-12-10 02:30:13',NULL),(1703,'no identificado',7,'2020-12-10 02:30:14',NULL),(1704,'no identificado',7,'2020-12-10 02:30:16',NULL),(1705,'no identificado',7,'2020-12-10 02:30:17',NULL),(1706,'no identificado',7,'2020-12-10 02:30:18',NULL),(1707,'no identificado',7,'2020-12-10 02:31:09',NULL),(1708,'no identificado',7,'2020-12-10 02:31:10',NULL),(1709,'no identificado',7,'2020-12-10 02:31:12',NULL),(1710,'no identificado',7,'2020-12-10 02:31:13',NULL),(1711,'no identificado',7,'2020-12-10 02:31:14',NULL),(1712,'no identificado',7,'2020-12-10 02:32:06',NULL),(1713,'no identificado',7,'2020-12-10 02:32:07',NULL),(1714,'no identificado',7,'2020-12-10 02:32:08',NULL),(1715,'no identificado',7,'2020-12-10 02:32:10',NULL),(1716,'no identificado',7,'2020-12-10 02:32:11',NULL),(1717,'no identificado',7,'2020-12-10 02:33:16',NULL),(1718,'no identificado',7,'2020-12-10 02:33:16',NULL),(1719,'no identificado',7,'2020-12-10 02:33:16',NULL),(1720,'no identificado',7,'2020-12-10 02:33:17',NULL),(1721,'no identificado',7,'2020-12-10 02:33:21',NULL),(1722,'no identificado',7,'2020-12-10 02:34:05',NULL),(1723,'no identificado',7,'2020-12-10 02:34:06',NULL),(1724,'no identificado',7,'2020-12-10 02:34:07',NULL),(1725,'no identificado',7,'2020-12-10 02:34:09',NULL),(1726,'no identificado',7,'2020-12-10 02:34:10',NULL),(1727,'no identificado',7,'2020-12-10 02:35:08',NULL),(1728,'no identificado',7,'2020-12-10 02:35:09',NULL),(1729,'no identificado',7,'2020-12-10 02:35:10',NULL),(1730,'no identificado',7,'2020-12-10 02:35:11',NULL),(1731,'no identificado',7,'2020-12-10 02:35:13',NULL),(1732,'no identificado',7,'2020-12-10 02:36:07',NULL),(1733,'no identificado',7,'2020-12-10 02:36:08',NULL),(1734,'no identificado',7,'2020-12-10 02:36:09',NULL),(1735,'no identificado',7,'2020-12-10 02:36:11',NULL),(1736,'no identificado',7,'2020-12-10 02:36:12',NULL),(1737,'no identificado',7,'2020-12-10 02:37:02',NULL),(1738,'no identificado',7,'2020-12-10 02:37:03',NULL),(1739,'no identificado',7,'2020-12-10 02:37:04',NULL),(1740,'no identificado',7,'2020-12-10 02:37:10',NULL),(1741,'no identificado',7,'2020-12-10 02:37:16',NULL),(1742,'no identificado',7,'2020-12-10 02:38:08',NULL),(1743,'no identificado',7,'2020-12-10 02:38:08',NULL),(1744,'no identificado',7,'2020-12-10 02:38:08',NULL),(1745,'no identificado',7,'2020-12-10 02:38:08',NULL),(1746,'no identificado',7,'2020-12-10 02:38:09',NULL),(1747,'no identificado',7,'2020-12-10 02:38:58',NULL),(1748,'no identificado',7,'2020-12-10 02:39:05',NULL),(1749,'no identificado',7,'2020-12-10 02:39:05',NULL),(1750,'no identificado',7,'2020-12-10 02:39:10',NULL),(1751,'no identificado',7,'2020-12-10 02:39:10',NULL),(1752,'no identificado',7,'2020-12-10 02:40:13',NULL),(1753,'no identificado',7,'2020-12-10 02:40:13',NULL),(1754,'no identificado',7,'2020-12-10 02:40:13',NULL),(1755,'no identificado',7,'2020-12-10 02:40:13',NULL),(1756,'no identificado',7,'2020-12-10 02:40:14',NULL),(1757,'no identificado',7,'2020-12-10 02:41:03',NULL),(1758,'no identificado',7,'2020-12-10 02:41:04',NULL),(1759,'no identificado',7,'2020-12-10 02:41:05',NULL),(1760,'no identificado',7,'2020-12-10 02:41:07',NULL),(1761,'no identificado',7,'2020-12-10 02:41:08',NULL),(1762,'no identificado',7,'2020-12-10 02:41:58',NULL),(1763,'no identificado',7,'2020-12-10 02:41:59',NULL),(1764,'no identificado',7,'2020-12-10 02:42:01',NULL),(1765,'no identificado',7,'2020-12-10 02:42:02',NULL),(1766,'no identificado',7,'2020-12-10 02:42:03',NULL),(1767,'no identificado',7,'2020-12-10 02:42:52',NULL),(1768,'no identificado',7,'2020-12-10 02:42:54',NULL),(1769,'no identificado',7,'2020-12-10 02:43:00',NULL),(1770,'no identificado',7,'2020-12-10 02:43:00',NULL),(1771,'no identificado',7,'2020-12-10 02:43:00',NULL),(1772,'no identificado',7,'2020-12-10 02:43:50',NULL),(1773,'no identificado',7,'2020-12-10 02:43:52',NULL),(1774,'no identificado',7,'2020-12-10 02:43:53',NULL),(1775,'no identificado',7,'2020-12-10 02:43:54',NULL),(1776,'no identificado',7,'2020-12-10 02:43:55',NULL),(1777,'$2y$13$iuN17UXMrKHSfROYqCa3fuEfeJ7fmVqCXEY0Dm6VB6uXWipjf5P8y',7,'2020-12-10 04:16:18',NULL),(1778,'$2y$13$.Z5DogMcKuiDVFjHp9L1F.0xursU4p84nGaAU/kPl3np5T/Nceuya',7,'2020-12-10 04:16:48',NULL),(1779,'no identificado',7,'2020-12-10 18:27:27',NULL),(1780,'no identificado',7,'2020-12-10 18:27:31',NULL),(1781,'no identificado',7,'2020-12-10 18:27:32',NULL),(1782,'no identificado',7,'2020-12-10 18:27:32',NULL),(1783,'no identificado',7,'2020-12-10 18:27:35',NULL),(1784,'no identificado',7,'2020-12-10 18:34:56',NULL),(1785,'no identificado',7,'2020-12-10 18:35:12',NULL),(1786,'no identificado',7,'2020-12-10 18:35:17',NULL),(1787,'no identificado',7,'2020-12-10 18:35:17',NULL),(1788,'no identificado',7,'2020-12-10 18:35:17',NULL),(1789,'no identificado',7,'2020-12-10 18:36:46',NULL),(1790,'no identificado',7,'2020-12-10 18:36:46',NULL),(1791,'no identificado',7,'2020-12-10 18:36:46',NULL),(1792,'no identificado',7,'2020-12-10 18:36:47',NULL),(1793,'no identificado',7,'2020-12-10 18:36:48',NULL),(1794,'no identificado',7,'2020-12-10 18:36:48',NULL),(1795,'no identificado',7,'2020-12-10 18:36:49',NULL),(1796,'no identificado',7,'2020-12-10 18:41:15',NULL),(1797,'no identificado',7,'2020-12-10 18:41:16',NULL),(1798,'no identificado',7,'2020-12-10 18:41:20',NULL),(1799,'no identificado',7,'2020-12-10 18:42:52',NULL),(1800,'no identificado',7,'2020-12-10 18:43:00',NULL),(1801,'no identificado',7,'2020-12-10 18:43:00',NULL),(1802,'no identificado',7,'2020-12-10 18:43:01',NULL),(1803,'no identificado',7,'2020-12-10 18:43:01',NULL),(1804,'no identificado',7,'2020-12-10 18:43:02',NULL),(1805,'no identificado',7,'2020-12-10 18:43:02',NULL),(1806,'no identificado',7,'2020-12-10 18:43:03',NULL),(1807,'no identificado',7,'2020-12-10 18:43:45',NULL),(1808,'no identificado',7,'2020-12-10 18:44:43',NULL),(1809,'no identificado',7,'2020-12-10 18:47:12',NULL),(1810,'no identificado',7,'2020-12-11 00:46:41','35'),(1811,'no identificado',7,'2020-12-11 00:47:02','35'),(1812,'no identificado',7,'2020-12-11 00:46:46','35'),(1813,'no identificado',7,'2020-12-11 00:46:52','35'),(1814,'no identificado',7,'2020-12-10 18:58:54',NULL),(1815,'$2y$13$nRcED8CpgGZLJhD25.tTrObVzRvXkq3jTkhR.vRInYg7Lo2dSbJ7u',1,'2020-12-10 20:50:19',NULL),(1816,'no identificado',1,'2020-12-10 20:50:25',NULL),(1817,'$2y$13$nRcED8CpgGZLJhD25.tTrObVzRvXkq3jTkhR.vRInYg7Lo2dSbJ7u',1,'2020-12-10 20:50:38',NULL),(1818,'no identificado',1,'2020-12-10 20:50:42',NULL),(1819,'no identificado',1,'2020-12-10 20:50:42',NULL),(1820,'no identificado',1,'2020-12-10 20:50:43',NULL),(1821,'no identificado',1,'2020-12-10 20:50:44',NULL),(1822,'no identificado',1,'2020-12-10 20:50:44',NULL),(1823,'no identificado',1,'2020-12-10 20:50:45',NULL),(1824,'no identificado',1,'2020-12-10 20:50:45',NULL),(1825,'no identificado',1,'2020-12-10 20:50:46',NULL),(1826,'no identificado',1,'2020-12-10 20:50:47',NULL),(1827,'no identificado',1,'2020-12-10 20:50:48',NULL),(1828,'no identificado',1,'2020-12-10 20:50:48',NULL),(1829,'no identificado',1,'2020-12-10 20:50:49',NULL),(1830,'no identificado',23,'2020-12-11 04:14:51',NULL),(1831,'no identificado',23,'2020-12-11 04:14:57',NULL),(1832,'no identificado',23,'2020-12-11 04:15:01',NULL),(1833,'no identificado',23,'2020-12-11 04:15:02',NULL),(1834,'no identificado',23,'2020-12-11 04:15:02',NULL),(1835,'no identificado',23,'2020-12-11 04:15:12',NULL),(1836,'no identificado',23,'2020-12-11 04:15:14',NULL),(1837,'no identificado',23,'2020-12-11 04:15:14',NULL),(1838,'no identificado',23,'2020-12-11 04:15:15',NULL),(1839,'no identificado',23,'2020-12-11 04:15:15',NULL),(1840,'no identificado',23,'2020-12-11 04:15:15',NULL),(1841,'no identificado',23,'2020-12-11 04:15:15',NULL),(1842,'no identificado',23,'2020-12-11 04:15:16',NULL),(1843,'no identificado',23,'2020-12-11 04:15:16',NULL),(1844,'no identificado',23,'2020-12-11 04:16:00',NULL),(1845,'no identificado',23,'2020-12-11 04:16:01',NULL),(1846,'no identificado',23,'2020-12-11 04:16:01',NULL),(1847,'no identificado',23,'2020-12-11 04:16:01',NULL),(1848,'no identificado',23,'2020-12-11 04:16:02',NULL),(1849,'no identificado',23,'2020-12-11 04:16:02',NULL),(1850,'no identificado',23,'2020-12-11 04:16:02',NULL),(1851,'no identificado',7,'2020-12-11 04:30:49',NULL),(1852,'no identificado',7,'2020-12-11 04:31:24',NULL),(1853,'no identificado',7,'2020-12-11 04:31:30',NULL),(1854,'no identificado',7,'2020-12-11 06:21:29',NULL),(1855,'no identificado',2,'2020-12-11 12:43:15',NULL),(1856,'no identificado',2,'2020-12-11 12:43:17',NULL),(1857,'no identificado',2,'2020-12-11 12:43:18',NULL),(1858,'no identificado',2,'2020-12-11 12:43:20',NULL),(1859,'no identificado',2,'2020-12-11 12:43:21',NULL),(1860,'no identificado',2,'2020-12-11 12:43:22',NULL),(1861,'no identificado',7,'2020-12-11 12:45:12',NULL),(1862,'no identificado',7,'2020-12-11 12:45:19',NULL),(1863,'no identificado',7,'2020-12-11 12:45:20',NULL),(1864,'no identificado',7,'2020-12-11 12:45:21',NULL),(1865,'no identificado',7,'2020-12-11 12:45:22',NULL),(1866,'no identificado',7,'2020-12-11 12:45:23',NULL),(1867,'no identificado',7,'2020-12-11 12:45:24',NULL),(1868,'no identificado',7,'2020-12-11 12:45:24',NULL),(1869,'no identificado',7,'2020-12-11 12:45:26',NULL),(1870,'no identificado',7,'2020-12-11 12:45:27',NULL),(1871,'no identificado',7,'2020-12-11 14:11:47',NULL),(1872,'no identificado',7,'2020-12-11 14:12:14',NULL),(1873,'no identificado',7,'2020-12-11 14:15:48',NULL),(1874,'no identificado',7,'2020-12-11 14:16:08',NULL),(1875,'no identificado',7,'2020-12-11 14:16:15',NULL),(1876,'no identificado',7,'2020-12-11 14:16:26',NULL),(1877,'no identificado',7,'2020-12-11 14:18:27',NULL),(1878,'no identificado',7,'2020-12-11 14:18:45',NULL),(1879,'no identificado',7,'2020-12-11 14:18:48',NULL),(1880,'no identificado',7,'2020-12-11 14:20:41',NULL),(1881,'no identificado',7,'2020-12-11 14:21:01',NULL),(1882,'no identificado',1,'2020-12-11 14:32:31',NULL),(1883,'no identificado',1,'2020-12-11 14:32:49',NULL),(1884,'no identificado',1,'2020-12-11 14:35:20',NULL),(1885,'no identificado',1,'2020-12-11 14:35:26',NULL),(1886,'no identificado',1,'2020-12-11 14:37:22',NULL),(1887,'no identificado',1,'2020-12-11 14:39:36',NULL),(1888,'no identificado',1,'2020-12-11 14:41:01',NULL),(1889,'no identificado',1,'2020-12-11 14:41:16',NULL),(1890,'no identificado',1,'2020-12-11 14:42:12',NULL),(1891,'no identificado',1,'2020-12-11 14:43:45',NULL),(1892,'no identificado',1,'2020-12-11 14:44:33',NULL),(1893,'no identificado',1,'2020-12-11 14:46:31',NULL),(1894,'no identificado',1,'2020-12-11 14:46:38',NULL),(1895,'no identificado',1,'2020-12-11 14:48:36',NULL),(1896,'no identificado',1,'2020-12-11 14:48:38',NULL),(1897,'no identificado',1,'2020-12-11 14:49:38',NULL),(1898,'no identificado',1,'2020-12-11 14:49:40',NULL),(1899,'no identificado',1,'2020-12-11 14:51:55',NULL),(1900,'no identificado',1,'2020-12-11 14:53:02',NULL),(1901,'no identificado',1,'2020-12-11 14:53:04',NULL),(1902,'no identificado',1,'2020-12-11 14:53:09',NULL),(1903,'no identificado',1,'2020-12-11 14:53:11',NULL),(1904,'no identificado',1,'2020-12-11 14:54:12',NULL),(1905,'no identificado',1,'2020-12-11 14:54:16',NULL),(1906,'no identificado',1,'2020-12-11 14:54:18',NULL),(1907,'no identificado',1,'2020-12-11 14:57:06',NULL),(1908,'no identificado',1,'2020-12-11 15:00:30',NULL),(1909,'no identificado',1,'2020-12-11 15:00:39',NULL),(1910,'no identificado',1,'2020-12-11 15:00:49',NULL),(1911,'no identificado',1,'2020-12-11 15:01:31',NULL),(1912,'no identificado',1,'2020-12-11 15:05:57',NULL),(1913,'no identificado',1,'2020-12-11 15:06:26',NULL),(1914,'no identificado',1,'2020-12-11 04:35:08','36'),(1915,'no identificado',1,'2020-12-11 04:37:16','36'),(1916,'no identificado',1,'2020-12-11 04:37:35','36'),(1917,'no identificado',1,'2020-12-11 15:06:52',NULL),(1918,'no identificado',1,'2020-12-11 04:36:49','36'),(1919,'no identificado',1,'2020-12-11 04:36:38','36'),(1920,'no identificado',1,'2020-12-11 04:36:29','36'),(1921,'no identificado',1,'2020-12-11 15:07:01',NULL),(1922,'no identificado',1,'2020-12-11 15:14:05',NULL),(1923,'no identificado',1,'2020-12-11 15:14:58',NULL),(1924,'no identificado',1,'2020-12-11 04:46:30',NULL),(1925,'no identificado',1,'2020-12-11 04:46:45',NULL),(1926,'no identificado',1,'2020-12-11 04:46:47',NULL),(1927,'no identificado',1,'2020-12-11 15:15:18',NULL),(1928,'no identificado',1,'2020-12-11 04:46:42',NULL),(1929,'no identificado',1,'2020-12-11 04:46:39',NULL),(1930,'no identificado',1,'2020-12-11 15:15:23',NULL),(1931,'no identificado',1,'2020-12-11 15:17:05',NULL),(1932,'no identificado',1,'2020-12-11 15:17:09',NULL),(1933,'no identificado',1,'2020-12-11 15:21:46',NULL),(1934,'no identificado',1,'2020-12-11 15:21:56',NULL),(1935,'no identificado',1,'2020-12-11 04:53:13',NULL),(1936,'no identificado',1,'2020-12-11 04:53:20',NULL),(1937,'no identificado',1,'2020-12-11 04:53:17',NULL),(1938,'no identificado',1,'2020-12-11 15:23:13',NULL),(1939,'no identificado',1,'2020-12-11 15:23:26',NULL),(1940,'no identificado',1,'2020-12-11 15:23:53',NULL),(1941,'no identificado',1,'2020-12-11 04:55:46',NULL),(1942,'no identificado',1,'2020-12-11 04:55:50',NULL),(1943,'no identificado',1,'2020-12-11 15:24:04',NULL),(1944,'no identificado',1,'2020-12-11 15:24:33',NULL),(1945,'no identificado',1,'2020-12-11 15:28:24',NULL),(1946,'no identificado',1,'2020-12-11 05:00:09',NULL),(1947,'no identificado',1,'2020-12-11 05:00:13',NULL),(1948,'no identificado',1,'2020-12-11 05:00:17',NULL),(1949,'no identificado',1,'2020-12-11 15:32:03',NULL),(1950,'no identificado',1,'2020-12-11 15:32:06',NULL),(1951,'no identificado',1,'2020-12-11 05:03:42',NULL),(1952,'no identificado',1,'2020-12-11 05:03:49',NULL),(1953,'no identificado',1,'2020-12-11 05:03:45',NULL),(1954,'no identificado',1,'2020-12-11 15:35:35',NULL),(1955,'no identificado',1,'2020-12-11 15:35:35',NULL),(1956,'no identificado',1,'2020-12-11 05:07:11',NULL),(1957,'no identificado',1,'2020-12-11 05:07:15',NULL),(1958,'no identificado',1,'2020-12-11 15:35:53',NULL),(1959,'no identificado',1,'2020-12-11 15:36:08',NULL),(1960,'no identificado',7,'2020-12-11 16:04:00',NULL),(1961,'no identificado',7,'2020-12-11 16:04:12',NULL),(1962,'no identificado',7,'2020-12-11 16:04:19',NULL),(1963,'no identificado',7,'2020-12-11 16:04:25',NULL),(1964,'no identificado',7,'2020-12-11 16:04:27',NULL),(1965,'no identificado',7,'2020-12-11 16:04:33',NULL),(1966,'no identificado',7,'2020-12-11 16:04:34',NULL),(1967,'no identificado',7,'2020-12-11 16:04:35',NULL),(1968,'no identificado',7,'2020-12-11 16:04:36',NULL),(1969,'no identificado',7,'2020-12-11 16:04:37',NULL),(1970,'no identificado',7,'2020-12-11 16:04:41',NULL),(1971,'no identificado',7,'2020-12-11 16:09:09',NULL),(1972,'no identificado',7,'2020-12-11 16:10:57',NULL),(1973,'no identificado',7,'2020-12-11 16:11:12',NULL),(1974,'no identificado',7,'2020-12-11 16:12:00',NULL),(1975,'no identificado',7,'2020-12-11 16:12:32',NULL),(1976,'no identificado',7,'2020-12-11 16:13:07',NULL),(1977,'no identificado',7,'2020-12-11 16:26:03',NULL),(1978,'no identificado',7,'2020-12-11 16:28:02',NULL),(1979,'no identificado',7,'2020-12-12 00:26:06',NULL),(1980,'no identificado',7,'2020-12-12 00:26:13',NULL),(1981,'no identificado',7,'2020-12-12 00:26:32',NULL),(1982,'no identificado',7,'2020-12-12 00:37:33',NULL),(1983,'no identificado',7,'2020-12-12 00:37:36',NULL),(1984,'no identificado',7,'2020-12-12 00:37:45',NULL),(1985,'no identificado',7,'2020-12-12 00:37:50',NULL),(1986,'no identificado',7,'2020-12-12 00:38:38',NULL),(1987,'no identificado',7,'2020-12-11 05:26:42',NULL),(1988,'no identificado',7,'2020-12-11 05:26:48',NULL),(1989,'no identificado',7,'2020-12-11 05:26:56',NULL),(1990,'no identificado',7,'2020-12-12 00:38:56',NULL),(1991,'no identificado',7,'2020-12-12 00:39:01',NULL),(1992,'no identificado',7,'2020-12-12 00:39:07',NULL),(1993,'no identificado',7,'2020-12-12 00:39:16',NULL),(1994,'no identificado',7,'2020-12-12 00:51:50',NULL),(1995,'no identificado',7,'2020-12-12 00:51:53',NULL),(1996,'no identificado',7,'2020-12-12 00:51:55',NULL),(1997,'no identificado',7,'2020-12-12 00:55:00',NULL),(1998,'$2y$13$nRcED8CpgGZLJhD25.tTrObVzRvXkq3jTkhR.vRInYg7Lo2dSbJ7u',7,'2020-12-12 00:55:39',NULL),(1999,'no identificado',7,'2020-12-12 00:56:41',NULL),(2000,'no identificado',7,'2020-12-12 00:57:01',NULL),(2001,'no identificado',7,'2020-12-12 00:57:09',NULL),(2002,'no identificado',7,'2020-12-12 02:48:32',NULL),(2003,'no identificado',7,'2020-12-12 02:48:45',NULL),(2004,'no identificado',7,'2020-12-12 02:48:58',NULL),(2005,'no identificado',7,'2020-12-12 02:52:13',NULL),(2006,'no identificado',7,'2020-12-12 02:52:15',NULL),(2007,'no identificado',7,'2020-12-12 02:52:18',NULL),(2008,'no identificado',7,'2020-12-12 02:52:20',NULL),(2009,'no identificado',7,'2020-12-12 02:52:24',NULL),(2010,'no identificado',7,'2020-12-12 03:05:31',NULL),(2011,'no identificado',7,'2020-12-12 03:08:00',NULL),(2012,'no identificado',7,'2020-12-12 03:08:03',NULL),(2013,'no identificado',7,'2020-12-12 03:08:20',NULL),(2014,'no identificado',7,'2020-12-12 03:08:23',NULL),(2015,'no identificado',7,'2020-12-12 03:08:31',NULL),(2016,'no identificado',7,'2020-12-12 03:08:33',NULL),(2017,'no identificado',7,'2020-12-12 03:08:35',NULL),(2018,'no identificado',7,'2020-12-12 03:08:38',NULL),(2019,'no identificado',7,'2020-12-12 03:08:48',NULL),(2020,'no identificado',7,'2020-12-12 03:09:08',NULL),(2021,'no identificado',7,'2020-12-12 03:17:10',NULL),(2022,'no identificado',7,'2020-12-12 03:17:18',NULL),(2023,'no identificado',7,'2020-12-12 03:17:25',NULL),(2024,'no identificado',7,'2020-12-12 03:17:38',NULL),(2025,'no identificado',7,'2020-12-12 04:10:56',NULL),(2026,'no identificado',7,'2020-12-12 21:28:24',NULL),(2027,'$2y$13$CeqAXNkAxgyEufT4KFQR/.8iQguqOaCPjT5OGLe8L2nhxTwhk6sLm',2,'2020-12-12 23:34:47',NULL),(2028,'no identificado',7,'2020-12-13 19:17:29',NULL),(2029,'no identificado',7,'2020-12-13 19:17:37',NULL);
/*!40000 ALTER TABLE `visita` ENABLE KEYS */;
UNLOCK TABLES;

--
-- Temporary table structure for view `visitanegocio`
--

DROP TABLE IF EXISTS `visitanegocio`;
/*!50001 DROP VIEW IF EXISTS `visitanegocio`*/;
SET @saved_cs_client     = @@character_set_client;
SET character_set_client = utf8;
/*!50001 CREATE TABLE `visitanegocio` (
  `idvisita` tinyint NOT NULL,
  `idnegocio` tinyint NOT NULL,
  `fecha` tinyint NOT NULL,
  `hora` tinyint NOT NULL,
  `concurrencia` tinyint NOT NULL
) ENGINE=MyISAM */;
SET character_set_client = @saved_cs_client;

--
-- Temporary table structure for view `visitas`
--

DROP TABLE IF EXISTS `visitas`;
/*!50001 DROP VIEW IF EXISTS `visitas`*/;
SET @saved_cs_client     = @@character_set_client;
SET character_set_client = utf8;
/*!50001 CREATE TABLE `visitas` (
  `idvisita` tinyint NOT NULL,
  `codigoindividuo` tinyint NOT NULL,
  `idnegocio` tinyint NOT NULL,
  `nombre` tinyint NOT NULL,
  `fechavisita` tinyint NOT NULL,
  `tipobiometrico` tinyint NOT NULL,
  `temperatura` tinyint NOT NULL
) ENGINE=MyISAM */;
SET character_set_client = @saved_cs_client;

--
-- Current Database: `SCAE`
--


--
-- Final view structure for view `visitanegocio`
--

/*!50001 DROP TABLE IF EXISTS `visitanegocio`*/;
/*!50001 DROP VIEW IF EXISTS `visitanegocio`*/;
/*!50001 SET @saved_cs_client          = @@character_set_client */;
/*!50001 SET @saved_cs_results         = @@character_set_results */;
/*!50001 SET @saved_col_connection     = @@collation_connection */;
/*!50001 SET character_set_client      = utf8mb4 */;
/*!50001 SET character_set_results     = utf8mb4 */;
/*!50001 SET collation_connection      = utf8mb4_general_ci */;
/*!50001 CREATE ALGORITHM=UNDEFINED */
/*DEFINER=`covid2020`@`%` SQL SECURITY DEFINER */
/*!50001 VIEW `visitanegocio` AS select 0 AS `idvisita`,0 AS `idnegocio`,'' AS `fecha`,'' AS `hora`,'' AS `concurrencia` */;
/*!50001 SET character_set_client      = @saved_cs_client */;
/*!50001 SET character_set_results     = @saved_cs_results */;
/*!50001 SET collation_connection      = @saved_col_connection */;

--
-- Final view structure for view `visitas`
--

/*!50001 DROP TABLE IF EXISTS `visitas`*/;
/*!50001 DROP VIEW IF EXISTS `visitas`*/;
/*!50001 SET @saved_cs_client          = @@character_set_client */;
/*!50001 SET @saved_cs_results         = @@character_set_results */;
/*!50001 SET @saved_col_connection     = @@collation_connection */;
/*!50001 SET character_set_client      = utf8mb4 */;
/*!50001 SET character_set_results     = utf8mb4 */;
/*!50001 SET collation_connection      = utf8mb4_general_ci */;
/*!50001 CREATE ALGORITHM=UNDEFINED */
/*DEFINER=`covid2020`@`%` SQL SECURITY DEFINER */
/*!50001 VIEW `visitas` AS select `visita`.`idvisita` AS `idvisita`,`visita`.`codigoindividuo` AS `codigoindividuo`,`negocio`.`idnegocio` AS `idnegocio`,`negocio`.`nombre` AS `nombre`,`visita`.`fechavisita` AS `fechavisita`,`biometrico`.`tipo` AS `tipobiometrico`,`biometrico`.`valor` AS `temperatura` from ((`visita` join `negocio` on((`visita`.`idnegocio` = `negocio`.`idnegocio`))) join `biometrico` on((`visita`.`idvisita` = `biometrico`.`idvisita`))) */;
/*!50001 SET character_set_client      = @saved_cs_client */;
/*!50001 SET character_set_results     = @saved_cs_results */;
/*!50001 SET collation_connection      = @saved_col_connection */;
/*!40103 SET TIME_ZONE=@OLD_TIME_ZONE */;

/*!40101 SET SQL_MODE=@OLD_SQL_MODE */;
/*!40014 SET FOREIGN_KEY_CHECKS=@OLD_FOREIGN_KEY_CHECKS */;
/*!40014 SET UNIQUE_CHECKS=@OLD_UNIQUE_CHECKS */;
/*!40101 SET CHARACTER_SET_CLIENT=@OLD_CHARACTER_SET_CLIENT */;
/*!40101 SET CHARACTER_SET_RESULTS=@OLD_CHARACTER_SET_RESULTS */;
/*!40101 SET COLLATION_CONNECTION=@OLD_COLLATION_CONNECTION */;
/*!40111 SET SQL_NOTES=@OLD_SQL_NOTES */;

-- Dump completed on 2020-12-14  9:11:20

